-- MySQL dump 10.13  Distrib 5.6.24, for Win64 (x86_64)
--
-- Host: localhost    Database: zkeacms_core
-- ------------------------------------------------------
-- Server version	5.6.26-log

/*!40101 SET @OLD_CHARACTER_SET_CLIENT=@@CHARACTER_SET_CLIENT */;
/*!40101 SET @OLD_CHARACTER_SET_RESULTS=@@CHARACTER_SET_RESULTS */;
/*!40101 SET @OLD_COLLATION_CONNECTION=@@COLLATION_CONNECTION */;
/*!40101 SET NAMES utf8 */;
/*!40103 SET @OLD_TIME_ZONE=@@TIME_ZONE */;
/*!40103 SET TIME_ZONE='+00:00' */;
/*!40014 SET @OLD_UNIQUE_CHECKS=@@UNIQUE_CHECKS, UNIQUE_CHECKS=0 */;
/*!40014 SET @OLD_FOREIGN_KEY_CHECKS=@@FOREIGN_KEY_CHECKS, FOREIGN_KEY_CHECKS=0 */;
/*!40101 SET @OLD_SQL_MODE=@@SQL_MODE, SQL_MODE='NO_AUTO_VALUE_ON_ZERO' */;
/*!40111 SET @OLD_SQL_NOTES=@@SQL_NOTES, SQL_NOTES=0 */;

--
-- Table structure for table `applicationsetting`
--

DROP TABLE IF EXISTS `applicationsetting`;
/*!40101 SET @saved_cs_client     = @@character_set_client */;
/*!40101 SET character_set_client = utf8 */;
CREATE TABLE `applicationsetting` (
  `SettingKey` varchar(50) NOT NULL,
  `Value` longtext,
  `Title` varchar(50) DEFAULT NULL,
  `Description` varchar(500) DEFAULT NULL,
  `Status` int(11) DEFAULT NULL,
  `CreateBy` varchar(50) DEFAULT NULL,
  `CreatebyName` varchar(100) DEFAULT NULL,
  `CreateDate` datetime(6) DEFAULT NULL,
  `LastUpdateBy` varchar(50) DEFAULT NULL,
  `LastUpdateByName` varchar(100) DEFAULT NULL,
  `LastUpdateDate` datetime(6) DEFAULT NULL,
  PRIMARY KEY (`SettingKey`)
) ENGINE=InnoDB DEFAULT CHARSET=utf8;
/*!40101 SET character_set_client = @saved_cs_client */;

--
-- Dumping data for table `applicationsetting`
--

LOCK TABLES `applicationsetting` WRITE;
/*!40000 ALTER TABLE `applicationsetting` DISABLE KEYS */;
INSERT INTO `applicationsetting` VALUES ('Favicon','~/favicon.ico',NULL,NULL,NULL,'admin','ZKEASOFT','2017-03-19 20:57:33.627000','admin','ZKEASOFT','2017-03-19 20:57:33.627000'),('SMTP-Email','',NULL,'用于发送邮件的邮箱',1,NULL,NULL,NULL,NULL,NULL,NULL),('SMTP-Host','',NULL,'邮件服务地址，如 smtp.qq.com',1,NULL,NULL,NULL,NULL,NULL,NULL),('SMTP-PassWord','',NULL,'用于发送邮件的邮箱密码',1,NULL,NULL,NULL,NULL,NULL,NULL),('SMTP-Port','25',NULL,'邮件服务器端口号',1,NULL,NULL,NULL,NULL,NULL,NULL),('SMTP-UseSSL','false',NULL,'是否启用SSL',1,NULL,NULL,NULL,NULL,NULL,NULL);
/*!40000 ALTER TABLE `applicationsetting` ENABLE KEYS */;
UNLOCK TABLES;

--
-- Table structure for table `article`
--

DROP TABLE IF EXISTS `article`;
/*!40101 SET @saved_cs_client     = @@character_set_client */;
/*!40101 SET character_set_client = utf8 */;
CREATE TABLE `article` (
  `ID` int(11) NOT NULL AUTO_INCREMENT,
  `Title` varchar(255) DEFAULT NULL,
  `Summary` varchar(255) DEFAULT NULL,
  `MetaKeyWords` varchar(255) DEFAULT NULL,
  `MetaDescription` varchar(255) DEFAULT NULL,
  `Counter` int(11) DEFAULT NULL,
  `ArticleTypeID` int(11) DEFAULT NULL,
  `Description` varchar(255) DEFAULT NULL,
  `ArticleContent` longtext,
  `Status` int(11) DEFAULT NULL,
  `ImageThumbUrl` varchar(255) DEFAULT NULL,
  `ImageUrl` varchar(255) DEFAULT NULL,
  `IsPublish` tinyint(1) NOT NULL,
  `PublishDate` datetime(6) DEFAULT NULL,
  `CreateBy` varchar(50) DEFAULT NULL,
  `CreatebyName` varchar(100) DEFAULT NULL,
  `CreateDate` datetime(6) DEFAULT NULL,
  `LastUpdateBy` varchar(50) DEFAULT NULL,
  `LastUpdateByName` varchar(100) DEFAULT NULL,
  `LastUpdateDate` datetime(6) DEFAULT NULL,
  PRIMARY KEY (`ID`),
  KEY `Article_IDX_IsPublish_Type` (`IsPublish`,`ArticleTypeID`),
  KEY `Article_IDX_LastUpdateDate` (`LastUpdateDate`),
  KEY `Article_IDX_PublishDate` (`PublishDate`),
  KEY `FK_Article_ArticleCategory` (`ArticleTypeID`),
  CONSTRAINT `FK_Article_ArticleCategory` FOREIGN KEY (`ArticleTypeID`) REFERENCES `articletype` (`ID`) ON DELETE NO ACTION ON UPDATE NO ACTION
) ENGINE=InnoDB AUTO_INCREMENT=272 DEFAULT CHARSET=utf8;
/*!40101 SET character_set_client = @saved_cs_client */;

--
-- Dumping data for table `article`
--

LOCK TABLES `article` WRITE;
/*!40000 ALTER TABLE `article` DISABLE KEYS */;
INSERT INTO `article` VALUES (1,'ZKEASOFT','ZKEASOFT 提供优质的软件服务，现已完成上线的产品有EasyFrameWork开发框架，ZkeaCMS内容管理系统，我们坚持开源，开放原则，把软件服务做得更好。',NULL,NULL,NULL,1,NULL,'<div class=\"jumbotron\">\r\n<h1>关于ZKEASOFT</h1>\r\n<h3>ZKEASOFT&nbsp;提供优质的软件服务，我们坚持开源，开放原则，把软件服务做得更好。</h3>\r\n<h4>已开源作品：</h4>\r\n<ul>\r\n<li><a href=\"/easyframework\" target=\"_blank\">EasyFrameWork开发框架</a></li>\r\n<li><a href=\"/zkeacms\" target=\"_blank\">ZKEACMS内容管理系统</a></li>\r\n<li><a href=\"https://github.com/SeriaWei/BingWallpaper\" target=\"_blank\">下载必应（Bing）每天壁纸</a></li>\r\n<li><a href=\"http://code.taobao.org/p/UploadToTietuku/src/\" target=\"_blank\">贴图库Chrome插件</a></li>\r\n</ul>\r\n</div>\r\n<p><em>更多作品将陆续开源，敬请期待，也欢迎广大开发者加入我们，用微信扫描下面二维码关注我们。</em></p>\r\n<p><img src=\"http://www.zkea.net/Upload/Images/20160318/263801921375bdf2.jpg\" alt=\"\" width=\"258\" height=\"258\" /></p>',1,'~/images/05.jpg',NULL,1,'2016-03-25 10:39:07.213000','admin','ZKEASOFT','2016-03-10 21:05:32.213000','admin','ZKEASOFT','2016-03-25 10:39:07.213000'),(17,'ZKEASOFT','ZKEASOFT 提供优质的软件服务，现已完成上线的产品有EasyFrameWork开发框架，ZkeaCMS内容管理系统，我们坚持开源，开放原则，把软件服务做得更好。',NULL,NULL,NULL,1,NULL,'<div class=\"jumbotron\">\r\n<h1>关于ZKEASOFT</h1>\r\n<h3>ZKEASOFT&nbsp;提供优质的软件服务，我们坚持开源，开放原则，把软件服务做得更好。</h3>\r\n<h4>已开源作品：</h4>\r\n<ul>\r\n<li><a href=\"/easyframework\" target=\"_blank\">EasyFrameWork开发框架</a></li>\r\n<li><a href=\"/zkeacms\" target=\"_blank\">ZKEACMS内容管理系统</a></li>\r\n<li><a href=\"https://github.com/SeriaWei/BingWallpaper\" target=\"_blank\">下载必应（Bing）每天壁纸</a></li>\r\n<li><a href=\"http://code.taobao.org/p/UploadToTietuku/src/\" target=\"_blank\">贴图库Chrome插件</a></li>\r\n</ul>\r\n</div>\r\n<p><em>更多作品将陆续开源，敬请期待，也欢迎广大开发者加入我们，用微信扫描下面二维码关注我们。</em></p>\r\n<p><img src=\"http://www.zkea.net/Upload/Images/20160318/263801921375bdf2.jpg\" alt=\"\" width=\"258\" height=\"258\" /></p>',1,'~/images/05.jpg',NULL,1,'2016-03-27 21:20:56.590000','admin','ZKEASOFT','2016-03-10 21:05:32.213000','admin','ZKEASOFT','2016-03-27 21:20:56.590000'),(18,'ZKEASOFT','ZKEASOFT 提供优质的软件服务，现已完成上线的产品有EasyFrameWork开发框架，ZkeaCMS内容管理系统，我们坚持开源，开放原则，把软件服务做得更好。',NULL,NULL,NULL,1,NULL,'<div class=\"jumbotron\">\r\n<h1>关于ZKEASOFT</h1>\r\n<h3>ZKEASOFT&nbsp;提供优质的软件服务，我们坚持开源，开放原则，把软件服务做得更好。</h3>\r\n<h4>已开源作品：</h4>\r\n<ul>\r\n<li><a href=\"/easyframework\" target=\"_blank\">EasyFrameWork开发框架</a></li>\r\n<li><a href=\"/zkeacms\" target=\"_blank\">ZKEACMS内容管理系统</a></li>\r\n<li><a href=\"https://github.com/SeriaWei/BingWallpaper\" target=\"_blank\">下载必应（Bing）每天壁纸</a></li>\r\n<li><a href=\"http://code.taobao.org/p/UploadToTietuku/src/\" target=\"_blank\">贴图库Chrome插件</a></li>\r\n</ul>\r\n</div>\r\n<p><em>更多作品将陆续开源，敬请期待，也欢迎广大开发者加入我们，用微信扫描下面二维码关注我们。</em></p>\r\n<p><img src=\"http://www.zkea.net/Upload/Images/20160318/263801921375bdf2.jpg\" alt=\"\" width=\"258\" height=\"258\" /></p>',1,'~/images/05.jpg',NULL,1,'2016-03-28 21:20:56.590000','admin','ZKEASOFT','2016-03-10 21:05:32.213000','admin','ZKEASOFT','2016-03-28 21:20:56.590000'),(19,'ZKEASOFT','ZKEASOFT 提供优质的软件服务，现已完成上线的产品有EasyFrameWork开发框架，ZkeaCMS内容管理系统，我们坚持开源，开放原则，把软件服务做得更好。',NULL,NULL,NULL,1,NULL,'<div class=\"jumbotron\">\r\n<h1>关于ZKEASOFT</h1>\r\n<h3>ZKEASOFT&nbsp;提供优质的软件服务，我们坚持开源，开放原则，把软件服务做得更好。</h3>\r\n<h4>已开源作品：</h4>\r\n<ul>\r\n<li><a href=\"/easyframework\" target=\"_blank\">EasyFrameWork开发框架</a></li>\r\n<li><a href=\"/zkeacms\" target=\"_blank\">ZKEACMS内容管理系统</a></li>\r\n<li><a href=\"https://github.com/SeriaWei/BingWallpaper\" target=\"_blank\">下载必应（Bing）每天壁纸</a></li>\r\n<li><a href=\"http://code.taobao.org/p/UploadToTietuku/src/\" target=\"_blank\">贴图库Chrome插件</a></li>\r\n</ul>\r\n</div>\r\n<p><em>更多作品将陆续开源，敬请期待，也欢迎广大开发者加入我们，用微信扫描下面二维码关注我们。</em></p>\r\n<p><img src=\"http://www.zkea.net/Upload/Images/20160318/263801921375bdf2.jpg\" alt=\"\" width=\"258\" height=\"258\" /></p>',1,'~/images/05.jpg',NULL,1,'2016-03-29 21:20:56.590000','admin','ZKEASOFT','2016-03-10 21:05:32.213000','admin','ZKEASOFT','2016-03-29 21:20:56.590000'),(20,'ZKEASOFT','ZKEASOFT 提供优质的软件服务，现已完成上线的产品有EasyFrameWork开发框架，ZkeaCMS内容管理系统，我们坚持开源，开放原则，把软件服务做得更好。',NULL,NULL,NULL,1,NULL,'<div class=\"jumbotron\">\r\n<h1>关于ZKEASOFT</h1>\r\n<h3>ZKEASOFT&nbsp;提供优质的软件服务，我们坚持开源，开放原则，把软件服务做得更好。</h3>\r\n<h4>已开源作品：</h4>\r\n<ul>\r\n<li><a href=\"/easyframework\" target=\"_blank\">EasyFrameWork开发框架</a></li>\r\n<li><a href=\"/zkeacms\" target=\"_blank\">ZKEACMS内容管理系统</a></li>\r\n<li><a href=\"https://github.com/SeriaWei/BingWallpaper\" target=\"_blank\">下载必应（Bing）每天壁纸</a></li>\r\n<li><a href=\"http://code.taobao.org/p/UploadToTietuku/src/\" target=\"_blank\">贴图库Chrome插件</a></li>\r\n</ul>\r\n</div>\r\n<p><em>更多作品将陆续开源，敬请期待，也欢迎广大开发者加入我们，用微信扫描下面二维码关注我们。</em></p>\r\n<p><img src=\"http://www.zkea.net/Upload/Images/20160318/263801921375bdf2.jpg\" alt=\"\" width=\"258\" height=\"258\" /></p>',1,'~/images/05.jpg',NULL,1,'2016-03-30 21:20:56.590000','admin','ZKEASOFT','2016-03-10 21:05:32.213000','admin','ZKEASOFT','2016-03-30 21:20:56.590000'),(21,'ZKEASOFT','ZKEASOFT 提供优质的软件服务，现已完成上线的产品有EasyFrameWork开发框架，ZkeaCMS内容管理系统，我们坚持开源，开放原则，把软件服务做得更好。',NULL,NULL,NULL,1,NULL,'<div class=\"jumbotron\">\r\n<h1>关于ZKEASOFT</h1>\r\n<h3>ZKEASOFT&nbsp;提供优质的软件服务，我们坚持开源，开放原则，把软件服务做得更好。</h3>\r\n<h4>已开源作品：</h4>\r\n<ul>\r\n<li><a href=\"/easyframework\" target=\"_blank\">EasyFrameWork开发框架</a></li>\r\n<li><a href=\"/zkeacms\" target=\"_blank\">ZKEACMS内容管理系统</a></li>\r\n<li><a href=\"https://github.com/SeriaWei/BingWallpaper\" target=\"_blank\">下载必应（Bing）每天壁纸</a></li>\r\n<li><a href=\"http://code.taobao.org/p/UploadToTietuku/src/\" target=\"_blank\">贴图库Chrome插件</a></li>\r\n</ul>\r\n</div>\r\n<p><em>更多作品将陆续开源，敬请期待，也欢迎广大开发者加入我们，用微信扫描下面二维码关注我们。</em></p>\r\n<p><img src=\"http://www.zkea.net/Upload/Images/20160318/263801921375bdf2.jpg\" alt=\"\" width=\"258\" height=\"258\" /></p>',1,'~/images/05.jpg',NULL,1,'2016-03-31 21:20:56.590000','admin','ZKEASOFT','2016-03-10 21:05:32.213000','admin','ZKEASOFT','2016-03-31 21:20:56.590000'),(22,'ZKEASOFT','ZKEASOFT 提供优质的软件服务，现已完成上线的产品有EasyFrameWork开发框架，ZkeaCMS内容管理系统，我们坚持开源，开放原则，把软件服务做得更好。',NULL,NULL,NULL,1,NULL,'<div class=\"jumbotron\">\r\n<h1>关于ZKEASOFT</h1>\r\n<h3>ZKEASOFT&nbsp;提供优质的软件服务，我们坚持开源，开放原则，把软件服务做得更好。</h3>\r\n<h4>已开源作品：</h4>\r\n<ul>\r\n<li><a href=\"/easyframework\" target=\"_blank\">EasyFrameWork开发框架</a></li>\r\n<li><a href=\"/zkeacms\" target=\"_blank\">ZKEACMS内容管理系统</a></li>\r\n<li><a href=\"https://github.com/SeriaWei/BingWallpaper\" target=\"_blank\">下载必应（Bing）每天壁纸</a></li>\r\n<li><a href=\"http://code.taobao.org/p/UploadToTietuku/src/\" target=\"_blank\">贴图库Chrome插件</a></li>\r\n</ul>\r\n</div>\r\n<p><em>更多作品将陆续开源，敬请期待，也欢迎广大开发者加入我们，用微信扫描下面二维码关注我们。</em></p>\r\n<p><img src=\"http://www.zkea.net/Upload/Images/20160318/263801921375bdf2.jpg\" alt=\"\" width=\"258\" height=\"258\" /></p>',1,'~/images/05.jpg',NULL,1,'2016-04-01 21:20:56.590000','admin','ZKEASOFT','2016-03-10 21:05:32.213000','admin','ZKEASOFT','2016-04-01 21:20:56.590000'),(23,'ZKEASOFT','ZKEASOFT 提供优质的软件服务，现已完成上线的产品有EasyFrameWork开发框架，ZkeaCMS内容管理系统，我们坚持开源，开放原则，把软件服务做得更好。',NULL,NULL,NULL,1,NULL,'<div class=\"jumbotron\">\r\n<h1>关于ZKEASOFT</h1>\r\n<h3>ZKEASOFT&nbsp;提供优质的软件服务，我们坚持开源，开放原则，把软件服务做得更好。</h3>\r\n<h4>已开源作品：</h4>\r\n<ul>\r\n<li><a href=\"/easyframework\" target=\"_blank\">EasyFrameWork开发框架</a></li>\r\n<li><a href=\"/zkeacms\" target=\"_blank\">ZKEACMS内容管理系统</a></li>\r\n<li><a href=\"https://github.com/SeriaWei/BingWallpaper\" target=\"_blank\">下载必应（Bing）每天壁纸</a></li>\r\n<li><a href=\"http://code.taobao.org/p/UploadToTietuku/src/\" target=\"_blank\">贴图库Chrome插件</a></li>\r\n</ul>\r\n</div>\r\n<p><em>更多作品将陆续开源，敬请期待，也欢迎广大开发者加入我们，用微信扫描下面二维码关注我们。</em></p>\r\n<p><img src=\"http://www.zkea.net/Upload/Images/20160318/263801921375bdf2.jpg\" alt=\"\" width=\"258\" height=\"258\" /></p>',1,'~/images/05.jpg',NULL,1,'2016-04-02 21:20:56.590000','admin','ZKEASOFT','2016-03-10 21:05:32.213000','admin','ZKEASOFT','2016-04-02 21:20:56.590000'),(24,'ZKEASOFT','ZKEASOFT 提供优质的软件服务，现已完成上线的产品有EasyFrameWork开发框架，ZkeaCMS内容管理系统，我们坚持开源，开放原则，把软件服务做得更好。',NULL,NULL,NULL,1,NULL,'<div class=\"jumbotron\">\r\n<h1>关于ZKEASOFT</h1>\r\n<h3>ZKEASOFT&nbsp;提供优质的软件服务，我们坚持开源，开放原则，把软件服务做得更好。</h3>\r\n<h4>已开源作品：</h4>\r\n<ul>\r\n<li><a href=\"/easyframework\" target=\"_blank\">EasyFrameWork开发框架</a></li>\r\n<li><a href=\"/zkeacms\" target=\"_blank\">ZKEACMS内容管理系统</a></li>\r\n<li><a href=\"https://github.com/SeriaWei/BingWallpaper\" target=\"_blank\">下载必应（Bing）每天壁纸</a></li>\r\n<li><a href=\"http://code.taobao.org/p/UploadToTietuku/src/\" target=\"_blank\">贴图库Chrome插件</a></li>\r\n</ul>\r\n</div>\r\n<p><em>更多作品将陆续开源，敬请期待，也欢迎广大开发者加入我们，用微信扫描下面二维码关注我们。</em></p>\r\n<p><img src=\"http://www.zkea.net/Upload/Images/20160318/263801921375bdf2.jpg\" alt=\"\" width=\"258\" height=\"258\" /></p>',1,'~/images/05.jpg',NULL,1,'2016-04-03 21:20:56.590000','admin','ZKEASOFT','2016-03-10 21:05:32.213000','admin','ZKEASOFT','2016-04-03 21:20:56.590000'),(25,'ZKEASOFT','ZKEASOFT 提供优质的软件服务，现已完成上线的产品有EasyFrameWork开发框架，ZkeaCMS内容管理系统，我们坚持开源，开放原则，把软件服务做得更好。',NULL,NULL,NULL,1,NULL,'<div class=\"jumbotron\">\r\n<h1>关于ZKEASOFT</h1>\r\n<h3>ZKEASOFT&nbsp;提供优质的软件服务，我们坚持开源，开放原则，把软件服务做得更好。</h3>\r\n<h4>已开源作品：</h4>\r\n<ul>\r\n<li><a href=\"/easyframework\" target=\"_blank\">EasyFrameWork开发框架</a></li>\r\n<li><a href=\"/zkeacms\" target=\"_blank\">ZKEACMS内容管理系统</a></li>\r\n<li><a href=\"https://github.com/SeriaWei/BingWallpaper\" target=\"_blank\">下载必应（Bing）每天壁纸</a></li>\r\n<li><a href=\"http://code.taobao.org/p/UploadToTietuku/src/\" target=\"_blank\">贴图库Chrome插件</a></li>\r\n</ul>\r\n</div>\r\n<p><em>更多作品将陆续开源，敬请期待，也欢迎广大开发者加入我们，用微信扫描下面二维码关注我们。</em></p>\r\n<p><img src=\"http://www.zkea.net/Upload/Images/20160318/263801921375bdf2.jpg\" alt=\"\" width=\"258\" height=\"258\" /></p>',1,'~/images/05.jpg',NULL,1,'2016-04-04 21:20:56.590000','admin','ZKEASOFT','2016-03-10 21:05:32.213000','admin','ZKEASOFT','2016-04-04 21:20:56.590000'),(26,'ZKEASOFT','ZKEASOFT 提供优质的软件服务，现已完成上线的产品有EasyFrameWork开发框架，ZkeaCMS内容管理系统，我们坚持开源，开放原则，把软件服务做得更好。',NULL,NULL,NULL,1,NULL,'<div class=\"jumbotron\">\r\n<h1>关于ZKEASOFT</h1>\r\n<h3>ZKEASOFT&nbsp;提供优质的软件服务，我们坚持开源，开放原则，把软件服务做得更好。</h3>\r\n<h4>已开源作品：</h4>\r\n<ul>\r\n<li><a href=\"/easyframework\" target=\"_blank\">EasyFrameWork开发框架</a></li>\r\n<li><a href=\"/zkeacms\" target=\"_blank\">ZKEACMS内容管理系统</a></li>\r\n<li><a href=\"https://github.com/SeriaWei/BingWallpaper\" target=\"_blank\">下载必应（Bing）每天壁纸</a></li>\r\n<li><a href=\"http://code.taobao.org/p/UploadToTietuku/src/\" target=\"_blank\">贴图库Chrome插件</a></li>\r\n</ul>\r\n</div>\r\n<p><em>更多作品将陆续开源，敬请期待，也欢迎广大开发者加入我们，用微信扫描下面二维码关注我们。</em></p>\r\n<p><img src=\"http://www.zkea.net/Upload/Images/20160318/263801921375bdf2.jpg\" alt=\"\" width=\"258\" height=\"258\" /></p>',1,'~/images/05.jpg',NULL,1,'2016-04-05 21:20:56.590000','admin','ZKEASOFT','2016-03-10 21:05:32.213000','admin','ZKEASOFT','2016-04-05 21:20:56.590000'),(27,'ZKEASOFT','ZKEASOFT 提供优质的软件服务，现已完成上线的产品有EasyFrameWork开发框架，ZkeaCMS内容管理系统，我们坚持开源，开放原则，把软件服务做得更好。',NULL,NULL,NULL,1,NULL,'<div class=\"jumbotron\">\r\n<h1>关于ZKEASOFT</h1>\r\n<h3>ZKEASOFT&nbsp;提供优质的软件服务，我们坚持开源，开放原则，把软件服务做得更好。</h3>\r\n<h4>已开源作品：</h4>\r\n<ul>\r\n<li><a href=\"/easyframework\" target=\"_blank\">EasyFrameWork开发框架</a></li>\r\n<li><a href=\"/zkeacms\" target=\"_blank\">ZKEACMS内容管理系统</a></li>\r\n<li><a href=\"https://github.com/SeriaWei/BingWallpaper\" target=\"_blank\">下载必应（Bing）每天壁纸</a></li>\r\n<li><a href=\"http://code.taobao.org/p/UploadToTietuku/src/\" target=\"_blank\">贴图库Chrome插件</a></li>\r\n</ul>\r\n</div>\r\n<p><em>更多作品将陆续开源，敬请期待，也欢迎广大开发者加入我们，用微信扫描下面二维码关注我们。</em></p>\r\n<p><img src=\"http://www.zkea.net/Upload/Images/20160318/263801921375bdf2.jpg\" alt=\"\" width=\"258\" height=\"258\" /></p>',1,'~/images/05.jpg',NULL,1,'2016-04-06 21:20:56.590000','admin','ZKEASOFT','2016-03-10 21:05:32.213000','admin','ZKEASOFT','2016-04-06 21:20:56.590000'),(28,'ZKEASOFT','ZKEASOFT 提供优质的软件服务，现已完成上线的产品有EasyFrameWork开发框架，ZkeaCMS内容管理系统，我们坚持开源，开放原则，把软件服务做得更好。',NULL,NULL,NULL,1,NULL,'<div class=\"jumbotron\">\r\n<h1>关于ZKEASOFT</h1>\r\n<h3>ZKEASOFT&nbsp;提供优质的软件服务，我们坚持开源，开放原则，把软件服务做得更好。</h3>\r\n<h4>已开源作品：</h4>\r\n<ul>\r\n<li><a href=\"/easyframework\" target=\"_blank\">EasyFrameWork开发框架</a></li>\r\n<li><a href=\"/zkeacms\" target=\"_blank\">ZKEACMS内容管理系统</a></li>\r\n<li><a href=\"https://github.com/SeriaWei/BingWallpaper\" target=\"_blank\">下载必应（Bing）每天壁纸</a></li>\r\n<li><a href=\"http://code.taobao.org/p/UploadToTietuku/src/\" target=\"_blank\">贴图库Chrome插件</a></li>\r\n</ul>\r\n</div>\r\n<p><em>更多作品将陆续开源，敬请期待，也欢迎广大开发者加入我们，用微信扫描下面二维码关注我们。</em></p>\r\n<p><img src=\"http://www.zkea.net/Upload/Images/20160318/263801921375bdf2.jpg\" alt=\"\" width=\"258\" height=\"258\" /></p>',1,'~/images/05.jpg',NULL,1,'2016-04-07 21:20:56.590000','admin','ZKEASOFT','2016-03-10 21:05:32.213000','admin','ZKEASOFT','2016-04-07 21:20:56.590000'),(29,'ZKEASOFT','ZKEASOFT 提供优质的软件服务，现已完成上线的产品有EasyFrameWork开发框架，ZkeaCMS内容管理系统，我们坚持开源，开放原则，把软件服务做得更好。',NULL,NULL,NULL,1,NULL,'<div class=\"jumbotron\">\r\n<h1>关于ZKEASOFT</h1>\r\n<h3>ZKEASOFT&nbsp;提供优质的软件服务，我们坚持开源，开放原则，把软件服务做得更好。</h3>\r\n<h4>已开源作品：</h4>\r\n<ul>\r\n<li><a href=\"/easyframework\" target=\"_blank\">EasyFrameWork开发框架</a></li>\r\n<li><a href=\"/zkeacms\" target=\"_blank\">ZKEACMS内容管理系统</a></li>\r\n<li><a href=\"https://github.com/SeriaWei/BingWallpaper\" target=\"_blank\">下载必应（Bing）每天壁纸</a></li>\r\n<li><a href=\"http://code.taobao.org/p/UploadToTietuku/src/\" target=\"_blank\">贴图库Chrome插件</a></li>\r\n</ul>\r\n</div>\r\n<p><em>更多作品将陆续开源，敬请期待，也欢迎广大开发者加入我们，用微信扫描下面二维码关注我们。</em></p>\r\n<p><img src=\"http://www.zkea.net/Upload/Images/20160318/263801921375bdf2.jpg\" alt=\"\" width=\"258\" height=\"258\" /></p>',1,'~/images/05.jpg',NULL,1,'2016-04-08 21:20:56.590000','admin','ZKEASOFT','2016-03-10 21:05:32.213000','admin','ZKEASOFT','2016-04-08 21:20:56.590000'),(30,'ZKEASOFT','ZKEASOFT 提供优质的软件服务，现已完成上线的产品有EasyFrameWork开发框架，ZkeaCMS内容管理系统，我们坚持开源，开放原则，把软件服务做得更好。',NULL,NULL,NULL,1,NULL,'<div class=\"jumbotron\">\r\n<h1>关于ZKEASOFT</h1>\r\n<h3>ZKEASOFT&nbsp;提供优质的软件服务，我们坚持开源，开放原则，把软件服务做得更好。</h3>\r\n<h4>已开源作品：</h4>\r\n<ul>\r\n<li><a href=\"/easyframework\" target=\"_blank\">EasyFrameWork开发框架</a></li>\r\n<li><a href=\"/zkeacms\" target=\"_blank\">ZKEACMS内容管理系统</a></li>\r\n<li><a href=\"https://github.com/SeriaWei/BingWallpaper\" target=\"_blank\">下载必应（Bing）每天壁纸</a></li>\r\n<li><a href=\"http://code.taobao.org/p/UploadToTietuku/src/\" target=\"_blank\">贴图库Chrome插件</a></li>\r\n</ul>\r\n</div>\r\n<p><em>更多作品将陆续开源，敬请期待，也欢迎广大开发者加入我们，用微信扫描下面二维码关注我们。</em></p>\r\n<p><img src=\"http://www.zkea.net/Upload/Images/20160318/263801921375bdf2.jpg\" alt=\"\" width=\"258\" height=\"258\" /></p>',1,'~/images/05.jpg',NULL,1,'2016-04-09 21:20:56.590000','admin','ZKEASOFT','2016-03-10 21:05:32.213000','admin','ZKEASOFT','2016-04-09 21:20:56.590000'),(31,'ZKEASOFT','ZKEASOFT 提供优质的软件服务，现已完成上线的产品有EasyFrameWork开发框架，ZkeaCMS内容管理系统，我们坚持开源，开放原则，把软件服务做得更好。',NULL,NULL,NULL,1,NULL,'<div class=\"jumbotron\">\r\n<h1>关于ZKEASOFT</h1>\r\n<h3>ZKEASOFT&nbsp;提供优质的软件服务，我们坚持开源，开放原则，把软件服务做得更好。</h3>\r\n<h4>已开源作品：</h4>\r\n<ul>\r\n<li><a href=\"/easyframework\" target=\"_blank\">EasyFrameWork开发框架</a></li>\r\n<li><a href=\"/zkeacms\" target=\"_blank\">ZKEACMS内容管理系统</a></li>\r\n<li><a href=\"https://github.com/SeriaWei/BingWallpaper\" target=\"_blank\">下载必应（Bing）每天壁纸</a></li>\r\n<li><a href=\"http://code.taobao.org/p/UploadToTietuku/src/\" target=\"_blank\">贴图库Chrome插件</a></li>\r\n</ul>\r\n</div>\r\n<p><em>更多作品将陆续开源，敬请期待，也欢迎广大开发者加入我们，用微信扫描下面二维码关注我们。</em></p>\r\n<p><img src=\"http://www.zkea.net/Upload/Images/20160318/263801921375bdf2.jpg\" alt=\"\" width=\"258\" height=\"258\" /></p>',1,'~/images/05.jpg',NULL,1,'2016-04-10 21:20:56.590000','admin','ZKEASOFT','2016-03-10 21:05:32.213000','admin','ZKEASOFT','2016-04-10 21:20:56.590000'),(32,'ZKEASOFT','ZKEASOFT 提供优质的软件服务，现已完成上线的产品有EasyFrameWork开发框架，ZkeaCMS内容管理系统，我们坚持开源，开放原则，把软件服务做得更好。',NULL,NULL,NULL,1,NULL,'<div class=\"jumbotron\">\r\n<h1>关于ZKEASOFT</h1>\r\n<h3>ZKEASOFT&nbsp;提供优质的软件服务，我们坚持开源，开放原则，把软件服务做得更好。</h3>\r\n<h4>已开源作品：</h4>\r\n<ul>\r\n<li><a href=\"/easyframework\" target=\"_blank\">EasyFrameWork开发框架</a></li>\r\n<li><a href=\"/zkeacms\" target=\"_blank\">ZKEACMS内容管理系统</a></li>\r\n<li><a href=\"https://github.com/SeriaWei/BingWallpaper\" target=\"_blank\">下载必应（Bing）每天壁纸</a></li>\r\n<li><a href=\"http://code.taobao.org/p/UploadToTietuku/src/\" target=\"_blank\">贴图库Chrome插件</a></li>\r\n</ul>\r\n</div>\r\n<p><em>更多作品将陆续开源，敬请期待，也欢迎广大开发者加入我们，用微信扫描下面二维码关注我们。</em></p>\r\n<p><img src=\"http://www.zkea.net/Upload/Images/20160318/263801921375bdf2.jpg\" alt=\"\" width=\"258\" height=\"258\" /></p>',1,'~/images/05.jpg',NULL,1,'2016-04-11 21:20:56.590000','admin','ZKEASOFT','2016-03-10 21:05:32.213000','admin','ZKEASOFT','2016-04-11 21:20:56.590000'),(33,'ZKEASOFT','ZKEASOFT 提供优质的软件服务，现已完成上线的产品有EasyFrameWork开发框架，ZkeaCMS内容管理系统，我们坚持开源，开放原则，把软件服务做得更好。',NULL,NULL,NULL,1,NULL,'<div class=\"jumbotron\">\r\n<h1>关于ZKEASOFT</h1>\r\n<h3>ZKEASOFT&nbsp;提供优质的软件服务，我们坚持开源，开放原则，把软件服务做得更好。</h3>\r\n<h4>已开源作品：</h4>\r\n<ul>\r\n<li><a href=\"/easyframework\" target=\"_blank\">EasyFrameWork开发框架</a></li>\r\n<li><a href=\"/zkeacms\" target=\"_blank\">ZKEACMS内容管理系统</a></li>\r\n<li><a href=\"https://github.com/SeriaWei/BingWallpaper\" target=\"_blank\">下载必应（Bing）每天壁纸</a></li>\r\n<li><a href=\"http://code.taobao.org/p/UploadToTietuku/src/\" target=\"_blank\">贴图库Chrome插件</a></li>\r\n</ul>\r\n</div>\r\n<p><em>更多作品将陆续开源，敬请期待，也欢迎广大开发者加入我们，用微信扫描下面二维码关注我们。</em></p>\r\n<p><img src=\"http://www.zkea.net/Upload/Images/20160318/263801921375bdf2.jpg\" alt=\"\" width=\"258\" height=\"258\" /></p>',1,'~/images/05.jpg',NULL,1,'2016-04-12 21:20:56.590000','admin','ZKEASOFT','2016-03-10 21:05:32.213000','admin','ZKEASOFT','2016-04-12 21:20:56.590000'),(34,'ZKEASOFT','ZKEASOFT 提供优质的软件服务，现已完成上线的产品有EasyFrameWork开发框架，ZkeaCMS内容管理系统，我们坚持开源，开放原则，把软件服务做得更好。',NULL,NULL,NULL,1,NULL,'<div class=\"jumbotron\">\r\n<h1>关于ZKEASOFT</h1>\r\n<h3>ZKEASOFT&nbsp;提供优质的软件服务，我们坚持开源，开放原则，把软件服务做得更好。</h3>\r\n<h4>已开源作品：</h4>\r\n<ul>\r\n<li><a href=\"/easyframework\" target=\"_blank\">EasyFrameWork开发框架</a></li>\r\n<li><a href=\"/zkeacms\" target=\"_blank\">ZKEACMS内容管理系统</a></li>\r\n<li><a href=\"https://github.com/SeriaWei/BingWallpaper\" target=\"_blank\">下载必应（Bing）每天壁纸</a></li>\r\n<li><a href=\"http://code.taobao.org/p/UploadToTietuku/src/\" target=\"_blank\">贴图库Chrome插件</a></li>\r\n</ul>\r\n</div>\r\n<p><em>更多作品将陆续开源，敬请期待，也欢迎广大开发者加入我们，用微信扫描下面二维码关注我们。</em></p>\r\n<p><img src=\"http://www.zkea.net/Upload/Images/20160318/263801921375bdf2.jpg\" alt=\"\" width=\"258\" height=\"258\" /></p>',1,'~/images/05.jpg',NULL,1,'2016-04-13 21:20:56.590000','admin','ZKEASOFT','2016-03-10 21:05:32.213000','admin','ZKEASOFT','2016-04-13 21:20:56.590000'),(35,'ZKEASOFT','ZKEASOFT 提供优质的软件服务，现已完成上线的产品有EasyFrameWork开发框架，ZkeaCMS内容管理系统，我们坚持开源，开放原则，把软件服务做得更好。',NULL,NULL,NULL,1,NULL,'<div class=\"jumbotron\">\r\n<h1>关于ZKEASOFT</h1>\r\n<h3>ZKEASOFT&nbsp;提供优质的软件服务，我们坚持开源，开放原则，把软件服务做得更好。</h3>\r\n<h4>已开源作品：</h4>\r\n<ul>\r\n<li><a href=\"/easyframework\" target=\"_blank\">EasyFrameWork开发框架</a></li>\r\n<li><a href=\"/zkeacms\" target=\"_blank\">ZKEACMS内容管理系统</a></li>\r\n<li><a href=\"https://github.com/SeriaWei/BingWallpaper\" target=\"_blank\">下载必应（Bing）每天壁纸</a></li>\r\n<li><a href=\"http://code.taobao.org/p/UploadToTietuku/src/\" target=\"_blank\">贴图库Chrome插件</a></li>\r\n</ul>\r\n</div>\r\n<p><em>更多作品将陆续开源，敬请期待，也欢迎广大开发者加入我们，用微信扫描下面二维码关注我们。</em></p>\r\n<p><img src=\"http://www.zkea.net/Upload/Images/20160318/263801921375bdf2.jpg\" alt=\"\" width=\"258\" height=\"258\" /></p>',1,'~/images/05.jpg',NULL,1,'2016-04-14 21:20:56.590000','admin','ZKEASOFT','2016-03-10 21:05:32.213000','admin','ZKEASOFT','2016-04-14 21:20:56.590000'),(36,'ZKEASOFT','ZKEASOFT 提供优质的软件服务，现已完成上线的产品有EasyFrameWork开发框架，ZkeaCMS内容管理系统，我们坚持开源，开放原则，把软件服务做得更好。',NULL,NULL,NULL,1,NULL,'<div class=\"jumbotron\">\r\n<h1>关于ZKEASOFT</h1>\r\n<h3>ZKEASOFT&nbsp;提供优质的软件服务，我们坚持开源，开放原则，把软件服务做得更好。</h3>\r\n<h4>已开源作品：</h4>\r\n<ul>\r\n<li><a href=\"/easyframework\" target=\"_blank\">EasyFrameWork开发框架</a></li>\r\n<li><a href=\"/zkeacms\" target=\"_blank\">ZKEACMS内容管理系统</a></li>\r\n<li><a href=\"https://github.com/SeriaWei/BingWallpaper\" target=\"_blank\">下载必应（Bing）每天壁纸</a></li>\r\n<li><a href=\"http://code.taobao.org/p/UploadToTietuku/src/\" target=\"_blank\">贴图库Chrome插件</a></li>\r\n</ul>\r\n</div>\r\n<p><em>更多作品将陆续开源，敬请期待，也欢迎广大开发者加入我们，用微信扫描下面二维码关注我们。</em></p>\r\n<p><img src=\"http://www.zkea.net/Upload/Images/20160318/263801921375bdf2.jpg\" alt=\"\" width=\"258\" height=\"258\" /></p>',1,'~/images/05.jpg',NULL,1,'2016-04-15 21:20:56.590000','admin','ZKEASOFT','2016-03-10 21:05:32.213000','admin','ZKEASOFT','2016-04-15 21:20:56.590000'),(37,'ZKEASOFT','ZKEASOFT 提供优质的软件服务，现已完成上线的产品有EasyFrameWork开发框架，ZkeaCMS内容管理系统，我们坚持开源，开放原则，把软件服务做得更好。',NULL,NULL,NULL,1,NULL,'<div class=\"jumbotron\">\r\n<h1>关于ZKEASOFT</h1>\r\n<h3>ZKEASOFT&nbsp;提供优质的软件服务，我们坚持开源，开放原则，把软件服务做得更好。</h3>\r\n<h4>已开源作品：</h4>\r\n<ul>\r\n<li><a href=\"/easyframework\" target=\"_blank\">EasyFrameWork开发框架</a></li>\r\n<li><a href=\"/zkeacms\" target=\"_blank\">ZKEACMS内容管理系统</a></li>\r\n<li><a href=\"https://github.com/SeriaWei/BingWallpaper\" target=\"_blank\">下载必应（Bing）每天壁纸</a></li>\r\n<li><a href=\"http://code.taobao.org/p/UploadToTietuku/src/\" target=\"_blank\">贴图库Chrome插件</a></li>\r\n</ul>\r\n</div>\r\n<p><em>更多作品将陆续开源，敬请期待，也欢迎广大开发者加入我们，用微信扫描下面二维码关注我们。</em></p>\r\n<p><img src=\"http://www.zkea.net/Upload/Images/20160318/263801921375bdf2.jpg\" alt=\"\" width=\"258\" height=\"258\" /></p>',1,'~/images/05.jpg',NULL,1,'2016-04-16 21:20:56.590000','admin','ZKEASOFT','2016-03-10 21:05:32.213000','admin','ZKEASOFT','2016-04-16 21:20:56.590000'),(38,'ZKEASOFT','ZKEASOFT 提供优质的软件服务，现已完成上线的产品有EasyFrameWork开发框架，ZkeaCMS内容管理系统，我们坚持开源，开放原则，把软件服务做得更好。',NULL,NULL,NULL,1,NULL,'<div class=\"jumbotron\">\r\n<h1>关于ZKEASOFT</h1>\r\n<h3>ZKEASOFT&nbsp;提供优质的软件服务，我们坚持开源，开放原则，把软件服务做得更好。</h3>\r\n<h4>已开源作品：</h4>\r\n<ul>\r\n<li><a href=\"/easyframework\" target=\"_blank\">EasyFrameWork开发框架</a></li>\r\n<li><a href=\"/zkeacms\" target=\"_blank\">ZKEACMS内容管理系统</a></li>\r\n<li><a href=\"https://github.com/SeriaWei/BingWallpaper\" target=\"_blank\">下载必应（Bing）每天壁纸</a></li>\r\n<li><a href=\"http://code.taobao.org/p/UploadToTietuku/src/\" target=\"_blank\">贴图库Chrome插件</a></li>\r\n</ul>\r\n</div>\r\n<p><em>更多作品将陆续开源，敬请期待，也欢迎广大开发者加入我们，用微信扫描下面二维码关注我们。</em></p>\r\n<p><img src=\"http://www.zkea.net/Upload/Images/20160318/263801921375bdf2.jpg\" alt=\"\" width=\"258\" height=\"258\" /></p>',1,'~/images/05.jpg',NULL,1,'2016-04-17 21:20:56.590000','admin','ZKEASOFT','2016-03-10 21:05:32.213000','admin','ZKEASOFT','2016-04-17 21:20:56.590000'),(39,'ZKEASOFT','ZKEASOFT 提供优质的软件服务，现已完成上线的产品有EasyFrameWork开发框架，ZkeaCMS内容管理系统，我们坚持开源，开放原则，把软件服务做得更好。',NULL,NULL,NULL,1,NULL,'<div class=\"jumbotron\">\r\n<h1>关于ZKEASOFT</h1>\r\n<h3>ZKEASOFT&nbsp;提供优质的软件服务，我们坚持开源，开放原则，把软件服务做得更好。</h3>\r\n<h4>已开源作品：</h4>\r\n<ul>\r\n<li><a href=\"/easyframework\" target=\"_blank\">EasyFrameWork开发框架</a></li>\r\n<li><a href=\"/zkeacms\" target=\"_blank\">ZKEACMS内容管理系统</a></li>\r\n<li><a href=\"https://github.com/SeriaWei/BingWallpaper\" target=\"_blank\">下载必应（Bing）每天壁纸</a></li>\r\n<li><a href=\"http://code.taobao.org/p/UploadToTietuku/src/\" target=\"_blank\">贴图库Chrome插件</a></li>\r\n</ul>\r\n</div>\r\n<p><em>更多作品将陆续开源，敬请期待，也欢迎广大开发者加入我们，用微信扫描下面二维码关注我们。</em></p>\r\n<p><img src=\"http://www.zkea.net/Upload/Images/20160318/263801921375bdf2.jpg\" alt=\"\" width=\"258\" height=\"258\" /></p>',1,'~/images/05.jpg',NULL,1,'2016-04-18 21:20:56.590000','admin','ZKEASOFT','2016-03-10 21:05:32.213000','admin','ZKEASOFT','2016-04-18 21:20:56.590000'),(40,'ZKEASOFT','ZKEASOFT 提供优质的软件服务，现已完成上线的产品有EasyFrameWork开发框架，ZkeaCMS内容管理系统，我们坚持开源，开放原则，把软件服务做得更好。',NULL,NULL,NULL,1,NULL,'<div class=\"jumbotron\">\r\n<h1>关于ZKEASOFT</h1>\r\n<h3>ZKEASOFT&nbsp;提供优质的软件服务，我们坚持开源，开放原则，把软件服务做得更好。</h3>\r\n<h4>已开源作品：</h4>\r\n<ul>\r\n<li><a href=\"/easyframework\" target=\"_blank\">EasyFrameWork开发框架</a></li>\r\n<li><a href=\"/zkeacms\" target=\"_blank\">ZKEACMS内容管理系统</a></li>\r\n<li><a href=\"https://github.com/SeriaWei/BingWallpaper\" target=\"_blank\">下载必应（Bing）每天壁纸</a></li>\r\n<li><a href=\"http://code.taobao.org/p/UploadToTietuku/src/\" target=\"_blank\">贴图库Chrome插件</a></li>\r\n</ul>\r\n</div>\r\n<p><em>更多作品将陆续开源，敬请期待，也欢迎广大开发者加入我们，用微信扫描下面二维码关注我们。</em></p>\r\n<p><img src=\"http://www.zkea.net/Upload/Images/20160318/263801921375bdf2.jpg\" alt=\"\" width=\"258\" height=\"258\" /></p>',1,'~/images/05.jpg',NULL,1,'2016-04-19 21:20:56.590000','admin','ZKEASOFT','2016-03-10 21:05:32.213000','admin','ZKEASOFT','2016-04-19 21:20:56.590000'),(41,'ZKEASOFT','ZKEASOFT 提供优质的软件服务，现已完成上线的产品有EasyFrameWork开发框架，ZkeaCMS内容管理系统，我们坚持开源，开放原则，把软件服务做得更好。',NULL,NULL,NULL,1,NULL,'<div class=\"jumbotron\">\r\n<h1>关于ZKEASOFT</h1>\r\n<h3>ZKEASOFT&nbsp;提供优质的软件服务，我们坚持开源，开放原则，把软件服务做得更好。</h3>\r\n<h4>已开源作品：</h4>\r\n<ul>\r\n<li><a href=\"/easyframework\" target=\"_blank\">EasyFrameWork开发框架</a></li>\r\n<li><a href=\"/zkeacms\" target=\"_blank\">ZKEACMS内容管理系统</a></li>\r\n<li><a href=\"https://github.com/SeriaWei/BingWallpaper\" target=\"_blank\">下载必应（Bing）每天壁纸</a></li>\r\n<li><a href=\"http://code.taobao.org/p/UploadToTietuku/src/\" target=\"_blank\">贴图库Chrome插件</a></li>\r\n</ul>\r\n</div>\r\n<p><em>更多作品将陆续开源，敬请期待，也欢迎广大开发者加入我们，用微信扫描下面二维码关注我们。</em></p>\r\n<p><img src=\"http://www.zkea.net/Upload/Images/20160318/263801921375bdf2.jpg\" alt=\"\" width=\"258\" height=\"258\" /></p>',1,'~/images/05.jpg',NULL,1,'2016-04-20 21:20:56.590000','admin','ZKEASOFT','2016-03-10 21:05:32.213000','admin','ZKEASOFT','2016-04-20 21:20:56.590000'),(42,'ZKEASOFT','ZKEASOFT 提供优质的软件服务，现已完成上线的产品有EasyFrameWork开发框架，ZkeaCMS内容管理系统，我们坚持开源，开放原则，把软件服务做得更好。',NULL,NULL,NULL,1,NULL,'<div class=\"jumbotron\">\r\n<h1>关于ZKEASOFT</h1>\r\n<h3>ZKEASOFT&nbsp;提供优质的软件服务，我们坚持开源，开放原则，把软件服务做得更好。</h3>\r\n<h4>已开源作品：</h4>\r\n<ul>\r\n<li><a href=\"/easyframework\" target=\"_blank\">EasyFrameWork开发框架</a></li>\r\n<li><a href=\"/zkeacms\" target=\"_blank\">ZKEACMS内容管理系统</a></li>\r\n<li><a href=\"https://github.com/SeriaWei/BingWallpaper\" target=\"_blank\">下载必应（Bing）每天壁纸</a></li>\r\n<li><a href=\"http://code.taobao.org/p/UploadToTietuku/src/\" target=\"_blank\">贴图库Chrome插件</a></li>\r\n</ul>\r\n</div>\r\n<p><em>更多作品将陆续开源，敬请期待，也欢迎广大开发者加入我们，用微信扫描下面二维码关注我们。</em></p>\r\n<p><img src=\"http://www.zkea.net/Upload/Images/20160318/263801921375bdf2.jpg\" alt=\"\" width=\"258\" height=\"258\" /></p>',1,'~/images/05.jpg',NULL,1,'2016-04-21 21:20:56.590000','admin','ZKEASOFT','2016-03-10 21:05:32.213000','admin','ZKEASOFT','2016-04-21 21:20:56.590000'),(43,'ZKEASOFT','ZKEASOFT 提供优质的软件服务，现已完成上线的产品有EasyFrameWork开发框架，ZkeaCMS内容管理系统，我们坚持开源，开放原则，把软件服务做得更好。',NULL,NULL,NULL,1,NULL,'<div class=\"jumbotron\">\r\n<h1>关于ZKEASOFT</h1>\r\n<h3>ZKEASOFT&nbsp;提供优质的软件服务，我们坚持开源，开放原则，把软件服务做得更好。</h3>\r\n<h4>已开源作品：</h4>\r\n<ul>\r\n<li><a href=\"/easyframework\" target=\"_blank\">EasyFrameWork开发框架</a></li>\r\n<li><a href=\"/zkeacms\" target=\"_blank\">ZKEACMS内容管理系统</a></li>\r\n<li><a href=\"https://github.com/SeriaWei/BingWallpaper\" target=\"_blank\">下载必应（Bing）每天壁纸</a></li>\r\n<li><a href=\"http://code.taobao.org/p/UploadToTietuku/src/\" target=\"_blank\">贴图库Chrome插件</a></li>\r\n</ul>\r\n</div>\r\n<p><em>更多作品将陆续开源，敬请期待，也欢迎广大开发者加入我们，用微信扫描下面二维码关注我们。</em></p>\r\n<p><img src=\"http://www.zkea.net/Upload/Images/20160318/263801921375bdf2.jpg\" alt=\"\" width=\"258\" height=\"258\" /></p>',1,'~/images/05.jpg',NULL,1,'2016-04-22 21:20:56.590000','admin','ZKEASOFT','2016-03-10 21:05:32.213000','admin','ZKEASOFT','2016-04-22 21:20:56.590000'),(44,'ZKEASOFT','ZKEASOFT 提供优质的软件服务，现已完成上线的产品有EasyFrameWork开发框架，ZkeaCMS内容管理系统，我们坚持开源，开放原则，把软件服务做得更好。',NULL,NULL,NULL,1,NULL,'<div class=\"jumbotron\">\r\n<h1>关于ZKEASOFT</h1>\r\n<h3>ZKEASOFT&nbsp;提供优质的软件服务，我们坚持开源，开放原则，把软件服务做得更好。</h3>\r\n<h4>已开源作品：</h4>\r\n<ul>\r\n<li><a href=\"/easyframework\" target=\"_blank\">EasyFrameWork开发框架</a></li>\r\n<li><a href=\"/zkeacms\" target=\"_blank\">ZKEACMS内容管理系统</a></li>\r\n<li><a href=\"https://github.com/SeriaWei/BingWallpaper\" target=\"_blank\">下载必应（Bing）每天壁纸</a></li>\r\n<li><a href=\"http://code.taobao.org/p/UploadToTietuku/src/\" target=\"_blank\">贴图库Chrome插件</a></li>\r\n</ul>\r\n</div>\r\n<p><em>更多作品将陆续开源，敬请期待，也欢迎广大开发者加入我们，用微信扫描下面二维码关注我们。</em></p>\r\n<p><img src=\"http://www.zkea.net/Upload/Images/20160318/263801921375bdf2.jpg\" alt=\"\" width=\"258\" height=\"258\" /></p>',1,'~/images/05.jpg',NULL,1,'2016-04-23 21:20:56.590000','admin','ZKEASOFT','2016-03-10 21:05:32.213000','admin','ZKEASOFT','2016-04-23 21:20:56.590000'),(45,'ZKEASOFT','ZKEASOFT 提供优质的软件服务，现已完成上线的产品有EasyFrameWork开发框架，ZkeaCMS内容管理系统，我们坚持开源，开放原则，把软件服务做得更好。',NULL,NULL,NULL,1,NULL,'<div class=\"jumbotron\">\r\n<h1>关于ZKEASOFT</h1>\r\n<h3>ZKEASOFT&nbsp;提供优质的软件服务，我们坚持开源，开放原则，把软件服务做得更好。</h3>\r\n<h4>已开源作品：</h4>\r\n<ul>\r\n<li><a href=\"/easyframework\" target=\"_blank\">EasyFrameWork开发框架</a></li>\r\n<li><a href=\"/zkeacms\" target=\"_blank\">ZKEACMS内容管理系统</a></li>\r\n<li><a href=\"https://github.com/SeriaWei/BingWallpaper\" target=\"_blank\">下载必应（Bing）每天壁纸</a></li>\r\n<li><a href=\"http://code.taobao.org/p/UploadToTietuku/src/\" target=\"_blank\">贴图库Chrome插件</a></li>\r\n</ul>\r\n</div>\r\n<p><em>更多作品将陆续开源，敬请期待，也欢迎广大开发者加入我们，用微信扫描下面二维码关注我们。</em></p>\r\n<p><img src=\"http://www.zkea.net/Upload/Images/20160318/263801921375bdf2.jpg\" alt=\"\" width=\"258\" height=\"258\" /></p>',1,'~/images/05.jpg',NULL,1,'2016-04-24 21:20:56.590000','admin','ZKEASOFT','2016-03-10 21:05:32.213000','admin','ZKEASOFT','2016-04-24 21:20:56.590000'),(46,'ZKEASOFT','ZKEASOFT 提供优质的软件服务，现已完成上线的产品有EasyFrameWork开发框架，ZkeaCMS内容管理系统，我们坚持开源，开放原则，把软件服务做得更好。',NULL,NULL,NULL,1,NULL,'<div class=\"jumbotron\">\r\n<h1>关于ZKEASOFT</h1>\r\n<h3>ZKEASOFT&nbsp;提供优质的软件服务，我们坚持开源，开放原则，把软件服务做得更好。</h3>\r\n<h4>已开源作品：</h4>\r\n<ul>\r\n<li><a href=\"/easyframework\" target=\"_blank\">EasyFrameWork开发框架</a></li>\r\n<li><a href=\"/zkeacms\" target=\"_blank\">ZKEACMS内容管理系统</a></li>\r\n<li><a href=\"https://github.com/SeriaWei/BingWallpaper\" target=\"_blank\">下载必应（Bing）每天壁纸</a></li>\r\n<li><a href=\"http://code.taobao.org/p/UploadToTietuku/src/\" target=\"_blank\">贴图库Chrome插件</a></li>\r\n</ul>\r\n</div>\r\n<p><em>更多作品将陆续开源，敬请期待，也欢迎广大开发者加入我们，用微信扫描下面二维码关注我们。</em></p>\r\n<p><img src=\"http://www.zkea.net/Upload/Images/20160318/263801921375bdf2.jpg\" alt=\"\" width=\"258\" height=\"258\" /></p>',1,'~/images/05.jpg',NULL,1,'2016-04-25 21:20:56.590000','admin','ZKEASOFT','2016-03-10 21:05:32.213000','admin','ZKEASOFT','2016-04-25 21:20:56.590000'),(47,'ZKEASOFT','ZKEASOFT 提供优质的软件服务，现已完成上线的产品有EasyFrameWork开发框架，ZkeaCMS内容管理系统，我们坚持开源，开放原则，把软件服务做得更好。',NULL,NULL,NULL,1,NULL,'<div class=\"jumbotron\">\r\n<h1>关于ZKEASOFT</h1>\r\n<h3>ZKEASOFT&nbsp;提供优质的软件服务，我们坚持开源，开放原则，把软件服务做得更好。</h3>\r\n<h4>已开源作品：</h4>\r\n<ul>\r\n<li><a href=\"/easyframework\" target=\"_blank\">EasyFrameWork开发框架</a></li>\r\n<li><a href=\"/zkeacms\" target=\"_blank\">ZKEACMS内容管理系统</a></li>\r\n<li><a href=\"https://github.com/SeriaWei/BingWallpaper\" target=\"_blank\">下载必应（Bing）每天壁纸</a></li>\r\n<li><a href=\"http://code.taobao.org/p/UploadToTietuku/src/\" target=\"_blank\">贴图库Chrome插件</a></li>\r\n</ul>\r\n</div>\r\n<p><em>更多作品将陆续开源，敬请期待，也欢迎广大开发者加入我们，用微信扫描下面二维码关注我们。</em></p>\r\n<p><img src=\"http://www.zkea.net/Upload/Images/20160318/263801921375bdf2.jpg\" alt=\"\" width=\"258\" height=\"258\" /></p>',1,'~/images/05.jpg',NULL,1,'2016-04-26 21:20:56.590000','admin','ZKEASOFT','2016-03-10 21:05:32.213000','admin','ZKEASOFT','2016-04-26 21:20:56.590000'),(48,'ZKEASOFT','ZKEASOFT 提供优质的软件服务，现已完成上线的产品有EasyFrameWork开发框架，ZkeaCMS内容管理系统，我们坚持开源，开放原则，把软件服务做得更好。',NULL,NULL,NULL,1,NULL,'<div class=\"jumbotron\">\r\n<h1>关于ZKEASOFT</h1>\r\n<h3>ZKEASOFT&nbsp;提供优质的软件服务，我们坚持开源，开放原则，把软件服务做得更好。</h3>\r\n<h4>已开源作品：</h4>\r\n<ul>\r\n<li><a href=\"/easyframework\" target=\"_blank\">EasyFrameWork开发框架</a></li>\r\n<li><a href=\"/zkeacms\" target=\"_blank\">ZKEACMS内容管理系统</a></li>\r\n<li><a href=\"https://github.com/SeriaWei/BingWallpaper\" target=\"_blank\">下载必应（Bing）每天壁纸</a></li>\r\n<li><a href=\"http://code.taobao.org/p/UploadToTietuku/src/\" target=\"_blank\">贴图库Chrome插件</a></li>\r\n</ul>\r\n</div>\r\n<p><em>更多作品将陆续开源，敬请期待，也欢迎广大开发者加入我们，用微信扫描下面二维码关注我们。</em></p>\r\n<p><img src=\"http://www.zkea.net/Upload/Images/20160318/263801921375bdf2.jpg\" alt=\"\" width=\"258\" height=\"258\" /></p>',1,'~/images/05.jpg',NULL,1,'2016-04-27 21:20:56.590000','admin','ZKEASOFT','2016-03-10 21:05:32.213000','admin','ZKEASOFT','2016-04-27 21:20:56.590000'),(49,'ZKEASOFT','ZKEASOFT 提供优质的软件服务，现已完成上线的产品有EasyFrameWork开发框架，ZkeaCMS内容管理系统，我们坚持开源，开放原则，把软件服务做得更好。',NULL,NULL,NULL,1,NULL,'<div class=\"jumbotron\">\r\n<h1>关于ZKEASOFT</h1>\r\n<h3>ZKEASOFT&nbsp;提供优质的软件服务，我们坚持开源，开放原则，把软件服务做得更好。</h3>\r\n<h4>已开源作品：</h4>\r\n<ul>\r\n<li><a href=\"/easyframework\" target=\"_blank\">EasyFrameWork开发框架</a></li>\r\n<li><a href=\"/zkeacms\" target=\"_blank\">ZKEACMS内容管理系统</a></li>\r\n<li><a href=\"https://github.com/SeriaWei/BingWallpaper\" target=\"_blank\">下载必应（Bing）每天壁纸</a></li>\r\n<li><a href=\"http://code.taobao.org/p/UploadToTietuku/src/\" target=\"_blank\">贴图库Chrome插件</a></li>\r\n</ul>\r\n</div>\r\n<p><em>更多作品将陆续开源，敬请期待，也欢迎广大开发者加入我们，用微信扫描下面二维码关注我们。</em></p>\r\n<p><img src=\"http://www.zkea.net/Upload/Images/20160318/263801921375bdf2.jpg\" alt=\"\" width=\"258\" height=\"258\" /></p>',1,'~/images/05.jpg',NULL,1,'2016-04-28 21:20:56.590000','admin','ZKEASOFT','2016-03-10 21:05:32.213000','admin','ZKEASOFT','2016-04-28 21:20:56.590000'),(50,'ZKEASOFT','ZKEASOFT 提供优质的软件服务，现已完成上线的产品有EasyFrameWork开发框架，ZkeaCMS内容管理系统，我们坚持开源，开放原则，把软件服务做得更好。',NULL,NULL,NULL,1,NULL,'<div class=\"jumbotron\">\r\n<h1>关于ZKEASOFT</h1>\r\n<h3>ZKEASOFT&nbsp;提供优质的软件服务，我们坚持开源，开放原则，把软件服务做得更好。</h3>\r\n<h4>已开源作品：</h4>\r\n<ul>\r\n<li><a href=\"/easyframework\" target=\"_blank\">EasyFrameWork开发框架</a></li>\r\n<li><a href=\"/zkeacms\" target=\"_blank\">ZKEACMS内容管理系统</a></li>\r\n<li><a href=\"https://github.com/SeriaWei/BingWallpaper\" target=\"_blank\">下载必应（Bing）每天壁纸</a></li>\r\n<li><a href=\"http://code.taobao.org/p/UploadToTietuku/src/\" target=\"_blank\">贴图库Chrome插件</a></li>\r\n</ul>\r\n</div>\r\n<p><em>更多作品将陆续开源，敬请期待，也欢迎广大开发者加入我们，用微信扫描下面二维码关注我们。</em></p>\r\n<p><img src=\"http://www.zkea.net/Upload/Images/20160318/263801921375bdf2.jpg\" alt=\"\" width=\"258\" height=\"258\" /></p>',1,'~/images/05.jpg',NULL,1,'2016-04-29 21:20:56.590000','admin','ZKEASOFT','2016-03-10 21:05:32.213000','admin','ZKEASOFT','2016-04-29 21:20:56.590000'),(51,'ZKEASOFT','ZKEASOFT 提供优质的软件服务，现已完成上线的产品有EasyFrameWork开发框架，ZkeaCMS内容管理系统，我们坚持开源，开放原则，把软件服务做得更好。',NULL,NULL,NULL,1,NULL,'<div class=\"jumbotron\">\r\n<h1>关于ZKEASOFT</h1>\r\n<h3>ZKEASOFT&nbsp;提供优质的软件服务，我们坚持开源，开放原则，把软件服务做得更好。</h3>\r\n<h4>已开源作品：</h4>\r\n<ul>\r\n<li><a href=\"/easyframework\" target=\"_blank\">EasyFrameWork开发框架</a></li>\r\n<li><a href=\"/zkeacms\" target=\"_blank\">ZKEACMS内容管理系统</a></li>\r\n<li><a href=\"https://github.com/SeriaWei/BingWallpaper\" target=\"_blank\">下载必应（Bing）每天壁纸</a></li>\r\n<li><a href=\"http://code.taobao.org/p/UploadToTietuku/src/\" target=\"_blank\">贴图库Chrome插件</a></li>\r\n</ul>\r\n</div>\r\n<p><em>更多作品将陆续开源，敬请期待，也欢迎广大开发者加入我们，用微信扫描下面二维码关注我们。</em></p>\r\n<p><img src=\"http://www.zkea.net/Upload/Images/20160318/263801921375bdf2.jpg\" alt=\"\" width=\"258\" height=\"258\" /></p>',1,'~/images/05.jpg',NULL,1,'2016-04-30 21:20:56.590000','admin','ZKEASOFT','2016-03-10 21:05:32.213000','admin','ZKEASOFT','2016-04-30 21:20:56.590000'),(52,'ZKEASOFT','ZKEASOFT 提供优质的软件服务，现已完成上线的产品有EasyFrameWork开发框架，ZkeaCMS内容管理系统，我们坚持开源，开放原则，把软件服务做得更好。',NULL,NULL,NULL,1,NULL,'<div class=\"jumbotron\">\r\n<h1>关于ZKEASOFT</h1>\r\n<h3>ZKEASOFT&nbsp;提供优质的软件服务，我们坚持开源，开放原则，把软件服务做得更好。</h3>\r\n<h4>已开源作品：</h4>\r\n<ul>\r\n<li><a href=\"/easyframework\" target=\"_blank\">EasyFrameWork开发框架</a></li>\r\n<li><a href=\"/zkeacms\" target=\"_blank\">ZKEACMS内容管理系统</a></li>\r\n<li><a href=\"https://github.com/SeriaWei/BingWallpaper\" target=\"_blank\">下载必应（Bing）每天壁纸</a></li>\r\n<li><a href=\"http://code.taobao.org/p/UploadToTietuku/src/\" target=\"_blank\">贴图库Chrome插件</a></li>\r\n</ul>\r\n</div>\r\n<p><em>更多作品将陆续开源，敬请期待，也欢迎广大开发者加入我们，用微信扫描下面二维码关注我们。</em></p>\r\n<p><img src=\"http://www.zkea.net/Upload/Images/20160318/263801921375bdf2.jpg\" alt=\"\" width=\"258\" height=\"258\" /></p>',1,'~/images/05.jpg',NULL,1,'2016-05-01 21:20:56.590000','admin','ZKEASOFT','2016-03-10 21:05:32.213000','admin','ZKEASOFT','2016-05-01 21:20:56.590000'),(53,'ZKEASOFT','ZKEASOFT 提供优质的软件服务，现已完成上线的产品有EasyFrameWork开发框架，ZkeaCMS内容管理系统，我们坚持开源，开放原则，把软件服务做得更好。',NULL,NULL,NULL,1,NULL,'<div class=\"jumbotron\">\r\n<h1>关于ZKEASOFT</h1>\r\n<h3>ZKEASOFT&nbsp;提供优质的软件服务，我们坚持开源，开放原则，把软件服务做得更好。</h3>\r\n<h4>已开源作品：</h4>\r\n<ul>\r\n<li><a href=\"/easyframework\" target=\"_blank\">EasyFrameWork开发框架</a></li>\r\n<li><a href=\"/zkeacms\" target=\"_blank\">ZKEACMS内容管理系统</a></li>\r\n<li><a href=\"https://github.com/SeriaWei/BingWallpaper\" target=\"_blank\">下载必应（Bing）每天壁纸</a></li>\r\n<li><a href=\"http://code.taobao.org/p/UploadToTietuku/src/\" target=\"_blank\">贴图库Chrome插件</a></li>\r\n</ul>\r\n</div>\r\n<p><em>更多作品将陆续开源，敬请期待，也欢迎广大开发者加入我们，用微信扫描下面二维码关注我们。</em></p>\r\n<p><img src=\"http://www.zkea.net/Upload/Images/20160318/263801921375bdf2.jpg\" alt=\"\" width=\"258\" height=\"258\" /></p>',1,'~/images/05.jpg',NULL,1,'2016-05-02 21:20:56.590000','admin','ZKEASOFT','2016-03-10 21:05:32.213000','admin','ZKEASOFT','2016-05-02 21:20:56.590000'),(54,'ZKEASOFT','ZKEASOFT 提供优质的软件服务，现已完成上线的产品有EasyFrameWork开发框架，ZkeaCMS内容管理系统，我们坚持开源，开放原则，把软件服务做得更好。',NULL,NULL,NULL,1,NULL,'<div class=\"jumbotron\">\r\n<h1>关于ZKEASOFT</h1>\r\n<h3>ZKEASOFT&nbsp;提供优质的软件服务，我们坚持开源，开放原则，把软件服务做得更好。</h3>\r\n<h4>已开源作品：</h4>\r\n<ul>\r\n<li><a href=\"/easyframework\" target=\"_blank\">EasyFrameWork开发框架</a></li>\r\n<li><a href=\"/zkeacms\" target=\"_blank\">ZKEACMS内容管理系统</a></li>\r\n<li><a href=\"https://github.com/SeriaWei/BingWallpaper\" target=\"_blank\">下载必应（Bing）每天壁纸</a></li>\r\n<li><a href=\"http://code.taobao.org/p/UploadToTietuku/src/\" target=\"_blank\">贴图库Chrome插件</a></li>\r\n</ul>\r\n</div>\r\n<p><em>更多作品将陆续开源，敬请期待，也欢迎广大开发者加入我们，用微信扫描下面二维码关注我们。</em></p>\r\n<p><img src=\"http://www.zkea.net/Upload/Images/20160318/263801921375bdf2.jpg\" alt=\"\" width=\"258\" height=\"258\" /></p>',1,'~/images/05.jpg',NULL,1,'2016-05-03 21:20:56.590000','admin','ZKEASOFT','2016-03-10 21:05:32.213000','admin','ZKEASOFT','2016-05-03 21:20:56.590000'),(55,'ZKEASOFT','ZKEASOFT 提供优质的软件服务，现已完成上线的产品有EasyFrameWork开发框架，ZkeaCMS内容管理系统，我们坚持开源，开放原则，把软件服务做得更好。',NULL,NULL,NULL,1,NULL,'<div class=\"jumbotron\">\r\n<h1>关于ZKEASOFT</h1>\r\n<h3>ZKEASOFT&nbsp;提供优质的软件服务，我们坚持开源，开放原则，把软件服务做得更好。</h3>\r\n<h4>已开源作品：</h4>\r\n<ul>\r\n<li><a href=\"/easyframework\" target=\"_blank\">EasyFrameWork开发框架</a></li>\r\n<li><a href=\"/zkeacms\" target=\"_blank\">ZKEACMS内容管理系统</a></li>\r\n<li><a href=\"https://github.com/SeriaWei/BingWallpaper\" target=\"_blank\">下载必应（Bing）每天壁纸</a></li>\r\n<li><a href=\"http://code.taobao.org/p/UploadToTietuku/src/\" target=\"_blank\">贴图库Chrome插件</a></li>\r\n</ul>\r\n</div>\r\n<p><em>更多作品将陆续开源，敬请期待，也欢迎广大开发者加入我们，用微信扫描下面二维码关注我们。</em></p>\r\n<p><img src=\"http://www.zkea.net/Upload/Images/20160318/263801921375bdf2.jpg\" alt=\"\" width=\"258\" height=\"258\" /></p>',1,'~/images/05.jpg',NULL,1,'2016-05-04 21:20:56.590000','admin','ZKEASOFT','2016-03-10 21:05:32.213000','admin','ZKEASOFT','2016-05-04 21:20:56.590000'),(56,'ZKEASOFT','ZKEASOFT 提供优质的软件服务，现已完成上线的产品有EasyFrameWork开发框架，ZkeaCMS内容管理系统，我们坚持开源，开放原则，把软件服务做得更好。',NULL,NULL,NULL,1,NULL,'<div class=\"jumbotron\">\r\n<h1>关于ZKEASOFT</h1>\r\n<h3>ZKEASOFT&nbsp;提供优质的软件服务，我们坚持开源，开放原则，把软件服务做得更好。</h3>\r\n<h4>已开源作品：</h4>\r\n<ul>\r\n<li><a href=\"/easyframework\" target=\"_blank\">EasyFrameWork开发框架</a></li>\r\n<li><a href=\"/zkeacms\" target=\"_blank\">ZKEACMS内容管理系统</a></li>\r\n<li><a href=\"https://github.com/SeriaWei/BingWallpaper\" target=\"_blank\">下载必应（Bing）每天壁纸</a></li>\r\n<li><a href=\"http://code.taobao.org/p/UploadToTietuku/src/\" target=\"_blank\">贴图库Chrome插件</a></li>\r\n</ul>\r\n</div>\r\n<p><em>更多作品将陆续开源，敬请期待，也欢迎广大开发者加入我们，用微信扫描下面二维码关注我们。</em></p>\r\n<p><img src=\"http://www.zkea.net/Upload/Images/20160318/263801921375bdf2.jpg\" alt=\"\" width=\"258\" height=\"258\" /></p>',1,'~/images/05.jpg',NULL,1,'2016-05-05 21:20:56.590000','admin','ZKEASOFT','2016-03-10 21:05:32.213000','admin','ZKEASOFT','2016-05-05 21:20:56.590000'),(57,'ZKEASOFT','ZKEASOFT 提供优质的软件服务，现已完成上线的产品有EasyFrameWork开发框架，ZkeaCMS内容管理系统，我们坚持开源，开放原则，把软件服务做得更好。',NULL,NULL,NULL,1,NULL,'<div class=\"jumbotron\">\r\n<h1>关于ZKEASOFT</h1>\r\n<h3>ZKEASOFT&nbsp;提供优质的软件服务，我们坚持开源，开放原则，把软件服务做得更好。</h3>\r\n<h4>已开源作品：</h4>\r\n<ul>\r\n<li><a href=\"/easyframework\" target=\"_blank\">EasyFrameWork开发框架</a></li>\r\n<li><a href=\"/zkeacms\" target=\"_blank\">ZKEACMS内容管理系统</a></li>\r\n<li><a href=\"https://github.com/SeriaWei/BingWallpaper\" target=\"_blank\">下载必应（Bing）每天壁纸</a></li>\r\n<li><a href=\"http://code.taobao.org/p/UploadToTietuku/src/\" target=\"_blank\">贴图库Chrome插件</a></li>\r\n</ul>\r\n</div>\r\n<p><em>更多作品将陆续开源，敬请期待，也欢迎广大开发者加入我们，用微信扫描下面二维码关注我们。</em></p>\r\n<p><img src=\"http://www.zkea.net/Upload/Images/20160318/263801921375bdf2.jpg\" alt=\"\" width=\"258\" height=\"258\" /></p>',1,'~/images/05.jpg',NULL,1,'2016-05-06 21:20:56.590000','admin','ZKEASOFT','2016-03-10 21:05:32.213000','admin','ZKEASOFT','2016-05-06 21:20:56.590000'),(58,'ZKEASOFT','ZKEASOFT 提供优质的软件服务，现已完成上线的产品有EasyFrameWork开发框架，ZkeaCMS内容管理系统，我们坚持开源，开放原则，把软件服务做得更好。',NULL,NULL,NULL,1,NULL,'<div class=\"jumbotron\">\r\n<h1>关于ZKEASOFT</h1>\r\n<h3>ZKEASOFT&nbsp;提供优质的软件服务，我们坚持开源，开放原则，把软件服务做得更好。</h3>\r\n<h4>已开源作品：</h4>\r\n<ul>\r\n<li><a href=\"/easyframework\" target=\"_blank\">EasyFrameWork开发框架</a></li>\r\n<li><a href=\"/zkeacms\" target=\"_blank\">ZKEACMS内容管理系统</a></li>\r\n<li><a href=\"https://github.com/SeriaWei/BingWallpaper\" target=\"_blank\">下载必应（Bing）每天壁纸</a></li>\r\n<li><a href=\"http://code.taobao.org/p/UploadToTietuku/src/\" target=\"_blank\">贴图库Chrome插件</a></li>\r\n</ul>\r\n</div>\r\n<p><em>更多作品将陆续开源，敬请期待，也欢迎广大开发者加入我们，用微信扫描下面二维码关注我们。</em></p>\r\n<p><img src=\"http://www.zkea.net/Upload/Images/20160318/263801921375bdf2.jpg\" alt=\"\" width=\"258\" height=\"258\" /></p>',1,'~/images/05.jpg',NULL,1,'2016-05-07 21:20:56.590000','admin','ZKEASOFT','2016-03-10 21:05:32.213000','admin','ZKEASOFT','2016-05-07 21:20:56.590000'),(59,'ZKEASOFT','ZKEASOFT 提供优质的软件服务，现已完成上线的产品有EasyFrameWork开发框架，ZkeaCMS内容管理系统，我们坚持开源，开放原则，把软件服务做得更好。',NULL,NULL,NULL,1,NULL,'<div class=\"jumbotron\">\r\n<h1>关于ZKEASOFT</h1>\r\n<h3>ZKEASOFT&nbsp;提供优质的软件服务，我们坚持开源，开放原则，把软件服务做得更好。</h3>\r\n<h4>已开源作品：</h4>\r\n<ul>\r\n<li><a href=\"/easyframework\" target=\"_blank\">EasyFrameWork开发框架</a></li>\r\n<li><a href=\"/zkeacms\" target=\"_blank\">ZKEACMS内容管理系统</a></li>\r\n<li><a href=\"https://github.com/SeriaWei/BingWallpaper\" target=\"_blank\">下载必应（Bing）每天壁纸</a></li>\r\n<li><a href=\"http://code.taobao.org/p/UploadToTietuku/src/\" target=\"_blank\">贴图库Chrome插件</a></li>\r\n</ul>\r\n</div>\r\n<p><em>更多作品将陆续开源，敬请期待，也欢迎广大开发者加入我们，用微信扫描下面二维码关注我们。</em></p>\r\n<p><img src=\"http://www.zkea.net/Upload/Images/20160318/263801921375bdf2.jpg\" alt=\"\" width=\"258\" height=\"258\" /></p>',1,'~/images/05.jpg',NULL,1,'2016-05-08 21:20:56.590000','admin','ZKEASOFT','2016-03-10 21:05:32.213000','admin','ZKEASOFT','2016-05-08 21:20:56.590000'),(60,'ZKEASOFT','ZKEASOFT 提供优质的软件服务，现已完成上线的产品有EasyFrameWork开发框架，ZkeaCMS内容管理系统，我们坚持开源，开放原则，把软件服务做得更好。',NULL,NULL,NULL,1,NULL,'<div class=\"jumbotron\">\r\n<h1>关于ZKEASOFT</h1>\r\n<h3>ZKEASOFT&nbsp;提供优质的软件服务，我们坚持开源，开放原则，把软件服务做得更好。</h3>\r\n<h4>已开源作品：</h4>\r\n<ul>\r\n<li><a href=\"/easyframework\" target=\"_blank\">EasyFrameWork开发框架</a></li>\r\n<li><a href=\"/zkeacms\" target=\"_blank\">ZKEACMS内容管理系统</a></li>\r\n<li><a href=\"https://github.com/SeriaWei/BingWallpaper\" target=\"_blank\">下载必应（Bing）每天壁纸</a></li>\r\n<li><a href=\"http://code.taobao.org/p/UploadToTietuku/src/\" target=\"_blank\">贴图库Chrome插件</a></li>\r\n</ul>\r\n</div>\r\n<p><em>更多作品将陆续开源，敬请期待，也欢迎广大开发者加入我们，用微信扫描下面二维码关注我们。</em></p>\r\n<p><img src=\"http://www.zkea.net/Upload/Images/20160318/263801921375bdf2.jpg\" alt=\"\" width=\"258\" height=\"258\" /></p>',1,'~/images/05.jpg',NULL,1,'2016-05-09 21:20:56.590000','admin','ZKEASOFT','2016-03-10 21:05:32.213000','admin','ZKEASOFT','2016-05-09 21:20:56.590000'),(61,'ZKEASOFT','ZKEASOFT 提供优质的软件服务，现已完成上线的产品有EasyFrameWork开发框架，ZkeaCMS内容管理系统，我们坚持开源，开放原则，把软件服务做得更好。',NULL,NULL,NULL,1,NULL,'<div class=\"jumbotron\">\r\n<h1>关于ZKEASOFT</h1>\r\n<h3>ZKEASOFT&nbsp;提供优质的软件服务，我们坚持开源，开放原则，把软件服务做得更好。</h3>\r\n<h4>已开源作品：</h4>\r\n<ul>\r\n<li><a href=\"/easyframework\" target=\"_blank\">EasyFrameWork开发框架</a></li>\r\n<li><a href=\"/zkeacms\" target=\"_blank\">ZKEACMS内容管理系统</a></li>\r\n<li><a href=\"https://github.com/SeriaWei/BingWallpaper\" target=\"_blank\">下载必应（Bing）每天壁纸</a></li>\r\n<li><a href=\"http://code.taobao.org/p/UploadToTietuku/src/\" target=\"_blank\">贴图库Chrome插件</a></li>\r\n</ul>\r\n</div>\r\n<p><em>更多作品将陆续开源，敬请期待，也欢迎广大开发者加入我们，用微信扫描下面二维码关注我们。</em></p>\r\n<p><img src=\"http://www.zkea.net/Upload/Images/20160318/263801921375bdf2.jpg\" alt=\"\" width=\"258\" height=\"258\" /></p>',1,'~/images/05.jpg',NULL,1,'2016-05-10 21:20:56.590000','admin','ZKEASOFT','2016-03-10 21:05:32.213000','admin','ZKEASOFT','2016-05-10 21:20:56.590000'),(62,'ZKEASOFT','ZKEASOFT 提供优质的软件服务，现已完成上线的产品有EasyFrameWork开发框架，ZkeaCMS内容管理系统，我们坚持开源，开放原则，把软件服务做得更好。',NULL,NULL,NULL,1,NULL,'<div class=\"jumbotron\">\r\n<h1>关于ZKEASOFT</h1>\r\n<h3>ZKEASOFT&nbsp;提供优质的软件服务，我们坚持开源，开放原则，把软件服务做得更好。</h3>\r\n<h4>已开源作品：</h4>\r\n<ul>\r\n<li><a href=\"/easyframework\" target=\"_blank\">EasyFrameWork开发框架</a></li>\r\n<li><a href=\"/zkeacms\" target=\"_blank\">ZKEACMS内容管理系统</a></li>\r\n<li><a href=\"https://github.com/SeriaWei/BingWallpaper\" target=\"_blank\">下载必应（Bing）每天壁纸</a></li>\r\n<li><a href=\"http://code.taobao.org/p/UploadToTietuku/src/\" target=\"_blank\">贴图库Chrome插件</a></li>\r\n</ul>\r\n</div>\r\n<p><em>更多作品将陆续开源，敬请期待，也欢迎广大开发者加入我们，用微信扫描下面二维码关注我们。</em></p>\r\n<p><img src=\"http://www.zkea.net/Upload/Images/20160318/263801921375bdf2.jpg\" alt=\"\" width=\"258\" height=\"258\" /></p>',1,'~/images/05.jpg',NULL,1,'2016-05-11 21:20:56.590000','admin','ZKEASOFT','2016-03-10 21:05:32.213000','admin','ZKEASOFT','2016-05-11 21:20:56.590000'),(63,'ZKEASOFT','ZKEASOFT 提供优质的软件服务，现已完成上线的产品有EasyFrameWork开发框架，ZkeaCMS内容管理系统，我们坚持开源，开放原则，把软件服务做得更好。',NULL,NULL,NULL,1,NULL,'<div class=\"jumbotron\">\r\n<h1>关于ZKEASOFT</h1>\r\n<h3>ZKEASOFT&nbsp;提供优质的软件服务，我们坚持开源，开放原则，把软件服务做得更好。</h3>\r\n<h4>已开源作品：</h4>\r\n<ul>\r\n<li><a href=\"/easyframework\" target=\"_blank\">EasyFrameWork开发框架</a></li>\r\n<li><a href=\"/zkeacms\" target=\"_blank\">ZKEACMS内容管理系统</a></li>\r\n<li><a href=\"https://github.com/SeriaWei/BingWallpaper\" target=\"_blank\">下载必应（Bing）每天壁纸</a></li>\r\n<li><a href=\"http://code.taobao.org/p/UploadToTietuku/src/\" target=\"_blank\">贴图库Chrome插件</a></li>\r\n</ul>\r\n</div>\r\n<p><em>更多作品将陆续开源，敬请期待，也欢迎广大开发者加入我们，用微信扫描下面二维码关注我们。</em></p>\r\n<p><img src=\"http://www.zkea.net/Upload/Images/20160318/263801921375bdf2.jpg\" alt=\"\" width=\"258\" height=\"258\" /></p>',1,'~/images/05.jpg',NULL,1,'2016-05-12 21:20:56.590000','admin','ZKEASOFT','2016-03-10 21:05:32.213000','admin','ZKEASOFT','2016-05-12 21:20:56.590000'),(64,'ZKEASOFT','ZKEASOFT 提供优质的软件服务，现已完成上线的产品有EasyFrameWork开发框架，ZkeaCMS内容管理系统，我们坚持开源，开放原则，把软件服务做得更好。',NULL,NULL,NULL,1,NULL,'<div class=\"jumbotron\">\r\n<h1>关于ZKEASOFT</h1>\r\n<h3>ZKEASOFT&nbsp;提供优质的软件服务，我们坚持开源，开放原则，把软件服务做得更好。</h3>\r\n<h4>已开源作品：</h4>\r\n<ul>\r\n<li><a href=\"/easyframework\" target=\"_blank\">EasyFrameWork开发框架</a></li>\r\n<li><a href=\"/zkeacms\" target=\"_blank\">ZKEACMS内容管理系统</a></li>\r\n<li><a href=\"https://github.com/SeriaWei/BingWallpaper\" target=\"_blank\">下载必应（Bing）每天壁纸</a></li>\r\n<li><a href=\"http://code.taobao.org/p/UploadToTietuku/src/\" target=\"_blank\">贴图库Chrome插件</a></li>\r\n</ul>\r\n</div>\r\n<p><em>更多作品将陆续开源，敬请期待，也欢迎广大开发者加入我们，用微信扫描下面二维码关注我们。</em></p>\r\n<p><img src=\"http://www.zkea.net/Upload/Images/20160318/263801921375bdf2.jpg\" alt=\"\" width=\"258\" height=\"258\" /></p>',1,'~/images/05.jpg',NULL,1,'2016-05-13 21:20:56.590000','admin','ZKEASOFT','2016-03-10 21:05:32.213000','admin','ZKEASOFT','2016-05-13 21:20:56.590000'),(65,'ZKEASOFT','ZKEASOFT 提供优质的软件服务，现已完成上线的产品有EasyFrameWork开发框架，ZkeaCMS内容管理系统，我们坚持开源，开放原则，把软件服务做得更好。',NULL,NULL,NULL,1,NULL,'<div class=\"jumbotron\">\r\n<h1>关于ZKEASOFT</h1>\r\n<h3>ZKEASOFT&nbsp;提供优质的软件服务，我们坚持开源，开放原则，把软件服务做得更好。</h3>\r\n<h4>已开源作品：</h4>\r\n<ul>\r\n<li><a href=\"/easyframework\" target=\"_blank\">EasyFrameWork开发框架</a></li>\r\n<li><a href=\"/zkeacms\" target=\"_blank\">ZKEACMS内容管理系统</a></li>\r\n<li><a href=\"https://github.com/SeriaWei/BingWallpaper\" target=\"_blank\">下载必应（Bing）每天壁纸</a></li>\r\n<li><a href=\"http://code.taobao.org/p/UploadToTietuku/src/\" target=\"_blank\">贴图库Chrome插件</a></li>\r\n</ul>\r\n</div>\r\n<p><em>更多作品将陆续开源，敬请期待，也欢迎广大开发者加入我们，用微信扫描下面二维码关注我们。</em></p>\r\n<p><img src=\"http://www.zkea.net/Upload/Images/20160318/263801921375bdf2.jpg\" alt=\"\" width=\"258\" height=\"258\" /></p>',1,'~/images/05.jpg',NULL,1,'2016-05-14 21:20:56.590000','admin','ZKEASOFT','2016-03-10 21:05:32.213000','admin','ZKEASOFT','2016-05-14 21:20:56.590000'),(66,'ZKEASOFT','ZKEASOFT 提供优质的软件服务，现已完成上线的产品有EasyFrameWork开发框架，ZkeaCMS内容管理系统，我们坚持开源，开放原则，把软件服务做得更好。',NULL,NULL,NULL,1,NULL,'<div class=\"jumbotron\">\r\n<h1>关于ZKEASOFT</h1>\r\n<h3>ZKEASOFT&nbsp;提供优质的软件服务，我们坚持开源，开放原则，把软件服务做得更好。</h3>\r\n<h4>已开源作品：</h4>\r\n<ul>\r\n<li><a href=\"/easyframework\" target=\"_blank\">EasyFrameWork开发框架</a></li>\r\n<li><a href=\"/zkeacms\" target=\"_blank\">ZKEACMS内容管理系统</a></li>\r\n<li><a href=\"https://github.com/SeriaWei/BingWallpaper\" target=\"_blank\">下载必应（Bing）每天壁纸</a></li>\r\n<li><a href=\"http://code.taobao.org/p/UploadToTietuku/src/\" target=\"_blank\">贴图库Chrome插件</a></li>\r\n</ul>\r\n</div>\r\n<p><em>更多作品将陆续开源，敬请期待，也欢迎广大开发者加入我们，用微信扫描下面二维码关注我们。</em></p>\r\n<p><img src=\"http://www.zkea.net/Upload/Images/20160318/263801921375bdf2.jpg\" alt=\"\" width=\"258\" height=\"258\" /></p>',1,'~/images/05.jpg',NULL,1,'2016-05-15 21:20:56.590000','admin','ZKEASOFT','2016-03-10 21:05:32.213000','admin','ZKEASOFT','2016-05-15 21:20:56.590000'),(67,'ZKEASOFT','ZKEASOFT 提供优质的软件服务，现已完成上线的产品有EasyFrameWork开发框架，ZkeaCMS内容管理系统，我们坚持开源，开放原则，把软件服务做得更好。',NULL,NULL,NULL,1,NULL,'<div class=\"jumbotron\">\r\n<h1>关于ZKEASOFT</h1>\r\n<h3>ZKEASOFT&nbsp;提供优质的软件服务，我们坚持开源，开放原则，把软件服务做得更好。</h3>\r\n<h4>已开源作品：</h4>\r\n<ul>\r\n<li><a href=\"/easyframework\" target=\"_blank\">EasyFrameWork开发框架</a></li>\r\n<li><a href=\"/zkeacms\" target=\"_blank\">ZKEACMS内容管理系统</a></li>\r\n<li><a href=\"https://github.com/SeriaWei/BingWallpaper\" target=\"_blank\">下载必应（Bing）每天壁纸</a></li>\r\n<li><a href=\"http://code.taobao.org/p/UploadToTietuku/src/\" target=\"_blank\">贴图库Chrome插件</a></li>\r\n</ul>\r\n</div>\r\n<p><em>更多作品将陆续开源，敬请期待，也欢迎广大开发者加入我们，用微信扫描下面二维码关注我们。</em></p>\r\n<p><img src=\"http://www.zkea.net/Upload/Images/20160318/263801921375bdf2.jpg\" alt=\"\" width=\"258\" height=\"258\" /></p>',1,'~/images/05.jpg',NULL,1,'2016-05-16 21:20:56.590000','admin','ZKEASOFT','2016-03-10 21:05:32.213000','admin','ZKEASOFT','2016-05-16 21:20:56.590000'),(68,'ZKEASOFT','ZKEASOFT 提供优质的软件服务，现已完成上线的产品有EasyFrameWork开发框架，ZkeaCMS内容管理系统，我们坚持开源，开放原则，把软件服务做得更好。',NULL,NULL,NULL,1,NULL,'<div class=\"jumbotron\">\r\n<h1>关于ZKEASOFT</h1>\r\n<h3>ZKEASOFT&nbsp;提供优质的软件服务，我们坚持开源，开放原则，把软件服务做得更好。</h3>\r\n<h4>已开源作品：</h4>\r\n<ul>\r\n<li><a href=\"/easyframework\" target=\"_blank\">EasyFrameWork开发框架</a></li>\r\n<li><a href=\"/zkeacms\" target=\"_blank\">ZKEACMS内容管理系统</a></li>\r\n<li><a href=\"https://github.com/SeriaWei/BingWallpaper\" target=\"_blank\">下载必应（Bing）每天壁纸</a></li>\r\n<li><a href=\"http://code.taobao.org/p/UploadToTietuku/src/\" target=\"_blank\">贴图库Chrome插件</a></li>\r\n</ul>\r\n</div>\r\n<p><em>更多作品将陆续开源，敬请期待，也欢迎广大开发者加入我们，用微信扫描下面二维码关注我们。</em></p>\r\n<p><img src=\"http://www.zkea.net/Upload/Images/20160318/263801921375bdf2.jpg\" alt=\"\" width=\"258\" height=\"258\" /></p>',1,'~/images/05.jpg',NULL,1,'2016-05-17 21:20:56.590000','admin','ZKEASOFT','2016-03-10 21:05:32.213000','admin','ZKEASOFT','2016-05-17 21:20:56.590000'),(69,'ZKEASOFT','ZKEASOFT 提供优质的软件服务，现已完成上线的产品有EasyFrameWork开发框架，ZkeaCMS内容管理系统，我们坚持开源，开放原则，把软件服务做得更好。',NULL,NULL,NULL,1,NULL,'<div class=\"jumbotron\">\r\n<h1>关于ZKEASOFT</h1>\r\n<h3>ZKEASOFT&nbsp;提供优质的软件服务，我们坚持开源，开放原则，把软件服务做得更好。</h3>\r\n<h4>已开源作品：</h4>\r\n<ul>\r\n<li><a href=\"/easyframework\" target=\"_blank\">EasyFrameWork开发框架</a></li>\r\n<li><a href=\"/zkeacms\" target=\"_blank\">ZKEACMS内容管理系统</a></li>\r\n<li><a href=\"https://github.com/SeriaWei/BingWallpaper\" target=\"_blank\">下载必应（Bing）每天壁纸</a></li>\r\n<li><a href=\"http://code.taobao.org/p/UploadToTietuku/src/\" target=\"_blank\">贴图库Chrome插件</a></li>\r\n</ul>\r\n</div>\r\n<p><em>更多作品将陆续开源，敬请期待，也欢迎广大开发者加入我们，用微信扫描下面二维码关注我们。</em></p>\r\n<p><img src=\"http://www.zkea.net/Upload/Images/20160318/263801921375bdf2.jpg\" alt=\"\" width=\"258\" height=\"258\" /></p>',1,'~/images/05.jpg',NULL,1,'2016-05-18 21:20:56.590000','admin','ZKEASOFT','2016-03-10 21:05:32.213000','admin','ZKEASOFT','2016-05-18 21:20:56.590000'),(70,'ZKEASOFT','ZKEASOFT 提供优质的软件服务，现已完成上线的产品有EasyFrameWork开发框架，ZkeaCMS内容管理系统，我们坚持开源，开放原则，把软件服务做得更好。',NULL,NULL,NULL,1,NULL,'<div class=\"jumbotron\">\r\n<h1>关于ZKEASOFT</h1>\r\n<h3>ZKEASOFT&nbsp;提供优质的软件服务，我们坚持开源，开放原则，把软件服务做得更好。</h3>\r\n<h4>已开源作品：</h4>\r\n<ul>\r\n<li><a href=\"/easyframework\" target=\"_blank\">EasyFrameWork开发框架</a></li>\r\n<li><a href=\"/zkeacms\" target=\"_blank\">ZKEACMS内容管理系统</a></li>\r\n<li><a href=\"https://github.com/SeriaWei/BingWallpaper\" target=\"_blank\">下载必应（Bing）每天壁纸</a></li>\r\n<li><a href=\"http://code.taobao.org/p/UploadToTietuku/src/\" target=\"_blank\">贴图库Chrome插件</a></li>\r\n</ul>\r\n</div>\r\n<p><em>更多作品将陆续开源，敬请期待，也欢迎广大开发者加入我们，用微信扫描下面二维码关注我们。</em></p>\r\n<p><img src=\"http://www.zkea.net/Upload/Images/20160318/263801921375bdf2.jpg\" alt=\"\" width=\"258\" height=\"258\" /></p>',1,'~/images/05.jpg',NULL,1,'2016-05-19 21:20:56.590000','admin','ZKEASOFT','2016-03-10 21:05:32.213000','admin','ZKEASOFT','2016-05-19 21:20:56.590000'),(71,'ZKEASOFT','ZKEASOFT 提供优质的软件服务，现已完成上线的产品有EasyFrameWork开发框架，ZkeaCMS内容管理系统，我们坚持开源，开放原则，把软件服务做得更好。',NULL,NULL,NULL,1,NULL,'<div class=\"jumbotron\">\r\n<h1>关于ZKEASOFT</h1>\r\n<h3>ZKEASOFT&nbsp;提供优质的软件服务，我们坚持开源，开放原则，把软件服务做得更好。</h3>\r\n<h4>已开源作品：</h4>\r\n<ul>\r\n<li><a href=\"/easyframework\" target=\"_blank\">EasyFrameWork开发框架</a></li>\r\n<li><a href=\"/zkeacms\" target=\"_blank\">ZKEACMS内容管理系统</a></li>\r\n<li><a href=\"https://github.com/SeriaWei/BingWallpaper\" target=\"_blank\">下载必应（Bing）每天壁纸</a></li>\r\n<li><a href=\"http://code.taobao.org/p/UploadToTietuku/src/\" target=\"_blank\">贴图库Chrome插件</a></li>\r\n</ul>\r\n</div>\r\n<p><em>更多作品将陆续开源，敬请期待，也欢迎广大开发者加入我们，用微信扫描下面二维码关注我们。</em></p>\r\n<p><img src=\"http://www.zkea.net/Upload/Images/20160318/263801921375bdf2.jpg\" alt=\"\" width=\"258\" height=\"258\" /></p>',1,'~/images/05.jpg',NULL,1,'2016-05-20 21:20:56.590000','admin','ZKEASOFT','2016-03-10 21:05:32.213000','admin','ZKEASOFT','2016-05-20 21:20:56.590000'),(72,'ZKEASOFT','ZKEASOFT 提供优质的软件服务，现已完成上线的产品有EasyFrameWork开发框架，ZkeaCMS内容管理系统，我们坚持开源，开放原则，把软件服务做得更好。',NULL,NULL,NULL,1,NULL,'<div class=\"jumbotron\">\r\n<h1>关于ZKEASOFT</h1>\r\n<h3>ZKEASOFT&nbsp;提供优质的软件服务，我们坚持开源，开放原则，把软件服务做得更好。</h3>\r\n<h4>已开源作品：</h4>\r\n<ul>\r\n<li><a href=\"/easyframework\" target=\"_blank\">EasyFrameWork开发框架</a></li>\r\n<li><a href=\"/zkeacms\" target=\"_blank\">ZKEACMS内容管理系统</a></li>\r\n<li><a href=\"https://github.com/SeriaWei/BingWallpaper\" target=\"_blank\">下载必应（Bing）每天壁纸</a></li>\r\n<li><a href=\"http://code.taobao.org/p/UploadToTietuku/src/\" target=\"_blank\">贴图库Chrome插件</a></li>\r\n</ul>\r\n</div>\r\n<p><em>更多作品将陆续开源，敬请期待，也欢迎广大开发者加入我们，用微信扫描下面二维码关注我们。</em></p>\r\n<p><img src=\"http://www.zkea.net/Upload/Images/20160318/263801921375bdf2.jpg\" alt=\"\" width=\"258\" height=\"258\" /></p>',1,'~/images/05.jpg',NULL,1,'2016-05-21 21:20:56.590000','admin','ZKEASOFT','2016-03-10 21:05:32.213000','admin','ZKEASOFT','2016-05-21 21:20:56.590000'),(73,'ZKEASOFT','ZKEASOFT 提供优质的软件服务，现已完成上线的产品有EasyFrameWork开发框架，ZkeaCMS内容管理系统，我们坚持开源，开放原则，把软件服务做得更好。',NULL,NULL,NULL,1,NULL,'<div class=\"jumbotron\">\r\n<h1>关于ZKEASOFT</h1>\r\n<h3>ZKEASOFT&nbsp;提供优质的软件服务，我们坚持开源，开放原则，把软件服务做得更好。</h3>\r\n<h4>已开源作品：</h4>\r\n<ul>\r\n<li><a href=\"/easyframework\" target=\"_blank\">EasyFrameWork开发框架</a></li>\r\n<li><a href=\"/zkeacms\" target=\"_blank\">ZKEACMS内容管理系统</a></li>\r\n<li><a href=\"https://github.com/SeriaWei/BingWallpaper\" target=\"_blank\">下载必应（Bing）每天壁纸</a></li>\r\n<li><a href=\"http://code.taobao.org/p/UploadToTietuku/src/\" target=\"_blank\">贴图库Chrome插件</a></li>\r\n</ul>\r\n</div>\r\n<p><em>更多作品将陆续开源，敬请期待，也欢迎广大开发者加入我们，用微信扫描下面二维码关注我们。</em></p>\r\n<p><img src=\"http://www.zkea.net/Upload/Images/20160318/263801921375bdf2.jpg\" alt=\"\" width=\"258\" height=\"258\" /></p>',1,'~/images/05.jpg',NULL,1,'2016-05-22 21:20:56.590000','admin','ZKEASOFT','2016-03-10 21:05:32.213000','admin','ZKEASOFT','2016-05-22 21:20:56.590000'),(74,'ZKEASOFT','ZKEASOFT 提供优质的软件服务，现已完成上线的产品有EasyFrameWork开发框架，ZkeaCMS内容管理系统，我们坚持开源，开放原则，把软件服务做得更好。',NULL,NULL,NULL,1,NULL,'<div class=\"jumbotron\">\r\n<h1>关于ZKEASOFT</h1>\r\n<h3>ZKEASOFT&nbsp;提供优质的软件服务，我们坚持开源，开放原则，把软件服务做得更好。</h3>\r\n<h4>已开源作品：</h4>\r\n<ul>\r\n<li><a href=\"/easyframework\" target=\"_blank\">EasyFrameWork开发框架</a></li>\r\n<li><a href=\"/zkeacms\" target=\"_blank\">ZKEACMS内容管理系统</a></li>\r\n<li><a href=\"https://github.com/SeriaWei/BingWallpaper\" target=\"_blank\">下载必应（Bing）每天壁纸</a></li>\r\n<li><a href=\"http://code.taobao.org/p/UploadToTietuku/src/\" target=\"_blank\">贴图库Chrome插件</a></li>\r\n</ul>\r\n</div>\r\n<p><em>更多作品将陆续开源，敬请期待，也欢迎广大开发者加入我们，用微信扫描下面二维码关注我们。</em></p>\r\n<p><img src=\"http://www.zkea.net/Upload/Images/20160318/263801921375bdf2.jpg\" alt=\"\" width=\"258\" height=\"258\" /></p>',1,'~/images/05.jpg',NULL,1,'2016-05-23 21:20:56.590000','admin','ZKEASOFT','2016-03-10 21:05:32.213000','admin','ZKEASOFT','2016-05-23 21:20:56.590000'),(75,'ZKEASOFT','ZKEASOFT 提供优质的软件服务，现已完成上线的产品有EasyFrameWork开发框架，ZkeaCMS内容管理系统，我们坚持开源，开放原则，把软件服务做得更好。',NULL,NULL,NULL,1,NULL,'<div class=\"jumbotron\">\r\n<h1>关于ZKEASOFT</h1>\r\n<h3>ZKEASOFT&nbsp;提供优质的软件服务，我们坚持开源，开放原则，把软件服务做得更好。</h3>\r\n<h4>已开源作品：</h4>\r\n<ul>\r\n<li><a href=\"/easyframework\" target=\"_blank\">EasyFrameWork开发框架</a></li>\r\n<li><a href=\"/zkeacms\" target=\"_blank\">ZKEACMS内容管理系统</a></li>\r\n<li><a href=\"https://github.com/SeriaWei/BingWallpaper\" target=\"_blank\">下载必应（Bing）每天壁纸</a></li>\r\n<li><a href=\"http://code.taobao.org/p/UploadToTietuku/src/\" target=\"_blank\">贴图库Chrome插件</a></li>\r\n</ul>\r\n</div>\r\n<p><em>更多作品将陆续开源，敬请期待，也欢迎广大开发者加入我们，用微信扫描下面二维码关注我们。</em></p>\r\n<p><img src=\"http://www.zkea.net/Upload/Images/20160318/263801921375bdf2.jpg\" alt=\"\" width=\"258\" height=\"258\" /></p>',1,'~/images/05.jpg',NULL,1,'2016-05-24 21:20:56.590000','admin','ZKEASOFT','2016-03-10 21:05:32.213000','admin','ZKEASOFT','2016-05-24 21:20:56.590000'),(76,'ZKEASOFT','ZKEASOFT 提供优质的软件服务，现已完成上线的产品有EasyFrameWork开发框架，ZkeaCMS内容管理系统，我们坚持开源，开放原则，把软件服务做得更好。',NULL,NULL,NULL,1,NULL,'<div class=\"jumbotron\">\r\n<h1>关于ZKEASOFT</h1>\r\n<h3>ZKEASOFT&nbsp;提供优质的软件服务，我们坚持开源，开放原则，把软件服务做得更好。</h3>\r\n<h4>已开源作品：</h4>\r\n<ul>\r\n<li><a href=\"/easyframework\" target=\"_blank\">EasyFrameWork开发框架</a></li>\r\n<li><a href=\"/zkeacms\" target=\"_blank\">ZKEACMS内容管理系统</a></li>\r\n<li><a href=\"https://github.com/SeriaWei/BingWallpaper\" target=\"_blank\">下载必应（Bing）每天壁纸</a></li>\r\n<li><a href=\"http://code.taobao.org/p/UploadToTietuku/src/\" target=\"_blank\">贴图库Chrome插件</a></li>\r\n</ul>\r\n</div>\r\n<p><em>更多作品将陆续开源，敬请期待，也欢迎广大开发者加入我们，用微信扫描下面二维码关注我们。</em></p>\r\n<p><img src=\"http://www.zkea.net/Upload/Images/20160318/263801921375bdf2.jpg\" alt=\"\" width=\"258\" height=\"258\" /></p>',1,'~/images/05.jpg',NULL,1,'2016-05-25 21:20:56.590000','admin','ZKEASOFT','2016-03-10 21:05:32.213000','admin','ZKEASOFT','2016-05-25 21:20:56.590000'),(77,'ZKEASOFT','ZKEASOFT 提供优质的软件服务，现已完成上线的产品有EasyFrameWork开发框架，ZkeaCMS内容管理系统，我们坚持开源，开放原则，把软件服务做得更好。',NULL,NULL,NULL,1,NULL,'<div class=\"jumbotron\">\r\n<h1>关于ZKEASOFT</h1>\r\n<h3>ZKEASOFT&nbsp;提供优质的软件服务，我们坚持开源，开放原则，把软件服务做得更好。</h3>\r\n<h4>已开源作品：</h4>\r\n<ul>\r\n<li><a href=\"/easyframework\" target=\"_blank\">EasyFrameWork开发框架</a></li>\r\n<li><a href=\"/zkeacms\" target=\"_blank\">ZKEACMS内容管理系统</a></li>\r\n<li><a href=\"https://github.com/SeriaWei/BingWallpaper\" target=\"_blank\">下载必应（Bing）每天壁纸</a></li>\r\n<li><a href=\"http://code.taobao.org/p/UploadToTietuku/src/\" target=\"_blank\">贴图库Chrome插件</a></li>\r\n</ul>\r\n</div>\r\n<p><em>更多作品将陆续开源，敬请期待，也欢迎广大开发者加入我们，用微信扫描下面二维码关注我们。</em></p>\r\n<p><img src=\"http://www.zkea.net/Upload/Images/20160318/263801921375bdf2.jpg\" alt=\"\" width=\"258\" height=\"258\" /></p>',1,'~/images/05.jpg',NULL,1,'2016-05-26 21:20:56.590000','admin','ZKEASOFT','2016-03-10 21:05:32.213000','admin','ZKEASOFT','2016-05-26 21:20:56.590000'),(78,'ZKEASOFT','ZKEASOFT 提供优质的软件服务，现已完成上线的产品有EasyFrameWork开发框架，ZkeaCMS内容管理系统，我们坚持开源，开放原则，把软件服务做得更好。',NULL,NULL,NULL,1,NULL,'<div class=\"jumbotron\">\r\n<h1>关于ZKEASOFT</h1>\r\n<h3>ZKEASOFT&nbsp;提供优质的软件服务，我们坚持开源，开放原则，把软件服务做得更好。</h3>\r\n<h4>已开源作品：</h4>\r\n<ul>\r\n<li><a href=\"/easyframework\" target=\"_blank\">EasyFrameWork开发框架</a></li>\r\n<li><a href=\"/zkeacms\" target=\"_blank\">ZKEACMS内容管理系统</a></li>\r\n<li><a href=\"https://github.com/SeriaWei/BingWallpaper\" target=\"_blank\">下载必应（Bing）每天壁纸</a></li>\r\n<li><a href=\"http://code.taobao.org/p/UploadToTietuku/src/\" target=\"_blank\">贴图库Chrome插件</a></li>\r\n</ul>\r\n</div>\r\n<p><em>更多作品将陆续开源，敬请期待，也欢迎广大开发者加入我们，用微信扫描下面二维码关注我们。</em></p>\r\n<p><img src=\"http://www.zkea.net/Upload/Images/20160318/263801921375bdf2.jpg\" alt=\"\" width=\"258\" height=\"258\" /></p>',1,'~/images/05.jpg',NULL,1,'2016-05-27 21:20:56.590000','admin','ZKEASOFT','2016-03-10 21:05:32.213000','admin','ZKEASOFT','2016-05-27 21:20:56.590000'),(79,'ZKEASOFT','ZKEASOFT 提供优质的软件服务，现已完成上线的产品有EasyFrameWork开发框架，ZkeaCMS内容管理系统，我们坚持开源，开放原则，把软件服务做得更好。',NULL,NULL,NULL,1,NULL,'<div class=\"jumbotron\">\r\n<h1>关于ZKEASOFT</h1>\r\n<h3>ZKEASOFT&nbsp;提供优质的软件服务，我们坚持开源，开放原则，把软件服务做得更好。</h3>\r\n<h4>已开源作品：</h4>\r\n<ul>\r\n<li><a href=\"/easyframework\" target=\"_blank\">EasyFrameWork开发框架</a></li>\r\n<li><a href=\"/zkeacms\" target=\"_blank\">ZKEACMS内容管理系统</a></li>\r\n<li><a href=\"https://github.com/SeriaWei/BingWallpaper\" target=\"_blank\">下载必应（Bing）每天壁纸</a></li>\r\n<li><a href=\"http://code.taobao.org/p/UploadToTietuku/src/\" target=\"_blank\">贴图库Chrome插件</a></li>\r\n</ul>\r\n</div>\r\n<p><em>更多作品将陆续开源，敬请期待，也欢迎广大开发者加入我们，用微信扫描下面二维码关注我们。</em></p>\r\n<p><img src=\"http://www.zkea.net/Upload/Images/20160318/263801921375bdf2.jpg\" alt=\"\" width=\"258\" height=\"258\" /></p>',1,'~/images/05.jpg',NULL,1,'2016-05-28 21:20:56.590000','admin','ZKEASOFT','2016-03-10 21:05:32.213000','admin','ZKEASOFT','2016-05-28 21:20:56.590000'),(80,'ZKEASOFT','ZKEASOFT 提供优质的软件服务，现已完成上线的产品有EasyFrameWork开发框架，ZkeaCMS内容管理系统，我们坚持开源，开放原则，把软件服务做得更好。',NULL,NULL,NULL,1,NULL,'<div class=\"jumbotron\">\r\n<h1>关于ZKEASOFT</h1>\r\n<h3>ZKEASOFT&nbsp;提供优质的软件服务，我们坚持开源，开放原则，把软件服务做得更好。</h3>\r\n<h4>已开源作品：</h4>\r\n<ul>\r\n<li><a href=\"/easyframework\" target=\"_blank\">EasyFrameWork开发框架</a></li>\r\n<li><a href=\"/zkeacms\" target=\"_blank\">ZKEACMS内容管理系统</a></li>\r\n<li><a href=\"https://github.com/SeriaWei/BingWallpaper\" target=\"_blank\">下载必应（Bing）每天壁纸</a></li>\r\n<li><a href=\"http://code.taobao.org/p/UploadToTietuku/src/\" target=\"_blank\">贴图库Chrome插件</a></li>\r\n</ul>\r\n</div>\r\n<p><em>更多作品将陆续开源，敬请期待，也欢迎广大开发者加入我们，用微信扫描下面二维码关注我们。</em></p>\r\n<p><img src=\"http://www.zkea.net/Upload/Images/20160318/263801921375bdf2.jpg\" alt=\"\" width=\"258\" height=\"258\" /></p>',1,'~/images/05.jpg',NULL,1,'2016-05-29 21:20:56.590000','admin','ZKEASOFT','2016-03-10 21:05:32.213000','admin','ZKEASOFT','2016-05-29 21:20:56.590000'),(81,'ZKEASOFT','ZKEASOFT 提供优质的软件服务，现已完成上线的产品有EasyFrameWork开发框架，ZkeaCMS内容管理系统，我们坚持开源，开放原则，把软件服务做得更好。',NULL,NULL,NULL,1,NULL,'<div class=\"jumbotron\">\r\n<h1>关于ZKEASOFT</h1>\r\n<h3>ZKEASOFT&nbsp;提供优质的软件服务，我们坚持开源，开放原则，把软件服务做得更好。</h3>\r\n<h4>已开源作品：</h4>\r\n<ul>\r\n<li><a href=\"/easyframework\" target=\"_blank\">EasyFrameWork开发框架</a></li>\r\n<li><a href=\"/zkeacms\" target=\"_blank\">ZKEACMS内容管理系统</a></li>\r\n<li><a href=\"https://github.com/SeriaWei/BingWallpaper\" target=\"_blank\">下载必应（Bing）每天壁纸</a></li>\r\n<li><a href=\"http://code.taobao.org/p/UploadToTietuku/src/\" target=\"_blank\">贴图库Chrome插件</a></li>\r\n</ul>\r\n</div>\r\n<p><em>更多作品将陆续开源，敬请期待，也欢迎广大开发者加入我们，用微信扫描下面二维码关注我们。</em></p>\r\n<p><img src=\"http://www.zkea.net/Upload/Images/20160318/263801921375bdf2.jpg\" alt=\"\" width=\"258\" height=\"258\" /></p>',1,'~/images/05.jpg',NULL,1,'2016-05-30 21:20:56.590000','admin','ZKEASOFT','2016-03-10 21:05:32.213000','admin','ZKEASOFT','2016-05-30 21:20:56.590000'),(82,'ZKEASOFT','ZKEASOFT 提供优质的软件服务，现已完成上线的产品有EasyFrameWork开发框架，ZkeaCMS内容管理系统，我们坚持开源，开放原则，把软件服务做得更好。',NULL,NULL,NULL,1,NULL,'<div class=\"jumbotron\">\r\n<h1>关于ZKEASOFT</h1>\r\n<h3>ZKEASOFT&nbsp;提供优质的软件服务，我们坚持开源，开放原则，把软件服务做得更好。</h3>\r\n<h4>已开源作品：</h4>\r\n<ul>\r\n<li><a href=\"/easyframework\" target=\"_blank\">EasyFrameWork开发框架</a></li>\r\n<li><a href=\"/zkeacms\" target=\"_blank\">ZKEACMS内容管理系统</a></li>\r\n<li><a href=\"https://github.com/SeriaWei/BingWallpaper\" target=\"_blank\">下载必应（Bing）每天壁纸</a></li>\r\n<li><a href=\"http://code.taobao.org/p/UploadToTietuku/src/\" target=\"_blank\">贴图库Chrome插件</a></li>\r\n</ul>\r\n</div>\r\n<p><em>更多作品将陆续开源，敬请期待，也欢迎广大开发者加入我们，用微信扫描下面二维码关注我们。</em></p>\r\n<p><img src=\"http://www.zkea.net/Upload/Images/20160318/263801921375bdf2.jpg\" alt=\"\" width=\"258\" height=\"258\" /></p>',1,'~/images/05.jpg',NULL,1,'2016-05-31 21:20:56.590000','admin','ZKEASOFT','2016-03-10 21:05:32.213000','admin','ZKEASOFT','2016-05-31 21:20:56.590000'),(83,'ZKEASOFT','ZKEASOFT 提供优质的软件服务，现已完成上线的产品有EasyFrameWork开发框架，ZkeaCMS内容管理系统，我们坚持开源，开放原则，把软件服务做得更好。',NULL,NULL,NULL,1,NULL,'<div class=\"jumbotron\">\r\n<h1>关于ZKEASOFT</h1>\r\n<h3>ZKEASOFT&nbsp;提供优质的软件服务，我们坚持开源，开放原则，把软件服务做得更好。</h3>\r\n<h4>已开源作品：</h4>\r\n<ul>\r\n<li><a href=\"/easyframework\" target=\"_blank\">EasyFrameWork开发框架</a></li>\r\n<li><a href=\"/zkeacms\" target=\"_blank\">ZKEACMS内容管理系统</a></li>\r\n<li><a href=\"https://github.com/SeriaWei/BingWallpaper\" target=\"_blank\">下载必应（Bing）每天壁纸</a></li>\r\n<li><a href=\"http://code.taobao.org/p/UploadToTietuku/src/\" target=\"_blank\">贴图库Chrome插件</a></li>\r\n</ul>\r\n</div>\r\n<p><em>更多作品将陆续开源，敬请期待，也欢迎广大开发者加入我们，用微信扫描下面二维码关注我们。</em></p>\r\n<p><img src=\"http://www.zkea.net/Upload/Images/20160318/263801921375bdf2.jpg\" alt=\"\" width=\"258\" height=\"258\" /></p>',1,'~/images/05.jpg',NULL,1,'2016-06-01 21:20:56.590000','admin','ZKEASOFT','2016-03-10 21:05:32.213000','admin','ZKEASOFT','2016-06-01 21:20:56.590000'),(84,'ZKEASOFT','ZKEASOFT 提供优质的软件服务，现已完成上线的产品有EasyFrameWork开发框架，ZkeaCMS内容管理系统，我们坚持开源，开放原则，把软件服务做得更好。',NULL,NULL,NULL,1,NULL,'<div class=\"jumbotron\">\r\n<h1>关于ZKEASOFT</h1>\r\n<h3>ZKEASOFT&nbsp;提供优质的软件服务，我们坚持开源，开放原则，把软件服务做得更好。</h3>\r\n<h4>已开源作品：</h4>\r\n<ul>\r\n<li><a href=\"/easyframework\" target=\"_blank\">EasyFrameWork开发框架</a></li>\r\n<li><a href=\"/zkeacms\" target=\"_blank\">ZKEACMS内容管理系统</a></li>\r\n<li><a href=\"https://github.com/SeriaWei/BingWallpaper\" target=\"_blank\">下载必应（Bing）每天壁纸</a></li>\r\n<li><a href=\"http://code.taobao.org/p/UploadToTietuku/src/\" target=\"_blank\">贴图库Chrome插件</a></li>\r\n</ul>\r\n</div>\r\n<p><em>更多作品将陆续开源，敬请期待，也欢迎广大开发者加入我们，用微信扫描下面二维码关注我们。</em></p>\r\n<p><img src=\"http://www.zkea.net/Upload/Images/20160318/263801921375bdf2.jpg\" alt=\"\" width=\"258\" height=\"258\" /></p>',1,'~/images/05.jpg',NULL,1,'2016-06-02 21:20:56.590000','admin','ZKEASOFT','2016-03-10 21:05:32.213000','admin','ZKEASOFT','2016-06-02 21:20:56.590000'),(85,'ZKEASOFT','ZKEASOFT 提供优质的软件服务，现已完成上线的产品有EasyFrameWork开发框架，ZkeaCMS内容管理系统，我们坚持开源，开放原则，把软件服务做得更好。',NULL,NULL,NULL,1,NULL,'<div class=\"jumbotron\">\r\n<h1>关于ZKEASOFT</h1>\r\n<h3>ZKEASOFT&nbsp;提供优质的软件服务，我们坚持开源，开放原则，把软件服务做得更好。</h3>\r\n<h4>已开源作品：</h4>\r\n<ul>\r\n<li><a href=\"/easyframework\" target=\"_blank\">EasyFrameWork开发框架</a></li>\r\n<li><a href=\"/zkeacms\" target=\"_blank\">ZKEACMS内容管理系统</a></li>\r\n<li><a href=\"https://github.com/SeriaWei/BingWallpaper\" target=\"_blank\">下载必应（Bing）每天壁纸</a></li>\r\n<li><a href=\"http://code.taobao.org/p/UploadToTietuku/src/\" target=\"_blank\">贴图库Chrome插件</a></li>\r\n</ul>\r\n</div>\r\n<p><em>更多作品将陆续开源，敬请期待，也欢迎广大开发者加入我们，用微信扫描下面二维码关注我们。</em></p>\r\n<p><img src=\"http://www.zkea.net/Upload/Images/20160318/263801921375bdf2.jpg\" alt=\"\" width=\"258\" height=\"258\" /></p>',1,'~/images/05.jpg',NULL,1,'2016-06-03 21:20:56.590000','admin','ZKEASOFT','2016-03-10 21:05:32.213000','admin','ZKEASOFT','2016-06-03 21:20:56.590000'),(86,'ZKEASOFT','ZKEASOFT 提供优质的软件服务，现已完成上线的产品有EasyFrameWork开发框架，ZkeaCMS内容管理系统，我们坚持开源，开放原则，把软件服务做得更好。',NULL,NULL,NULL,1,NULL,'<div class=\"jumbotron\">\r\n<h1>关于ZKEASOFT</h1>\r\n<h3>ZKEASOFT&nbsp;提供优质的软件服务，我们坚持开源，开放原则，把软件服务做得更好。</h3>\r\n<h4>已开源作品：</h4>\r\n<ul>\r\n<li><a href=\"/easyframework\" target=\"_blank\">EasyFrameWork开发框架</a></li>\r\n<li><a href=\"/zkeacms\" target=\"_blank\">ZKEACMS内容管理系统</a></li>\r\n<li><a href=\"https://github.com/SeriaWei/BingWallpaper\" target=\"_blank\">下载必应（Bing）每天壁纸</a></li>\r\n<li><a href=\"http://code.taobao.org/p/UploadToTietuku/src/\" target=\"_blank\">贴图库Chrome插件</a></li>\r\n</ul>\r\n</div>\r\n<p><em>更多作品将陆续开源，敬请期待，也欢迎广大开发者加入我们，用微信扫描下面二维码关注我们。</em></p>\r\n<p><img src=\"http://www.zkea.net/Upload/Images/20160318/263801921375bdf2.jpg\" alt=\"\" width=\"258\" height=\"258\" /></p>',1,'~/images/05.jpg',NULL,1,'2016-06-04 21:20:56.590000','admin','ZKEASOFT','2016-03-10 21:05:32.213000','admin','ZKEASOFT','2016-06-04 21:20:56.590000'),(87,'ZKEASOFT','ZKEASOFT 提供优质的软件服务，现已完成上线的产品有EasyFrameWork开发框架，ZkeaCMS内容管理系统，我们坚持开源，开放原则，把软件服务做得更好。',NULL,NULL,NULL,1,NULL,'<div class=\"jumbotron\">\r\n<h1>关于ZKEASOFT</h1>\r\n<h3>ZKEASOFT&nbsp;提供优质的软件服务，我们坚持开源，开放原则，把软件服务做得更好。</h3>\r\n<h4>已开源作品：</h4>\r\n<ul>\r\n<li><a href=\"/easyframework\" target=\"_blank\">EasyFrameWork开发框架</a></li>\r\n<li><a href=\"/zkeacms\" target=\"_blank\">ZKEACMS内容管理系统</a></li>\r\n<li><a href=\"https://github.com/SeriaWei/BingWallpaper\" target=\"_blank\">下载必应（Bing）每天壁纸</a></li>\r\n<li><a href=\"http://code.taobao.org/p/UploadToTietuku/src/\" target=\"_blank\">贴图库Chrome插件</a></li>\r\n</ul>\r\n</div>\r\n<p><em>更多作品将陆续开源，敬请期待，也欢迎广大开发者加入我们，用微信扫描下面二维码关注我们。</em></p>\r\n<p><img src=\"http://www.zkea.net/Upload/Images/20160318/263801921375bdf2.jpg\" alt=\"\" width=\"258\" height=\"258\" /></p>',1,'~/images/05.jpg',NULL,1,'2016-06-05 21:20:56.590000','admin','ZKEASOFT','2016-03-10 21:05:32.213000','admin','ZKEASOFT','2016-06-05 21:20:56.590000'),(88,'ZKEASOFT','ZKEASOFT 提供优质的软件服务，现已完成上线的产品有EasyFrameWork开发框架，ZkeaCMS内容管理系统，我们坚持开源，开放原则，把软件服务做得更好。',NULL,NULL,NULL,1,NULL,'<div class=\"jumbotron\">\r\n<h1>关于ZKEASOFT</h1>\r\n<h3>ZKEASOFT&nbsp;提供优质的软件服务，我们坚持开源，开放原则，把软件服务做得更好。</h3>\r\n<h4>已开源作品：</h4>\r\n<ul>\r\n<li><a href=\"/easyframework\" target=\"_blank\">EasyFrameWork开发框架</a></li>\r\n<li><a href=\"/zkeacms\" target=\"_blank\">ZKEACMS内容管理系统</a></li>\r\n<li><a href=\"https://github.com/SeriaWei/BingWallpaper\" target=\"_blank\">下载必应（Bing）每天壁纸</a></li>\r\n<li><a href=\"http://code.taobao.org/p/UploadToTietuku/src/\" target=\"_blank\">贴图库Chrome插件</a></li>\r\n</ul>\r\n</div>\r\n<p><em>更多作品将陆续开源，敬请期待，也欢迎广大开发者加入我们，用微信扫描下面二维码关注我们。</em></p>\r\n<p><img src=\"http://www.zkea.net/Upload/Images/20160318/263801921375bdf2.jpg\" alt=\"\" width=\"258\" height=\"258\" /></p>',1,'~/images/05.jpg',NULL,1,'2016-06-06 21:20:56.590000','admin','ZKEASOFT','2016-03-10 21:05:32.213000','admin','ZKEASOFT','2016-06-06 21:20:56.590000'),(89,'ZKEASOFT','ZKEASOFT 提供优质的软件服务，现已完成上线的产品有EasyFrameWork开发框架，ZkeaCMS内容管理系统，我们坚持开源，开放原则，把软件服务做得更好。',NULL,NULL,NULL,1,NULL,'<div class=\"jumbotron\">\r\n<h1>关于ZKEASOFT</h1>\r\n<h3>ZKEASOFT&nbsp;提供优质的软件服务，我们坚持开源，开放原则，把软件服务做得更好。</h3>\r\n<h4>已开源作品：</h4>\r\n<ul>\r\n<li><a href=\"/easyframework\" target=\"_blank\">EasyFrameWork开发框架</a></li>\r\n<li><a href=\"/zkeacms\" target=\"_blank\">ZKEACMS内容管理系统</a></li>\r\n<li><a href=\"https://github.com/SeriaWei/BingWallpaper\" target=\"_blank\">下载必应（Bing）每天壁纸</a></li>\r\n<li><a href=\"http://code.taobao.org/p/UploadToTietuku/src/\" target=\"_blank\">贴图库Chrome插件</a></li>\r\n</ul>\r\n</div>\r\n<p><em>更多作品将陆续开源，敬请期待，也欢迎广大开发者加入我们，用微信扫描下面二维码关注我们。</em></p>\r\n<p><img src=\"http://www.zkea.net/Upload/Images/20160318/263801921375bdf2.jpg\" alt=\"\" width=\"258\" height=\"258\" /></p>',1,'~/images/05.jpg',NULL,1,'2016-06-07 21:20:56.590000','admin','ZKEASOFT','2016-03-10 21:05:32.213000','admin','ZKEASOFT','2016-06-07 21:20:56.590000'),(90,'ZKEASOFT','ZKEASOFT 提供优质的软件服务，现已完成上线的产品有EasyFrameWork开发框架，ZkeaCMS内容管理系统，我们坚持开源，开放原则，把软件服务做得更好。',NULL,NULL,NULL,1,NULL,'<div class=\"jumbotron\">\r\n<h1>关于ZKEASOFT</h1>\r\n<h3>ZKEASOFT&nbsp;提供优质的软件服务，我们坚持开源，开放原则，把软件服务做得更好。</h3>\r\n<h4>已开源作品：</h4>\r\n<ul>\r\n<li><a href=\"/easyframework\" target=\"_blank\">EasyFrameWork开发框架</a></li>\r\n<li><a href=\"/zkeacms\" target=\"_blank\">ZKEACMS内容管理系统</a></li>\r\n<li><a href=\"https://github.com/SeriaWei/BingWallpaper\" target=\"_blank\">下载必应（Bing）每天壁纸</a></li>\r\n<li><a href=\"http://code.taobao.org/p/UploadToTietuku/src/\" target=\"_blank\">贴图库Chrome插件</a></li>\r\n</ul>\r\n</div>\r\n<p><em>更多作品将陆续开源，敬请期待，也欢迎广大开发者加入我们，用微信扫描下面二维码关注我们。</em></p>\r\n<p><img src=\"http://www.zkea.net/Upload/Images/20160318/263801921375bdf2.jpg\" alt=\"\" width=\"258\" height=\"258\" /></p>',1,'~/images/05.jpg',NULL,1,'2016-06-08 21:20:56.590000','admin','ZKEASOFT','2016-03-10 21:05:32.213000','admin','ZKEASOFT','2016-06-08 21:20:56.590000'),(91,'ZKEASOFT','ZKEASOFT 提供优质的软件服务，现已完成上线的产品有EasyFrameWork开发框架，ZkeaCMS内容管理系统，我们坚持开源，开放原则，把软件服务做得更好。',NULL,NULL,NULL,1,NULL,'<div class=\"jumbotron\">\r\n<h1>关于ZKEASOFT</h1>\r\n<h3>ZKEASOFT&nbsp;提供优质的软件服务，我们坚持开源，开放原则，把软件服务做得更好。</h3>\r\n<h4>已开源作品：</h4>\r\n<ul>\r\n<li><a href=\"/easyframework\" target=\"_blank\">EasyFrameWork开发框架</a></li>\r\n<li><a href=\"/zkeacms\" target=\"_blank\">ZKEACMS内容管理系统</a></li>\r\n<li><a href=\"https://github.com/SeriaWei/BingWallpaper\" target=\"_blank\">下载必应（Bing）每天壁纸</a></li>\r\n<li><a href=\"http://code.taobao.org/p/UploadToTietuku/src/\" target=\"_blank\">贴图库Chrome插件</a></li>\r\n</ul>\r\n</div>\r\n<p><em>更多作品将陆续开源，敬请期待，也欢迎广大开发者加入我们，用微信扫描下面二维码关注我们。</em></p>\r\n<p><img src=\"http://www.zkea.net/Upload/Images/20160318/263801921375bdf2.jpg\" alt=\"\" width=\"258\" height=\"258\" /></p>',1,'~/images/05.jpg',NULL,1,'2016-06-09 21:20:56.590000','admin','ZKEASOFT','2016-03-10 21:05:32.213000','admin','ZKEASOFT','2016-06-09 21:20:56.590000'),(92,'ZKEASOFT','ZKEASOFT 提供优质的软件服务，现已完成上线的产品有EasyFrameWork开发框架，ZkeaCMS内容管理系统，我们坚持开源，开放原则，把软件服务做得更好。',NULL,NULL,NULL,1,NULL,'<div class=\"jumbotron\">\r\n<h1>关于ZKEASOFT</h1>\r\n<h3>ZKEASOFT&nbsp;提供优质的软件服务，我们坚持开源，开放原则，把软件服务做得更好。</h3>\r\n<h4>已开源作品：</h4>\r\n<ul>\r\n<li><a href=\"/easyframework\" target=\"_blank\">EasyFrameWork开发框架</a></li>\r\n<li><a href=\"/zkeacms\" target=\"_blank\">ZKEACMS内容管理系统</a></li>\r\n<li><a href=\"https://github.com/SeriaWei/BingWallpaper\" target=\"_blank\">下载必应（Bing）每天壁纸</a></li>\r\n<li><a href=\"http://code.taobao.org/p/UploadToTietuku/src/\" target=\"_blank\">贴图库Chrome插件</a></li>\r\n</ul>\r\n</div>\r\n<p><em>更多作品将陆续开源，敬请期待，也欢迎广大开发者加入我们，用微信扫描下面二维码关注我们。</em></p>\r\n<p><img src=\"http://www.zkea.net/Upload/Images/20160318/263801921375bdf2.jpg\" alt=\"\" width=\"258\" height=\"258\" /></p>',1,'~/images/05.jpg',NULL,1,'2016-06-10 21:20:56.590000','admin','ZKEASOFT','2016-03-10 21:05:32.213000','admin','ZKEASOFT','2016-06-10 21:20:56.590000'),(93,'ZKEASOFT','ZKEASOFT 提供优质的软件服务，现已完成上线的产品有EasyFrameWork开发框架，ZkeaCMS内容管理系统，我们坚持开源，开放原则，把软件服务做得更好。',NULL,NULL,NULL,1,NULL,'<div class=\"jumbotron\">\r\n<h1>关于ZKEASOFT</h1>\r\n<h3>ZKEASOFT&nbsp;提供优质的软件服务，我们坚持开源，开放原则，把软件服务做得更好。</h3>\r\n<h4>已开源作品：</h4>\r\n<ul>\r\n<li><a href=\"/easyframework\" target=\"_blank\">EasyFrameWork开发框架</a></li>\r\n<li><a href=\"/zkeacms\" target=\"_blank\">ZKEACMS内容管理系统</a></li>\r\n<li><a href=\"https://github.com/SeriaWei/BingWallpaper\" target=\"_blank\">下载必应（Bing）每天壁纸</a></li>\r\n<li><a href=\"http://code.taobao.org/p/UploadToTietuku/src/\" target=\"_blank\">贴图库Chrome插件</a></li>\r\n</ul>\r\n</div>\r\n<p><em>更多作品将陆续开源，敬请期待，也欢迎广大开发者加入我们，用微信扫描下面二维码关注我们。</em></p>\r\n<p><img src=\"http://www.zkea.net/Upload/Images/20160318/263801921375bdf2.jpg\" alt=\"\" width=\"258\" height=\"258\" /></p>',1,'~/images/05.jpg',NULL,1,'2016-06-11 21:20:56.590000','admin','ZKEASOFT','2016-03-10 21:05:32.213000','admin','ZKEASOFT','2016-06-11 21:20:56.590000'),(94,'ZKEASOFT','ZKEASOFT 提供优质的软件服务，现已完成上线的产品有EasyFrameWork开发框架，ZkeaCMS内容管理系统，我们坚持开源，开放原则，把软件服务做得更好。',NULL,NULL,NULL,1,NULL,'<div class=\"jumbotron\">\r\n<h1>关于ZKEASOFT</h1>\r\n<h3>ZKEASOFT&nbsp;提供优质的软件服务，我们坚持开源，开放原则，把软件服务做得更好。</h3>\r\n<h4>已开源作品：</h4>\r\n<ul>\r\n<li><a href=\"/easyframework\" target=\"_blank\">EasyFrameWork开发框架</a></li>\r\n<li><a href=\"/zkeacms\" target=\"_blank\">ZKEACMS内容管理系统</a></li>\r\n<li><a href=\"https://github.com/SeriaWei/BingWallpaper\" target=\"_blank\">下载必应（Bing）每天壁纸</a></li>\r\n<li><a href=\"http://code.taobao.org/p/UploadToTietuku/src/\" target=\"_blank\">贴图库Chrome插件</a></li>\r\n</ul>\r\n</div>\r\n<p><em>更多作品将陆续开源，敬请期待，也欢迎广大开发者加入我们，用微信扫描下面二维码关注我们。</em></p>\r\n<p><img src=\"http://www.zkea.net/Upload/Images/20160318/263801921375bdf2.jpg\" alt=\"\" width=\"258\" height=\"258\" /></p>',1,'~/images/05.jpg',NULL,1,'2016-06-12 21:20:56.590000','admin','ZKEASOFT','2016-03-10 21:05:32.213000','admin','ZKEASOFT','2016-06-12 21:20:56.590000'),(95,'ZKEASOFT','ZKEASOFT 提供优质的软件服务，现已完成上线的产品有EasyFrameWork开发框架，ZkeaCMS内容管理系统，我们坚持开源，开放原则，把软件服务做得更好。',NULL,NULL,NULL,1,NULL,'<div class=\"jumbotron\">\r\n<h1>关于ZKEASOFT</h1>\r\n<h3>ZKEASOFT&nbsp;提供优质的软件服务，我们坚持开源，开放原则，把软件服务做得更好。</h3>\r\n<h4>已开源作品：</h4>\r\n<ul>\r\n<li><a href=\"/easyframework\" target=\"_blank\">EasyFrameWork开发框架</a></li>\r\n<li><a href=\"/zkeacms\" target=\"_blank\">ZKEACMS内容管理系统</a></li>\r\n<li><a href=\"https://github.com/SeriaWei/BingWallpaper\" target=\"_blank\">下载必应（Bing）每天壁纸</a></li>\r\n<li><a href=\"http://code.taobao.org/p/UploadToTietuku/src/\" target=\"_blank\">贴图库Chrome插件</a></li>\r\n</ul>\r\n</div>\r\n<p><em>更多作品将陆续开源，敬请期待，也欢迎广大开发者加入我们，用微信扫描下面二维码关注我们。</em></p>\r\n<p><img src=\"http://www.zkea.net/Upload/Images/20160318/263801921375bdf2.jpg\" alt=\"\" width=\"258\" height=\"258\" /></p>',1,'~/images/05.jpg',NULL,1,'2016-06-13 21:20:56.590000','admin','ZKEASOFT','2016-03-10 21:05:32.213000','admin','ZKEASOFT','2016-06-13 21:20:56.590000'),(96,'ZKEASOFT','ZKEASOFT 提供优质的软件服务，现已完成上线的产品有EasyFrameWork开发框架，ZkeaCMS内容管理系统，我们坚持开源，开放原则，把软件服务做得更好。',NULL,NULL,NULL,1,NULL,'<div class=\"jumbotron\">\r\n<h1>关于ZKEASOFT</h1>\r\n<h3>ZKEASOFT&nbsp;提供优质的软件服务，我们坚持开源，开放原则，把软件服务做得更好。</h3>\r\n<h4>已开源作品：</h4>\r\n<ul>\r\n<li><a href=\"/easyframework\" target=\"_blank\">EasyFrameWork开发框架</a></li>\r\n<li><a href=\"/zkeacms\" target=\"_blank\">ZKEACMS内容管理系统</a></li>\r\n<li><a href=\"https://github.com/SeriaWei/BingWallpaper\" target=\"_blank\">下载必应（Bing）每天壁纸</a></li>\r\n<li><a href=\"http://code.taobao.org/p/UploadToTietuku/src/\" target=\"_blank\">贴图库Chrome插件</a></li>\r\n</ul>\r\n</div>\r\n<p><em>更多作品将陆续开源，敬请期待，也欢迎广大开发者加入我们，用微信扫描下面二维码关注我们。</em></p>\r\n<p><img src=\"http://www.zkea.net/Upload/Images/20160318/263801921375bdf2.jpg\" alt=\"\" width=\"258\" height=\"258\" /></p>',1,'~/images/05.jpg',NULL,1,'2016-06-14 21:20:56.590000','admin','ZKEASOFT','2016-03-10 21:05:32.213000','admin','ZKEASOFT','2016-06-14 21:20:56.590000'),(97,'ZKEASOFT','ZKEASOFT 提供优质的软件服务，现已完成上线的产品有EasyFrameWork开发框架，ZkeaCMS内容管理系统，我们坚持开源，开放原则，把软件服务做得更好。',NULL,NULL,NULL,1,NULL,'<div class=\"jumbotron\">\r\n<h1>关于ZKEASOFT</h1>\r\n<h3>ZKEASOFT&nbsp;提供优质的软件服务，我们坚持开源，开放原则，把软件服务做得更好。</h3>\r\n<h4>已开源作品：</h4>\r\n<ul>\r\n<li><a href=\"/easyframework\" target=\"_blank\">EasyFrameWork开发框架</a></li>\r\n<li><a href=\"/zkeacms\" target=\"_blank\">ZKEACMS内容管理系统</a></li>\r\n<li><a href=\"https://github.com/SeriaWei/BingWallpaper\" target=\"_blank\">下载必应（Bing）每天壁纸</a></li>\r\n<li><a href=\"http://code.taobao.org/p/UploadToTietuku/src/\" target=\"_blank\">贴图库Chrome插件</a></li>\r\n</ul>\r\n</div>\r\n<p><em>更多作品将陆续开源，敬请期待，也欢迎广大开发者加入我们，用微信扫描下面二维码关注我们。</em></p>\r\n<p><img src=\"http://www.zkea.net/Upload/Images/20160318/263801921375bdf2.jpg\" alt=\"\" width=\"258\" height=\"258\" /></p>',1,'~/images/05.jpg',NULL,1,'2016-06-15 21:20:56.590000','admin','ZKEASOFT','2016-03-10 21:05:32.213000','admin','ZKEASOFT','2016-06-15 21:20:56.590000'),(98,'ZKEASOFT','ZKEASOFT 提供优质的软件服务，现已完成上线的产品有EasyFrameWork开发框架，ZkeaCMS内容管理系统，我们坚持开源，开放原则，把软件服务做得更好。',NULL,NULL,NULL,1,NULL,'<div class=\"jumbotron\">\r\n<h1>关于ZKEASOFT</h1>\r\n<h3>ZKEASOFT&nbsp;提供优质的软件服务，我们坚持开源，开放原则，把软件服务做得更好。</h3>\r\n<h4>已开源作品：</h4>\r\n<ul>\r\n<li><a href=\"/easyframework\" target=\"_blank\">EasyFrameWork开发框架</a></li>\r\n<li><a href=\"/zkeacms\" target=\"_blank\">ZKEACMS内容管理系统</a></li>\r\n<li><a href=\"https://github.com/SeriaWei/BingWallpaper\" target=\"_blank\">下载必应（Bing）每天壁纸</a></li>\r\n<li><a href=\"http://code.taobao.org/p/UploadToTietuku/src/\" target=\"_blank\">贴图库Chrome插件</a></li>\r\n</ul>\r\n</div>\r\n<p><em>更多作品将陆续开源，敬请期待，也欢迎广大开发者加入我们，用微信扫描下面二维码关注我们。</em></p>\r\n<p><img src=\"http://www.zkea.net/Upload/Images/20160318/263801921375bdf2.jpg\" alt=\"\" width=\"258\" height=\"258\" /></p>',1,'~/images/05.jpg',NULL,1,'2016-06-16 21:20:56.590000','admin','ZKEASOFT','2016-03-10 21:05:32.213000','admin','ZKEASOFT','2016-06-16 21:20:56.590000'),(99,'ZKEASOFT','ZKEASOFT 提供优质的软件服务，现已完成上线的产品有EasyFrameWork开发框架，ZkeaCMS内容管理系统，我们坚持开源，开放原则，把软件服务做得更好。',NULL,NULL,NULL,1,NULL,'<div class=\"jumbotron\">\r\n<h1>关于ZKEASOFT</h1>\r\n<h3>ZKEASOFT&nbsp;提供优质的软件服务，我们坚持开源，开放原则，把软件服务做得更好。</h3>\r\n<h4>已开源作品：</h4>\r\n<ul>\r\n<li><a href=\"/easyframework\" target=\"_blank\">EasyFrameWork开发框架</a></li>\r\n<li><a href=\"/zkeacms\" target=\"_blank\">ZKEACMS内容管理系统</a></li>\r\n<li><a href=\"https://github.com/SeriaWei/BingWallpaper\" target=\"_blank\">下载必应（Bing）每天壁纸</a></li>\r\n<li><a href=\"http://code.taobao.org/p/UploadToTietuku/src/\" target=\"_blank\">贴图库Chrome插件</a></li>\r\n</ul>\r\n</div>\r\n<p><em>更多作品将陆续开源，敬请期待，也欢迎广大开发者加入我们，用微信扫描下面二维码关注我们。</em></p>\r\n<p><img src=\"http://www.zkea.net/Upload/Images/20160318/263801921375bdf2.jpg\" alt=\"\" width=\"258\" height=\"258\" /></p>',1,'~/images/05.jpg',NULL,1,'2016-06-17 21:20:56.590000','admin','ZKEASOFT','2016-03-10 21:05:32.213000','admin','ZKEASOFT','2016-06-17 21:20:56.590000'),(100,'ZKEASOFT','ZKEASOFT 提供优质的软件服务，现已完成上线的产品有EasyFrameWork开发框架，ZkeaCMS内容管理系统，我们坚持开源，开放原则，把软件服务做得更好。',NULL,NULL,NULL,2,NULL,'<div class=\"jumbotron\">\r\n<h1>关于ZKEASOFT</h1>\r\n<h3>ZKEASOFT&nbsp;提供优质的软件服务，我们坚持开源，开放原则，把软件服务做得更好。</h3>\r\n<h4>已开源作品：</h4>\r\n<ul>\r\n<li><a href=\"/easyframework\" target=\"_blank\">EasyFrameWork开发框架</a></li>\r\n<li><a href=\"/zkeacms\" target=\"_blank\">ZKEACMS内容管理系统</a></li>\r\n<li><a href=\"https://github.com/SeriaWei/BingWallpaper\" target=\"_blank\">下载必应（Bing）每天壁纸</a></li>\r\n<li><a href=\"http://code.taobao.org/p/UploadToTietuku/src/\" target=\"_blank\">贴图库Chrome插件</a></li>\r\n</ul>\r\n</div>\r\n<p><em>更多作品将陆续开源，敬请期待，也欢迎广大开发者加入我们，用微信扫描下面二维码关注我们。</em></p>\r\n<p><img src=\"http://www.zkea.net/Upload/Images/20160318/263801921375bdf2.jpg\" alt=\"\" width=\"258\" height=\"258\" /></p>',1,'~/images/06.jpg',NULL,1,'2016-06-18 21:20:56.590000','admin','ZKEASOFT','2016-03-10 21:05:32.213000','admin','ZKEASOFT','2016-06-18 21:20:56.590000'),(101,'ZKEASOFT','ZKEASOFT 提供优质的软件服务，现已完成上线的产品有EasyFrameWork开发框架，ZkeaCMS内容管理系统，我们坚持开源，开放原则，把软件服务做得更好。',NULL,NULL,NULL,2,NULL,'<div class=\"jumbotron\">\r\n<h1>关于ZKEASOFT</h1>\r\n<h3>ZKEASOFT&nbsp;提供优质的软件服务，我们坚持开源，开放原则，把软件服务做得更好。</h3>\r\n<h4>已开源作品：</h4>\r\n<ul>\r\n<li><a href=\"/easyframework\" target=\"_blank\">EasyFrameWork开发框架</a></li>\r\n<li><a href=\"/zkeacms\" target=\"_blank\">ZKEACMS内容管理系统</a></li>\r\n<li><a href=\"https://github.com/SeriaWei/BingWallpaper\" target=\"_blank\">下载必应（Bing）每天壁纸</a></li>\r\n<li><a href=\"http://code.taobao.org/p/UploadToTietuku/src/\" target=\"_blank\">贴图库Chrome插件</a></li>\r\n</ul>\r\n</div>\r\n<p><em>更多作品将陆续开源，敬请期待，也欢迎广大开发者加入我们，用微信扫描下面二维码关注我们。</em></p>\r\n<p><img src=\"http://www.zkea.net/Upload/Images/20160318/263801921375bdf2.jpg\" alt=\"\" width=\"258\" height=\"258\" /></p>',1,'~/images/06.jpg',NULL,1,'2016-06-19 21:20:56.590000','admin','ZKEASOFT','2016-03-10 21:05:32.213000','admin','ZKEASOFT','2016-06-19 21:20:56.590000'),(102,'ZKEASOFT','ZKEASOFT 提供优质的软件服务，现已完成上线的产品有EasyFrameWork开发框架，ZkeaCMS内容管理系统，我们坚持开源，开放原则，把软件服务做得更好。',NULL,NULL,NULL,2,NULL,'<div class=\"jumbotron\">\r\n<h1>关于ZKEASOFT</h1>\r\n<h3>ZKEASOFT&nbsp;提供优质的软件服务，我们坚持开源，开放原则，把软件服务做得更好。</h3>\r\n<h4>已开源作品：</h4>\r\n<ul>\r\n<li><a href=\"/easyframework\" target=\"_blank\">EasyFrameWork开发框架</a></li>\r\n<li><a href=\"/zkeacms\" target=\"_blank\">ZKEACMS内容管理系统</a></li>\r\n<li><a href=\"https://github.com/SeriaWei/BingWallpaper\" target=\"_blank\">下载必应（Bing）每天壁纸</a></li>\r\n<li><a href=\"http://code.taobao.org/p/UploadToTietuku/src/\" target=\"_blank\">贴图库Chrome插件</a></li>\r\n</ul>\r\n</div>\r\n<p><em>更多作品将陆续开源，敬请期待，也欢迎广大开发者加入我们，用微信扫描下面二维码关注我们。</em></p>\r\n<p><img src=\"http://www.zkea.net/Upload/Images/20160318/263801921375bdf2.jpg\" alt=\"\" width=\"258\" height=\"258\" /></p>',1,'~/images/06.jpg',NULL,1,'2016-06-20 21:20:56.590000','admin','ZKEASOFT','2016-03-10 21:05:32.213000','admin','ZKEASOFT','2016-06-20 21:20:56.590000'),(103,'ZKEASOFT','ZKEASOFT 提供优质的软件服务，现已完成上线的产品有EasyFrameWork开发框架，ZkeaCMS内容管理系统，我们坚持开源，开放原则，把软件服务做得更好。',NULL,NULL,NULL,2,NULL,'<div class=\"jumbotron\">\r\n<h1>关于ZKEASOFT</h1>\r\n<h3>ZKEASOFT&nbsp;提供优质的软件服务，我们坚持开源，开放原则，把软件服务做得更好。</h3>\r\n<h4>已开源作品：</h4>\r\n<ul>\r\n<li><a href=\"/easyframework\" target=\"_blank\">EasyFrameWork开发框架</a></li>\r\n<li><a href=\"/zkeacms\" target=\"_blank\">ZKEACMS内容管理系统</a></li>\r\n<li><a href=\"https://github.com/SeriaWei/BingWallpaper\" target=\"_blank\">下载必应（Bing）每天壁纸</a></li>\r\n<li><a href=\"http://code.taobao.org/p/UploadToTietuku/src/\" target=\"_blank\">贴图库Chrome插件</a></li>\r\n</ul>\r\n</div>\r\n<p><em>更多作品将陆续开源，敬请期待，也欢迎广大开发者加入我们，用微信扫描下面二维码关注我们。</em></p>\r\n<p><img src=\"http://www.zkea.net/Upload/Images/20160318/263801921375bdf2.jpg\" alt=\"\" width=\"258\" height=\"258\" /></p>',1,'~/images/06.jpg',NULL,1,'2016-06-21 21:20:56.590000','admin','ZKEASOFT','2016-03-10 21:05:32.213000','admin','ZKEASOFT','2016-06-21 21:20:56.590000'),(104,'ZKEASOFT','ZKEASOFT 提供优质的软件服务，现已完成上线的产品有EasyFrameWork开发框架，ZkeaCMS内容管理系统，我们坚持开源，开放原则，把软件服务做得更好。',NULL,NULL,NULL,2,NULL,'<div class=\"jumbotron\">\r\n<h1>关于ZKEASOFT</h1>\r\n<h3>ZKEASOFT&nbsp;提供优质的软件服务，我们坚持开源，开放原则，把软件服务做得更好。</h3>\r\n<h4>已开源作品：</h4>\r\n<ul>\r\n<li><a href=\"/easyframework\" target=\"_blank\">EasyFrameWork开发框架</a></li>\r\n<li><a href=\"/zkeacms\" target=\"_blank\">ZKEACMS内容管理系统</a></li>\r\n<li><a href=\"https://github.com/SeriaWei/BingWallpaper\" target=\"_blank\">下载必应（Bing）每天壁纸</a></li>\r\n<li><a href=\"http://code.taobao.org/p/UploadToTietuku/src/\" target=\"_blank\">贴图库Chrome插件</a></li>\r\n</ul>\r\n</div>\r\n<p><em>更多作品将陆续开源，敬请期待，也欢迎广大开发者加入我们，用微信扫描下面二维码关注我们。</em></p>\r\n<p><img src=\"http://www.zkea.net/Upload/Images/20160318/263801921375bdf2.jpg\" alt=\"\" width=\"258\" height=\"258\" /></p>',1,'~/images/06.jpg',NULL,1,'2016-06-22 21:20:56.590000','admin','ZKEASOFT','2016-03-10 21:05:32.213000','admin','ZKEASOFT','2016-06-22 21:20:56.590000'),(105,'ZKEASOFT','ZKEASOFT 提供优质的软件服务，现已完成上线的产品有EasyFrameWork开发框架，ZkeaCMS内容管理系统，我们坚持开源，开放原则，把软件服务做得更好。',NULL,NULL,NULL,2,NULL,'<div class=\"jumbotron\">\r\n<h1>关于ZKEASOFT</h1>\r\n<h3>ZKEASOFT&nbsp;提供优质的软件服务，我们坚持开源，开放原则，把软件服务做得更好。</h3>\r\n<h4>已开源作品：</h4>\r\n<ul>\r\n<li><a href=\"/easyframework\" target=\"_blank\">EasyFrameWork开发框架</a></li>\r\n<li><a href=\"/zkeacms\" target=\"_blank\">ZKEACMS内容管理系统</a></li>\r\n<li><a href=\"https://github.com/SeriaWei/BingWallpaper\" target=\"_blank\">下载必应（Bing）每天壁纸</a></li>\r\n<li><a href=\"http://code.taobao.org/p/UploadToTietuku/src/\" target=\"_blank\">贴图库Chrome插件</a></li>\r\n</ul>\r\n</div>\r\n<p><em>更多作品将陆续开源，敬请期待，也欢迎广大开发者加入我们，用微信扫描下面二维码关注我们。</em></p>\r\n<p><img src=\"http://www.zkea.net/Upload/Images/20160318/263801921375bdf2.jpg\" alt=\"\" width=\"258\" height=\"258\" /></p>',1,'~/images/06.jpg',NULL,1,'2016-06-23 21:20:56.590000','admin','ZKEASOFT','2016-03-10 21:05:32.213000','admin','ZKEASOFT','2016-06-23 21:20:56.590000'),(106,'ZKEASOFT','ZKEASOFT 提供优质的软件服务，现已完成上线的产品有EasyFrameWork开发框架，ZkeaCMS内容管理系统，我们坚持开源，开放原则，把软件服务做得更好。',NULL,NULL,NULL,2,NULL,'<div class=\"jumbotron\">\r\n<h1>关于ZKEASOFT</h1>\r\n<h3>ZKEASOFT&nbsp;提供优质的软件服务，我们坚持开源，开放原则，把软件服务做得更好。</h3>\r\n<h4>已开源作品：</h4>\r\n<ul>\r\n<li><a href=\"/easyframework\" target=\"_blank\">EasyFrameWork开发框架</a></li>\r\n<li><a href=\"/zkeacms\" target=\"_blank\">ZKEACMS内容管理系统</a></li>\r\n<li><a href=\"https://github.com/SeriaWei/BingWallpaper\" target=\"_blank\">下载必应（Bing）每天壁纸</a></li>\r\n<li><a href=\"http://code.taobao.org/p/UploadToTietuku/src/\" target=\"_blank\">贴图库Chrome插件</a></li>\r\n</ul>\r\n</div>\r\n<p><em>更多作品将陆续开源，敬请期待，也欢迎广大开发者加入我们，用微信扫描下面二维码关注我们。</em></p>\r\n<p><img src=\"http://www.zkea.net/Upload/Images/20160318/263801921375bdf2.jpg\" alt=\"\" width=\"258\" height=\"258\" /></p>',1,'~/images/06.jpg',NULL,1,'2016-06-24 21:20:56.590000','admin','ZKEASOFT','2016-03-10 21:05:32.213000','admin','ZKEASOFT','2016-06-24 21:20:56.590000'),(107,'ZKEASOFT','ZKEASOFT 提供优质的软件服务，现已完成上线的产品有EasyFrameWork开发框架，ZkeaCMS内容管理系统，我们坚持开源，开放原则，把软件服务做得更好。',NULL,NULL,NULL,2,NULL,'<div class=\"jumbotron\">\r\n<h1>关于ZKEASOFT</h1>\r\n<h3>ZKEASOFT&nbsp;提供优质的软件服务，我们坚持开源，开放原则，把软件服务做得更好。</h3>\r\n<h4>已开源作品：</h4>\r\n<ul>\r\n<li><a href=\"/easyframework\" target=\"_blank\">EasyFrameWork开发框架</a></li>\r\n<li><a href=\"/zkeacms\" target=\"_blank\">ZKEACMS内容管理系统</a></li>\r\n<li><a href=\"https://github.com/SeriaWei/BingWallpaper\" target=\"_blank\">下载必应（Bing）每天壁纸</a></li>\r\n<li><a href=\"http://code.taobao.org/p/UploadToTietuku/src/\" target=\"_blank\">贴图库Chrome插件</a></li>\r\n</ul>\r\n</div>\r\n<p><em>更多作品将陆续开源，敬请期待，也欢迎广大开发者加入我们，用微信扫描下面二维码关注我们。</em></p>\r\n<p><img src=\"http://www.zkea.net/Upload/Images/20160318/263801921375bdf2.jpg\" alt=\"\" width=\"258\" height=\"258\" /></p>',1,'~/images/06.jpg',NULL,1,'2016-06-25 21:20:56.590000','admin','ZKEASOFT','2016-03-10 21:05:32.213000','admin','ZKEASOFT','2016-06-25 21:20:56.590000'),(108,'ZKEASOFT','ZKEASOFT 提供优质的软件服务，现已完成上线的产品有EasyFrameWork开发框架，ZkeaCMS内容管理系统，我们坚持开源，开放原则，把软件服务做得更好。',NULL,NULL,NULL,2,NULL,'<div class=\"jumbotron\">\r\n<h1>关于ZKEASOFT</h1>\r\n<h3>ZKEASOFT&nbsp;提供优质的软件服务，我们坚持开源，开放原则，把软件服务做得更好。</h3>\r\n<h4>已开源作品：</h4>\r\n<ul>\r\n<li><a href=\"/easyframework\" target=\"_blank\">EasyFrameWork开发框架</a></li>\r\n<li><a href=\"/zkeacms\" target=\"_blank\">ZKEACMS内容管理系统</a></li>\r\n<li><a href=\"https://github.com/SeriaWei/BingWallpaper\" target=\"_blank\">下载必应（Bing）每天壁纸</a></li>\r\n<li><a href=\"http://code.taobao.org/p/UploadToTietuku/src/\" target=\"_blank\">贴图库Chrome插件</a></li>\r\n</ul>\r\n</div>\r\n<p><em>更多作品将陆续开源，敬请期待，也欢迎广大开发者加入我们，用微信扫描下面二维码关注我们。</em></p>\r\n<p><img src=\"http://www.zkea.net/Upload/Images/20160318/263801921375bdf2.jpg\" alt=\"\" width=\"258\" height=\"258\" /></p>',1,'~/images/06.jpg',NULL,1,'2016-06-26 21:20:56.590000','admin','ZKEASOFT','2016-03-10 21:05:32.213000','admin','ZKEASOFT','2016-06-26 21:20:56.590000'),(109,'ZKEASOFT','ZKEASOFT 提供优质的软件服务，现已完成上线的产品有EasyFrameWork开发框架，ZkeaCMS内容管理系统，我们坚持开源，开放原则，把软件服务做得更好。',NULL,NULL,NULL,2,NULL,'<div class=\"jumbotron\">\r\n<h1>关于ZKEASOFT</h1>\r\n<h3>ZKEASOFT&nbsp;提供优质的软件服务，我们坚持开源，开放原则，把软件服务做得更好。</h3>\r\n<h4>已开源作品：</h4>\r\n<ul>\r\n<li><a href=\"/easyframework\" target=\"_blank\">EasyFrameWork开发框架</a></li>\r\n<li><a href=\"/zkeacms\" target=\"_blank\">ZKEACMS内容管理系统</a></li>\r\n<li><a href=\"https://github.com/SeriaWei/BingWallpaper\" target=\"_blank\">下载必应（Bing）每天壁纸</a></li>\r\n<li><a href=\"http://code.taobao.org/p/UploadToTietuku/src/\" target=\"_blank\">贴图库Chrome插件</a></li>\r\n</ul>\r\n</div>\r\n<p><em>更多作品将陆续开源，敬请期待，也欢迎广大开发者加入我们，用微信扫描下面二维码关注我们。</em></p>\r\n<p><img src=\"http://www.zkea.net/Upload/Images/20160318/263801921375bdf2.jpg\" alt=\"\" width=\"258\" height=\"258\" /></p>',1,'~/images/06.jpg',NULL,1,'2016-06-27 21:20:56.590000','admin','ZKEASOFT','2016-03-10 21:05:32.213000','admin','ZKEASOFT','2016-06-27 21:20:56.590000'),(110,'ZKEASOFT','ZKEASOFT 提供优质的软件服务，现已完成上线的产品有EasyFrameWork开发框架，ZkeaCMS内容管理系统，我们坚持开源，开放原则，把软件服务做得更好。',NULL,NULL,NULL,2,NULL,'<div class=\"jumbotron\">\r\n<h1>关于ZKEASOFT</h1>\r\n<h3>ZKEASOFT&nbsp;提供优质的软件服务，我们坚持开源，开放原则，把软件服务做得更好。</h3>\r\n<h4>已开源作品：</h4>\r\n<ul>\r\n<li><a href=\"/easyframework\" target=\"_blank\">EasyFrameWork开发框架</a></li>\r\n<li><a href=\"/zkeacms\" target=\"_blank\">ZKEACMS内容管理系统</a></li>\r\n<li><a href=\"https://github.com/SeriaWei/BingWallpaper\" target=\"_blank\">下载必应（Bing）每天壁纸</a></li>\r\n<li><a href=\"http://code.taobao.org/p/UploadToTietuku/src/\" target=\"_blank\">贴图库Chrome插件</a></li>\r\n</ul>\r\n</div>\r\n<p><em>更多作品将陆续开源，敬请期待，也欢迎广大开发者加入我们，用微信扫描下面二维码关注我们。</em></p>\r\n<p><img src=\"http://www.zkea.net/Upload/Images/20160318/263801921375bdf2.jpg\" alt=\"\" width=\"258\" height=\"258\" /></p>',1,'~/images/06.jpg',NULL,1,'2016-06-28 21:20:56.590000','admin','ZKEASOFT','2016-03-10 21:05:32.213000','admin','ZKEASOFT','2016-06-28 21:20:56.590000'),(111,'ZKEASOFT','ZKEASOFT 提供优质的软件服务，现已完成上线的产品有EasyFrameWork开发框架，ZkeaCMS内容管理系统，我们坚持开源，开放原则，把软件服务做得更好。',NULL,NULL,NULL,2,NULL,'<div class=\"jumbotron\">\r\n<h1>关于ZKEASOFT</h1>\r\n<h3>ZKEASOFT&nbsp;提供优质的软件服务，我们坚持开源，开放原则，把软件服务做得更好。</h3>\r\n<h4>已开源作品：</h4>\r\n<ul>\r\n<li><a href=\"/easyframework\" target=\"_blank\">EasyFrameWork开发框架</a></li>\r\n<li><a href=\"/zkeacms\" target=\"_blank\">ZKEACMS内容管理系统</a></li>\r\n<li><a href=\"https://github.com/SeriaWei/BingWallpaper\" target=\"_blank\">下载必应（Bing）每天壁纸</a></li>\r\n<li><a href=\"http://code.taobao.org/p/UploadToTietuku/src/\" target=\"_blank\">贴图库Chrome插件</a></li>\r\n</ul>\r\n</div>\r\n<p><em>更多作品将陆续开源，敬请期待，也欢迎广大开发者加入我们，用微信扫描下面二维码关注我们。</em></p>\r\n<p><img src=\"http://www.zkea.net/Upload/Images/20160318/263801921375bdf2.jpg\" alt=\"\" width=\"258\" height=\"258\" /></p>',1,'~/images/06.jpg',NULL,1,'2016-06-29 21:20:56.590000','admin','ZKEASOFT','2016-03-10 21:05:32.213000','admin','ZKEASOFT','2016-06-29 21:20:56.590000'),(112,'ZKEASOFT','ZKEASOFT 提供优质的软件服务，现已完成上线的产品有EasyFrameWork开发框架，ZkeaCMS内容管理系统，我们坚持开源，开放原则，把软件服务做得更好。',NULL,NULL,NULL,2,NULL,'<div class=\"jumbotron\">\r\n<h1>关于ZKEASOFT</h1>\r\n<h3>ZKEASOFT&nbsp;提供优质的软件服务，我们坚持开源，开放原则，把软件服务做得更好。</h3>\r\n<h4>已开源作品：</h4>\r\n<ul>\r\n<li><a href=\"/easyframework\" target=\"_blank\">EasyFrameWork开发框架</a></li>\r\n<li><a href=\"/zkeacms\" target=\"_blank\">ZKEACMS内容管理系统</a></li>\r\n<li><a href=\"https://github.com/SeriaWei/BingWallpaper\" target=\"_blank\">下载必应（Bing）每天壁纸</a></li>\r\n<li><a href=\"http://code.taobao.org/p/UploadToTietuku/src/\" target=\"_blank\">贴图库Chrome插件</a></li>\r\n</ul>\r\n</div>\r\n<p><em>更多作品将陆续开源，敬请期待，也欢迎广大开发者加入我们，用微信扫描下面二维码关注我们。</em></p>\r\n<p><img src=\"http://www.zkea.net/Upload/Images/20160318/263801921375bdf2.jpg\" alt=\"\" width=\"258\" height=\"258\" /></p>',1,'~/images/06.jpg',NULL,1,'2016-06-30 21:20:56.590000','admin','ZKEASOFT','2016-03-10 21:05:32.213000','admin','ZKEASOFT','2016-06-30 21:20:56.590000'),(113,'ZKEASOFT','ZKEASOFT 提供优质的软件服务，现已完成上线的产品有EasyFrameWork开发框架，ZkeaCMS内容管理系统，我们坚持开源，开放原则，把软件服务做得更好。',NULL,NULL,NULL,2,NULL,'<div class=\"jumbotron\">\r\n<h1>关于ZKEASOFT</h1>\r\n<h3>ZKEASOFT&nbsp;提供优质的软件服务，我们坚持开源，开放原则，把软件服务做得更好。</h3>\r\n<h4>已开源作品：</h4>\r\n<ul>\r\n<li><a href=\"/easyframework\" target=\"_blank\">EasyFrameWork开发框架</a></li>\r\n<li><a href=\"/zkeacms\" target=\"_blank\">ZKEACMS内容管理系统</a></li>\r\n<li><a href=\"https://github.com/SeriaWei/BingWallpaper\" target=\"_blank\">下载必应（Bing）每天壁纸</a></li>\r\n<li><a href=\"http://code.taobao.org/p/UploadToTietuku/src/\" target=\"_blank\">贴图库Chrome插件</a></li>\r\n</ul>\r\n</div>\r\n<p><em>更多作品将陆续开源，敬请期待，也欢迎广大开发者加入我们，用微信扫描下面二维码关注我们。</em></p>\r\n<p><img src=\"http://www.zkea.net/Upload/Images/20160318/263801921375bdf2.jpg\" alt=\"\" width=\"258\" height=\"258\" /></p>',1,'~/images/06.jpg',NULL,1,'2016-07-01 21:20:56.590000','admin','ZKEASOFT','2016-03-10 21:05:32.213000','admin','ZKEASOFT','2016-07-01 21:20:56.590000'),(114,'ZKEASOFT','ZKEASOFT 提供优质的软件服务，现已完成上线的产品有EasyFrameWork开发框架，ZkeaCMS内容管理系统，我们坚持开源，开放原则，把软件服务做得更好。',NULL,NULL,NULL,2,NULL,'<div class=\"jumbotron\">\r\n<h1>关于ZKEASOFT</h1>\r\n<h3>ZKEASOFT&nbsp;提供优质的软件服务，我们坚持开源，开放原则，把软件服务做得更好。</h3>\r\n<h4>已开源作品：</h4>\r\n<ul>\r\n<li><a href=\"/easyframework\" target=\"_blank\">EasyFrameWork开发框架</a></li>\r\n<li><a href=\"/zkeacms\" target=\"_blank\">ZKEACMS内容管理系统</a></li>\r\n<li><a href=\"https://github.com/SeriaWei/BingWallpaper\" target=\"_blank\">下载必应（Bing）每天壁纸</a></li>\r\n<li><a href=\"http://code.taobao.org/p/UploadToTietuku/src/\" target=\"_blank\">贴图库Chrome插件</a></li>\r\n</ul>\r\n</div>\r\n<p><em>更多作品将陆续开源，敬请期待，也欢迎广大开发者加入我们，用微信扫描下面二维码关注我们。</em></p>\r\n<p><img src=\"http://www.zkea.net/Upload/Images/20160318/263801921375bdf2.jpg\" alt=\"\" width=\"258\" height=\"258\" /></p>',1,'~/images/06.jpg',NULL,1,'2016-07-02 21:20:56.590000','admin','ZKEASOFT','2016-03-10 21:05:32.213000','admin','ZKEASOFT','2016-07-02 21:20:56.590000'),(115,'ZKEASOFT','ZKEASOFT 提供优质的软件服务，现已完成上线的产品有EasyFrameWork开发框架，ZkeaCMS内容管理系统，我们坚持开源，开放原则，把软件服务做得更好。',NULL,NULL,NULL,2,NULL,'<div class=\"jumbotron\">\r\n<h1>关于ZKEASOFT</h1>\r\n<h3>ZKEASOFT&nbsp;提供优质的软件服务，我们坚持开源，开放原则，把软件服务做得更好。</h3>\r\n<h4>已开源作品：</h4>\r\n<ul>\r\n<li><a href=\"/easyframework\" target=\"_blank\">EasyFrameWork开发框架</a></li>\r\n<li><a href=\"/zkeacms\" target=\"_blank\">ZKEACMS内容管理系统</a></li>\r\n<li><a href=\"https://github.com/SeriaWei/BingWallpaper\" target=\"_blank\">下载必应（Bing）每天壁纸</a></li>\r\n<li><a href=\"http://code.taobao.org/p/UploadToTietuku/src/\" target=\"_blank\">贴图库Chrome插件</a></li>\r\n</ul>\r\n</div>\r\n<p><em>更多作品将陆续开源，敬请期待，也欢迎广大开发者加入我们，用微信扫描下面二维码关注我们。</em></p>\r\n<p><img src=\"http://www.zkea.net/Upload/Images/20160318/263801921375bdf2.jpg\" alt=\"\" width=\"258\" height=\"258\" /></p>',1,'~/images/06.jpg',NULL,1,'2016-07-03 21:20:56.590000','admin','ZKEASOFT','2016-03-10 21:05:32.213000','admin','ZKEASOFT','2016-07-03 21:20:56.590000'),(116,'ZKEASOFT','ZKEASOFT 提供优质的软件服务，现已完成上线的产品有EasyFrameWork开发框架，ZkeaCMS内容管理系统，我们坚持开源，开放原则，把软件服务做得更好。',NULL,NULL,NULL,2,NULL,'<div class=\"jumbotron\">\r\n<h1>关于ZKEASOFT</h1>\r\n<h3>ZKEASOFT&nbsp;提供优质的软件服务，我们坚持开源，开放原则，把软件服务做得更好。</h3>\r\n<h4>已开源作品：</h4>\r\n<ul>\r\n<li><a href=\"/easyframework\" target=\"_blank\">EasyFrameWork开发框架</a></li>\r\n<li><a href=\"/zkeacms\" target=\"_blank\">ZKEACMS内容管理系统</a></li>\r\n<li><a href=\"https://github.com/SeriaWei/BingWallpaper\" target=\"_blank\">下载必应（Bing）每天壁纸</a></li>\r\n<li><a href=\"http://code.taobao.org/p/UploadToTietuku/src/\" target=\"_blank\">贴图库Chrome插件</a></li>\r\n</ul>\r\n</div>\r\n<p><em>更多作品将陆续开源，敬请期待，也欢迎广大开发者加入我们，用微信扫描下面二维码关注我们。</em></p>\r\n<p><img src=\"http://www.zkea.net/Upload/Images/20160318/263801921375bdf2.jpg\" alt=\"\" width=\"258\" height=\"258\" /></p>',1,'~/images/06.jpg',NULL,1,'2016-07-04 21:20:56.590000','admin','ZKEASOFT','2016-03-10 21:05:32.213000','admin','ZKEASOFT','2016-07-04 21:20:56.590000'),(117,'ZKEASOFT','ZKEASOFT 提供优质的软件服务，现已完成上线的产品有EasyFrameWork开发框架，ZkeaCMS内容管理系统，我们坚持开源，开放原则，把软件服务做得更好。',NULL,NULL,NULL,2,NULL,'<div class=\"jumbotron\">\r\n<h1>关于ZKEASOFT</h1>\r\n<h3>ZKEASOFT&nbsp;提供优质的软件服务，我们坚持开源，开放原则，把软件服务做得更好。</h3>\r\n<h4>已开源作品：</h4>\r\n<ul>\r\n<li><a href=\"/easyframework\" target=\"_blank\">EasyFrameWork开发框架</a></li>\r\n<li><a href=\"/zkeacms\" target=\"_blank\">ZKEACMS内容管理系统</a></li>\r\n<li><a href=\"https://github.com/SeriaWei/BingWallpaper\" target=\"_blank\">下载必应（Bing）每天壁纸</a></li>\r\n<li><a href=\"http://code.taobao.org/p/UploadToTietuku/src/\" target=\"_blank\">贴图库Chrome插件</a></li>\r\n</ul>\r\n</div>\r\n<p><em>更多作品将陆续开源，敬请期待，也欢迎广大开发者加入我们，用微信扫描下面二维码关注我们。</em></p>\r\n<p><img src=\"http://www.zkea.net/Upload/Images/20160318/263801921375bdf2.jpg\" alt=\"\" width=\"258\" height=\"258\" /></p>',1,'~/images/06.jpg',NULL,1,'2016-07-05 21:20:56.590000','admin','ZKEASOFT','2016-03-10 21:05:32.213000','admin','ZKEASOFT','2016-07-05 21:20:56.590000'),(118,'ZKEASOFT','ZKEASOFT 提供优质的软件服务，现已完成上线的产品有EasyFrameWork开发框架，ZkeaCMS内容管理系统，我们坚持开源，开放原则，把软件服务做得更好。',NULL,NULL,NULL,2,NULL,'<div class=\"jumbotron\">\r\n<h1>关于ZKEASOFT</h1>\r\n<h3>ZKEASOFT&nbsp;提供优质的软件服务，我们坚持开源，开放原则，把软件服务做得更好。</h3>\r\n<h4>已开源作品：</h4>\r\n<ul>\r\n<li><a href=\"/easyframework\" target=\"_blank\">EasyFrameWork开发框架</a></li>\r\n<li><a href=\"/zkeacms\" target=\"_blank\">ZKEACMS内容管理系统</a></li>\r\n<li><a href=\"https://github.com/SeriaWei/BingWallpaper\" target=\"_blank\">下载必应（Bing）每天壁纸</a></li>\r\n<li><a href=\"http://code.taobao.org/p/UploadToTietuku/src/\" target=\"_blank\">贴图库Chrome插件</a></li>\r\n</ul>\r\n</div>\r\n<p><em>更多作品将陆续开源，敬请期待，也欢迎广大开发者加入我们，用微信扫描下面二维码关注我们。</em></p>\r\n<p><img src=\"http://www.zkea.net/Upload/Images/20160318/263801921375bdf2.jpg\" alt=\"\" width=\"258\" height=\"258\" /></p>',1,'~/images/06.jpg',NULL,1,'2016-07-06 21:20:56.590000','admin','ZKEASOFT','2016-03-10 21:05:32.213000','admin','ZKEASOFT','2016-07-06 21:20:56.590000'),(119,'ZKEASOFT','ZKEASOFT 提供优质的软件服务，现已完成上线的产品有EasyFrameWork开发框架，ZkeaCMS内容管理系统，我们坚持开源，开放原则，把软件服务做得更好。',NULL,NULL,NULL,2,NULL,'<div class=\"jumbotron\">\r\n<h1>关于ZKEASOFT</h1>\r\n<h3>ZKEASOFT&nbsp;提供优质的软件服务，我们坚持开源，开放原则，把软件服务做得更好。</h3>\r\n<h4>已开源作品：</h4>\r\n<ul>\r\n<li><a href=\"/easyframework\" target=\"_blank\">EasyFrameWork开发框架</a></li>\r\n<li><a href=\"/zkeacms\" target=\"_blank\">ZKEACMS内容管理系统</a></li>\r\n<li><a href=\"https://github.com/SeriaWei/BingWallpaper\" target=\"_blank\">下载必应（Bing）每天壁纸</a></li>\r\n<li><a href=\"http://code.taobao.org/p/UploadToTietuku/src/\" target=\"_blank\">贴图库Chrome插件</a></li>\r\n</ul>\r\n</div>\r\n<p><em>更多作品将陆续开源，敬请期待，也欢迎广大开发者加入我们，用微信扫描下面二维码关注我们。</em></p>\r\n<p><img src=\"http://www.zkea.net/Upload/Images/20160318/263801921375bdf2.jpg\" alt=\"\" width=\"258\" height=\"258\" /></p>',1,'~/images/06.jpg',NULL,1,'2016-07-07 21:20:56.590000','admin','ZKEASOFT','2016-03-10 21:05:32.213000','admin','ZKEASOFT','2016-07-07 21:20:56.590000'),(120,'ZKEASOFT','ZKEASOFT 提供优质的软件服务，现已完成上线的产品有EasyFrameWork开发框架，ZkeaCMS内容管理系统，我们坚持开源，开放原则，把软件服务做得更好。',NULL,NULL,NULL,2,NULL,'<div class=\"jumbotron\">\r\n<h1>关于ZKEASOFT</h1>\r\n<h3>ZKEASOFT&nbsp;提供优质的软件服务，我们坚持开源，开放原则，把软件服务做得更好。</h3>\r\n<h4>已开源作品：</h4>\r\n<ul>\r\n<li><a href=\"/easyframework\" target=\"_blank\">EasyFrameWork开发框架</a></li>\r\n<li><a href=\"/zkeacms\" target=\"_blank\">ZKEACMS内容管理系统</a></li>\r\n<li><a href=\"https://github.com/SeriaWei/BingWallpaper\" target=\"_blank\">下载必应（Bing）每天壁纸</a></li>\r\n<li><a href=\"http://code.taobao.org/p/UploadToTietuku/src/\" target=\"_blank\">贴图库Chrome插件</a></li>\r\n</ul>\r\n</div>\r\n<p><em>更多作品将陆续开源，敬请期待，也欢迎广大开发者加入我们，用微信扫描下面二维码关注我们。</em></p>\r\n<p><img src=\"http://www.zkea.net/Upload/Images/20160318/263801921375bdf2.jpg\" alt=\"\" width=\"258\" height=\"258\" /></p>',1,'~/images/06.jpg',NULL,1,'2016-07-08 21:20:56.590000','admin','ZKEASOFT','2016-03-10 21:05:32.213000','admin','ZKEASOFT','2016-07-08 21:20:56.590000'),(121,'ZKEASOFT','ZKEASOFT 提供优质的软件服务，现已完成上线的产品有EasyFrameWork开发框架，ZkeaCMS内容管理系统，我们坚持开源，开放原则，把软件服务做得更好。',NULL,NULL,NULL,2,NULL,'<div class=\"jumbotron\">\r\n<h1>关于ZKEASOFT</h1>\r\n<h3>ZKEASOFT&nbsp;提供优质的软件服务，我们坚持开源，开放原则，把软件服务做得更好。</h3>\r\n<h4>已开源作品：</h4>\r\n<ul>\r\n<li><a href=\"/easyframework\" target=\"_blank\">EasyFrameWork开发框架</a></li>\r\n<li><a href=\"/zkeacms\" target=\"_blank\">ZKEACMS内容管理系统</a></li>\r\n<li><a href=\"https://github.com/SeriaWei/BingWallpaper\" target=\"_blank\">下载必应（Bing）每天壁纸</a></li>\r\n<li><a href=\"http://code.taobao.org/p/UploadToTietuku/src/\" target=\"_blank\">贴图库Chrome插件</a></li>\r\n</ul>\r\n</div>\r\n<p><em>更多作品将陆续开源，敬请期待，也欢迎广大开发者加入我们，用微信扫描下面二维码关注我们。</em></p>\r\n<p><img src=\"http://www.zkea.net/Upload/Images/20160318/263801921375bdf2.jpg\" alt=\"\" width=\"258\" height=\"258\" /></p>',1,'~/images/06.jpg',NULL,1,'2016-07-09 21:20:56.590000','admin','ZKEASOFT','2016-03-10 21:05:32.213000','admin','ZKEASOFT','2016-07-09 21:20:56.590000'),(122,'ZKEASOFT','ZKEASOFT 提供优质的软件服务，现已完成上线的产品有EasyFrameWork开发框架，ZkeaCMS内容管理系统，我们坚持开源，开放原则，把软件服务做得更好。',NULL,NULL,NULL,2,NULL,'<div class=\"jumbotron\">\r\n<h1>关于ZKEASOFT</h1>\r\n<h3>ZKEASOFT&nbsp;提供优质的软件服务，我们坚持开源，开放原则，把软件服务做得更好。</h3>\r\n<h4>已开源作品：</h4>\r\n<ul>\r\n<li><a href=\"/easyframework\" target=\"_blank\">EasyFrameWork开发框架</a></li>\r\n<li><a href=\"/zkeacms\" target=\"_blank\">ZKEACMS内容管理系统</a></li>\r\n<li><a href=\"https://github.com/SeriaWei/BingWallpaper\" target=\"_blank\">下载必应（Bing）每天壁纸</a></li>\r\n<li><a href=\"http://code.taobao.org/p/UploadToTietuku/src/\" target=\"_blank\">贴图库Chrome插件</a></li>\r\n</ul>\r\n</div>\r\n<p><em>更多作品将陆续开源，敬请期待，也欢迎广大开发者加入我们，用微信扫描下面二维码关注我们。</em></p>\r\n<p><img src=\"http://www.zkea.net/Upload/Images/20160318/263801921375bdf2.jpg\" alt=\"\" width=\"258\" height=\"258\" /></p>',1,'~/images/06.jpg',NULL,1,'2016-07-10 21:20:56.590000','admin','ZKEASOFT','2016-03-10 21:05:32.213000','admin','ZKEASOFT','2016-07-10 21:20:56.590000'),(123,'ZKEASOFT','ZKEASOFT 提供优质的软件服务，现已完成上线的产品有EasyFrameWork开发框架，ZkeaCMS内容管理系统，我们坚持开源，开放原则，把软件服务做得更好。',NULL,NULL,NULL,2,NULL,'<div class=\"jumbotron\">\r\n<h1>关于ZKEASOFT</h1>\r\n<h3>ZKEASOFT&nbsp;提供优质的软件服务，我们坚持开源，开放原则，把软件服务做得更好。</h3>\r\n<h4>已开源作品：</h4>\r\n<ul>\r\n<li><a href=\"/easyframework\" target=\"_blank\">EasyFrameWork开发框架</a></li>\r\n<li><a href=\"/zkeacms\" target=\"_blank\">ZKEACMS内容管理系统</a></li>\r\n<li><a href=\"https://github.com/SeriaWei/BingWallpaper\" target=\"_blank\">下载必应（Bing）每天壁纸</a></li>\r\n<li><a href=\"http://code.taobao.org/p/UploadToTietuku/src/\" target=\"_blank\">贴图库Chrome插件</a></li>\r\n</ul>\r\n</div>\r\n<p><em>更多作品将陆续开源，敬请期待，也欢迎广大开发者加入我们，用微信扫描下面二维码关注我们。</em></p>\r\n<p><img src=\"http://www.zkea.net/Upload/Images/20160318/263801921375bdf2.jpg\" alt=\"\" width=\"258\" height=\"258\" /></p>',1,'~/images/06.jpg',NULL,1,'2016-07-11 21:20:56.590000','admin','ZKEASOFT','2016-03-10 21:05:32.213000','admin','ZKEASOFT','2016-07-11 21:20:56.590000'),(124,'ZKEASOFT','ZKEASOFT 提供优质的软件服务，现已完成上线的产品有EasyFrameWork开发框架，ZkeaCMS内容管理系统，我们坚持开源，开放原则，把软件服务做得更好。',NULL,NULL,NULL,2,NULL,'<div class=\"jumbotron\">\r\n<h1>关于ZKEASOFT</h1>\r\n<h3>ZKEASOFT&nbsp;提供优质的软件服务，我们坚持开源，开放原则，把软件服务做得更好。</h3>\r\n<h4>已开源作品：</h4>\r\n<ul>\r\n<li><a href=\"/easyframework\" target=\"_blank\">EasyFrameWork开发框架</a></li>\r\n<li><a href=\"/zkeacms\" target=\"_blank\">ZKEACMS内容管理系统</a></li>\r\n<li><a href=\"https://github.com/SeriaWei/BingWallpaper\" target=\"_blank\">下载必应（Bing）每天壁纸</a></li>\r\n<li><a href=\"http://code.taobao.org/p/UploadToTietuku/src/\" target=\"_blank\">贴图库Chrome插件</a></li>\r\n</ul>\r\n</div>\r\n<p><em>更多作品将陆续开源，敬请期待，也欢迎广大开发者加入我们，用微信扫描下面二维码关注我们。</em></p>\r\n<p><img src=\"http://www.zkea.net/Upload/Images/20160318/263801921375bdf2.jpg\" alt=\"\" width=\"258\" height=\"258\" /></p>',1,'~/images/06.jpg',NULL,1,'2016-07-12 21:20:56.590000','admin','ZKEASOFT','2016-03-10 21:05:32.213000','admin','ZKEASOFT','2016-07-12 21:20:56.590000'),(125,'ZKEASOFT','ZKEASOFT 提供优质的软件服务，现已完成上线的产品有EasyFrameWork开发框架，ZkeaCMS内容管理系统，我们坚持开源，开放原则，把软件服务做得更好。',NULL,NULL,NULL,2,NULL,'<div class=\"jumbotron\">\r\n<h1>关于ZKEASOFT</h1>\r\n<h3>ZKEASOFT&nbsp;提供优质的软件服务，我们坚持开源，开放原则，把软件服务做得更好。</h3>\r\n<h4>已开源作品：</h4>\r\n<ul>\r\n<li><a href=\"/easyframework\" target=\"_blank\">EasyFrameWork开发框架</a></li>\r\n<li><a href=\"/zkeacms\" target=\"_blank\">ZKEACMS内容管理系统</a></li>\r\n<li><a href=\"https://github.com/SeriaWei/BingWallpaper\" target=\"_blank\">下载必应（Bing）每天壁纸</a></li>\r\n<li><a href=\"http://code.taobao.org/p/UploadToTietuku/src/\" target=\"_blank\">贴图库Chrome插件</a></li>\r\n</ul>\r\n</div>\r\n<p><em>更多作品将陆续开源，敬请期待，也欢迎广大开发者加入我们，用微信扫描下面二维码关注我们。</em></p>\r\n<p><img src=\"http://www.zkea.net/Upload/Images/20160318/263801921375bdf2.jpg\" alt=\"\" width=\"258\" height=\"258\" /></p>',1,'~/images/06.jpg',NULL,1,'2016-07-13 21:20:56.590000','admin','ZKEASOFT','2016-03-10 21:05:32.213000','admin','ZKEASOFT','2016-07-13 21:20:56.590000'),(126,'ZKEASOFT','ZKEASOFT 提供优质的软件服务，现已完成上线的产品有EasyFrameWork开发框架，ZkeaCMS内容管理系统，我们坚持开源，开放原则，把软件服务做得更好。',NULL,NULL,NULL,2,NULL,'<div class=\"jumbotron\">\r\n<h1>关于ZKEASOFT</h1>\r\n<h3>ZKEASOFT&nbsp;提供优质的软件服务，我们坚持开源，开放原则，把软件服务做得更好。</h3>\r\n<h4>已开源作品：</h4>\r\n<ul>\r\n<li><a href=\"/easyframework\" target=\"_blank\">EasyFrameWork开发框架</a></li>\r\n<li><a href=\"/zkeacms\" target=\"_blank\">ZKEACMS内容管理系统</a></li>\r\n<li><a href=\"https://github.com/SeriaWei/BingWallpaper\" target=\"_blank\">下载必应（Bing）每天壁纸</a></li>\r\n<li><a href=\"http://code.taobao.org/p/UploadToTietuku/src/\" target=\"_blank\">贴图库Chrome插件</a></li>\r\n</ul>\r\n</div>\r\n<p><em>更多作品将陆续开源，敬请期待，也欢迎广大开发者加入我们，用微信扫描下面二维码关注我们。</em></p>\r\n<p><img src=\"http://www.zkea.net/Upload/Images/20160318/263801921375bdf2.jpg\" alt=\"\" width=\"258\" height=\"258\" /></p>',1,'~/images/06.jpg',NULL,1,'2016-07-14 21:20:56.590000','admin','ZKEASOFT','2016-03-10 21:05:32.213000','admin','ZKEASOFT','2016-07-14 21:20:56.590000'),(127,'ZKEASOFT','ZKEASOFT 提供优质的软件服务，现已完成上线的产品有EasyFrameWork开发框架，ZkeaCMS内容管理系统，我们坚持开源，开放原则，把软件服务做得更好。',NULL,NULL,NULL,2,NULL,'<div class=\"jumbotron\">\r\n<h1>关于ZKEASOFT</h1>\r\n<h3>ZKEASOFT&nbsp;提供优质的软件服务，我们坚持开源，开放原则，把软件服务做得更好。</h3>\r\n<h4>已开源作品：</h4>\r\n<ul>\r\n<li><a href=\"/easyframework\" target=\"_blank\">EasyFrameWork开发框架</a></li>\r\n<li><a href=\"/zkeacms\" target=\"_blank\">ZKEACMS内容管理系统</a></li>\r\n<li><a href=\"https://github.com/SeriaWei/BingWallpaper\" target=\"_blank\">下载必应（Bing）每天壁纸</a></li>\r\n<li><a href=\"http://code.taobao.org/p/UploadToTietuku/src/\" target=\"_blank\">贴图库Chrome插件</a></li>\r\n</ul>\r\n</div>\r\n<p><em>更多作品将陆续开源，敬请期待，也欢迎广大开发者加入我们，用微信扫描下面二维码关注我们。</em></p>\r\n<p><img src=\"http://www.zkea.net/Upload/Images/20160318/263801921375bdf2.jpg\" alt=\"\" width=\"258\" height=\"258\" /></p>',1,'~/images/06.jpg',NULL,1,'2016-07-15 21:20:56.590000','admin','ZKEASOFT','2016-03-10 21:05:32.213000','admin','ZKEASOFT','2016-07-15 21:20:56.590000'),(128,'ZKEASOFT','ZKEASOFT 提供优质的软件服务，现已完成上线的产品有EasyFrameWork开发框架，ZkeaCMS内容管理系统，我们坚持开源，开放原则，把软件服务做得更好。',NULL,NULL,NULL,2,NULL,'<div class=\"jumbotron\">\r\n<h1>关于ZKEASOFT</h1>\r\n<h3>ZKEASOFT&nbsp;提供优质的软件服务，我们坚持开源，开放原则，把软件服务做得更好。</h3>\r\n<h4>已开源作品：</h4>\r\n<ul>\r\n<li><a href=\"/easyframework\" target=\"_blank\">EasyFrameWork开发框架</a></li>\r\n<li><a href=\"/zkeacms\" target=\"_blank\">ZKEACMS内容管理系统</a></li>\r\n<li><a href=\"https://github.com/SeriaWei/BingWallpaper\" target=\"_blank\">下载必应（Bing）每天壁纸</a></li>\r\n<li><a href=\"http://code.taobao.org/p/UploadToTietuku/src/\" target=\"_blank\">贴图库Chrome插件</a></li>\r\n</ul>\r\n</div>\r\n<p><em>更多作品将陆续开源，敬请期待，也欢迎广大开发者加入我们，用微信扫描下面二维码关注我们。</em></p>\r\n<p><img src=\"http://www.zkea.net/Upload/Images/20160318/263801921375bdf2.jpg\" alt=\"\" width=\"258\" height=\"258\" /></p>',1,'~/images/06.jpg',NULL,1,'2016-07-16 21:20:56.590000','admin','ZKEASOFT','2016-03-10 21:05:32.213000','admin','ZKEASOFT','2016-07-16 21:20:56.590000'),(129,'ZKEASOFT','ZKEASOFT 提供优质的软件服务，现已完成上线的产品有EasyFrameWork开发框架，ZkeaCMS内容管理系统，我们坚持开源，开放原则，把软件服务做得更好。',NULL,NULL,NULL,2,NULL,'<div class=\"jumbotron\">\r\n<h1>关于ZKEASOFT</h1>\r\n<h3>ZKEASOFT&nbsp;提供优质的软件服务，我们坚持开源，开放原则，把软件服务做得更好。</h3>\r\n<h4>已开源作品：</h4>\r\n<ul>\r\n<li><a href=\"/easyframework\" target=\"_blank\">EasyFrameWork开发框架</a></li>\r\n<li><a href=\"/zkeacms\" target=\"_blank\">ZKEACMS内容管理系统</a></li>\r\n<li><a href=\"https://github.com/SeriaWei/BingWallpaper\" target=\"_blank\">下载必应（Bing）每天壁纸</a></li>\r\n<li><a href=\"http://code.taobao.org/p/UploadToTietuku/src/\" target=\"_blank\">贴图库Chrome插件</a></li>\r\n</ul>\r\n</div>\r\n<p><em>更多作品将陆续开源，敬请期待，也欢迎广大开发者加入我们，用微信扫描下面二维码关注我们。</em></p>\r\n<p><img src=\"http://www.zkea.net/Upload/Images/20160318/263801921375bdf2.jpg\" alt=\"\" width=\"258\" height=\"258\" /></p>',1,'~/images/06.jpg',NULL,1,'2016-07-17 21:20:56.590000','admin','ZKEASOFT','2016-03-10 21:05:32.213000','admin','ZKEASOFT','2016-07-17 21:20:56.590000'),(130,'ZKEASOFT','ZKEASOFT 提供优质的软件服务，现已完成上线的产品有EasyFrameWork开发框架，ZkeaCMS内容管理系统，我们坚持开源，开放原则，把软件服务做得更好。',NULL,NULL,NULL,2,NULL,'<div class=\"jumbotron\">\r\n<h1>关于ZKEASOFT</h1>\r\n<h3>ZKEASOFT&nbsp;提供优质的软件服务，我们坚持开源，开放原则，把软件服务做得更好。</h3>\r\n<h4>已开源作品：</h4>\r\n<ul>\r\n<li><a href=\"/easyframework\" target=\"_blank\">EasyFrameWork开发框架</a></li>\r\n<li><a href=\"/zkeacms\" target=\"_blank\">ZKEACMS内容管理系统</a></li>\r\n<li><a href=\"https://github.com/SeriaWei/BingWallpaper\" target=\"_blank\">下载必应（Bing）每天壁纸</a></li>\r\n<li><a href=\"http://code.taobao.org/p/UploadToTietuku/src/\" target=\"_blank\">贴图库Chrome插件</a></li>\r\n</ul>\r\n</div>\r\n<p><em>更多作品将陆续开源，敬请期待，也欢迎广大开发者加入我们，用微信扫描下面二维码关注我们。</em></p>\r\n<p><img src=\"http://www.zkea.net/Upload/Images/20160318/263801921375bdf2.jpg\" alt=\"\" width=\"258\" height=\"258\" /></p>',1,'~/images/06.jpg',NULL,1,'2016-07-18 21:20:56.590000','admin','ZKEASOFT','2016-03-10 21:05:32.213000','admin','ZKEASOFT','2016-07-18 21:20:56.590000'),(131,'ZKEASOFT','ZKEASOFT 提供优质的软件服务，现已完成上线的产品有EasyFrameWork开发框架，ZkeaCMS内容管理系统，我们坚持开源，开放原则，把软件服务做得更好。',NULL,NULL,NULL,2,NULL,'<div class=\"jumbotron\">\r\n<h1>关于ZKEASOFT</h1>\r\n<h3>ZKEASOFT&nbsp;提供优质的软件服务，我们坚持开源，开放原则，把软件服务做得更好。</h3>\r\n<h4>已开源作品：</h4>\r\n<ul>\r\n<li><a href=\"/easyframework\" target=\"_blank\">EasyFrameWork开发框架</a></li>\r\n<li><a href=\"/zkeacms\" target=\"_blank\">ZKEACMS内容管理系统</a></li>\r\n<li><a href=\"https://github.com/SeriaWei/BingWallpaper\" target=\"_blank\">下载必应（Bing）每天壁纸</a></li>\r\n<li><a href=\"http://code.taobao.org/p/UploadToTietuku/src/\" target=\"_blank\">贴图库Chrome插件</a></li>\r\n</ul>\r\n</div>\r\n<p><em>更多作品将陆续开源，敬请期待，也欢迎广大开发者加入我们，用微信扫描下面二维码关注我们。</em></p>\r\n<p><img src=\"http://www.zkea.net/Upload/Images/20160318/263801921375bdf2.jpg\" alt=\"\" width=\"258\" height=\"258\" /></p>',1,'~/images/06.jpg',NULL,1,'2016-07-19 21:20:56.590000','admin','ZKEASOFT','2016-03-10 21:05:32.213000','admin','ZKEASOFT','2016-07-19 21:20:56.590000'),(132,'ZKEASOFT','ZKEASOFT 提供优质的软件服务，现已完成上线的产品有EasyFrameWork开发框架，ZkeaCMS内容管理系统，我们坚持开源，开放原则，把软件服务做得更好。',NULL,NULL,NULL,2,NULL,'<div class=\"jumbotron\">\r\n<h1>关于ZKEASOFT</h1>\r\n<h3>ZKEASOFT&nbsp;提供优质的软件服务，我们坚持开源，开放原则，把软件服务做得更好。</h3>\r\n<h4>已开源作品：</h4>\r\n<ul>\r\n<li><a href=\"/easyframework\" target=\"_blank\">EasyFrameWork开发框架</a></li>\r\n<li><a href=\"/zkeacms\" target=\"_blank\">ZKEACMS内容管理系统</a></li>\r\n<li><a href=\"https://github.com/SeriaWei/BingWallpaper\" target=\"_blank\">下载必应（Bing）每天壁纸</a></li>\r\n<li><a href=\"http://code.taobao.org/p/UploadToTietuku/src/\" target=\"_blank\">贴图库Chrome插件</a></li>\r\n</ul>\r\n</div>\r\n<p><em>更多作品将陆续开源，敬请期待，也欢迎广大开发者加入我们，用微信扫描下面二维码关注我们。</em></p>\r\n<p><img src=\"http://www.zkea.net/Upload/Images/20160318/263801921375bdf2.jpg\" alt=\"\" width=\"258\" height=\"258\" /></p>',1,'~/images/06.jpg',NULL,1,'2016-07-20 21:20:56.590000','admin','ZKEASOFT','2016-03-10 21:05:32.213000','admin','ZKEASOFT','2016-07-20 21:20:56.590000'),(133,'ZKEASOFT','ZKEASOFT 提供优质的软件服务，现已完成上线的产品有EasyFrameWork开发框架，ZkeaCMS内容管理系统，我们坚持开源，开放原则，把软件服务做得更好。',NULL,NULL,NULL,2,NULL,'<div class=\"jumbotron\">\r\n<h1>关于ZKEASOFT</h1>\r\n<h3>ZKEASOFT&nbsp;提供优质的软件服务，我们坚持开源，开放原则，把软件服务做得更好。</h3>\r\n<h4>已开源作品：</h4>\r\n<ul>\r\n<li><a href=\"/easyframework\" target=\"_blank\">EasyFrameWork开发框架</a></li>\r\n<li><a href=\"/zkeacms\" target=\"_blank\">ZKEACMS内容管理系统</a></li>\r\n<li><a href=\"https://github.com/SeriaWei/BingWallpaper\" target=\"_blank\">下载必应（Bing）每天壁纸</a></li>\r\n<li><a href=\"http://code.taobao.org/p/UploadToTietuku/src/\" target=\"_blank\">贴图库Chrome插件</a></li>\r\n</ul>\r\n</div>\r\n<p><em>更多作品将陆续开源，敬请期待，也欢迎广大开发者加入我们，用微信扫描下面二维码关注我们。</em></p>\r\n<p><img src=\"http://www.zkea.net/Upload/Images/20160318/263801921375bdf2.jpg\" alt=\"\" width=\"258\" height=\"258\" /></p>',1,'~/images/06.jpg',NULL,1,'2016-07-21 21:20:56.590000','admin','ZKEASOFT','2016-03-10 21:05:32.213000','admin','ZKEASOFT','2016-07-21 21:20:56.590000'),(134,'ZKEASOFT','ZKEASOFT 提供优质的软件服务，现已完成上线的产品有EasyFrameWork开发框架，ZkeaCMS内容管理系统，我们坚持开源，开放原则，把软件服务做得更好。',NULL,NULL,NULL,2,NULL,'<div class=\"jumbotron\">\r\n<h1>关于ZKEASOFT</h1>\r\n<h3>ZKEASOFT&nbsp;提供优质的软件服务，我们坚持开源，开放原则，把软件服务做得更好。</h3>\r\n<h4>已开源作品：</h4>\r\n<ul>\r\n<li><a href=\"/easyframework\" target=\"_blank\">EasyFrameWork开发框架</a></li>\r\n<li><a href=\"/zkeacms\" target=\"_blank\">ZKEACMS内容管理系统</a></li>\r\n<li><a href=\"https://github.com/SeriaWei/BingWallpaper\" target=\"_blank\">下载必应（Bing）每天壁纸</a></li>\r\n<li><a href=\"http://code.taobao.org/p/UploadToTietuku/src/\" target=\"_blank\">贴图库Chrome插件</a></li>\r\n</ul>\r\n</div>\r\n<p><em>更多作品将陆续开源，敬请期待，也欢迎广大开发者加入我们，用微信扫描下面二维码关注我们。</em></p>\r\n<p><img src=\"http://www.zkea.net/Upload/Images/20160318/263801921375bdf2.jpg\" alt=\"\" width=\"258\" height=\"258\" /></p>',1,'~/images/06.jpg',NULL,1,'2016-07-22 21:20:56.590000','admin','ZKEASOFT','2016-03-10 21:05:32.213000','admin','ZKEASOFT','2016-07-22 21:20:56.590000'),(135,'ZKEASOFT','ZKEASOFT 提供优质的软件服务，现已完成上线的产品有EasyFrameWork开发框架，ZkeaCMS内容管理系统，我们坚持开源，开放原则，把软件服务做得更好。',NULL,NULL,NULL,2,NULL,'<div class=\"jumbotron\">\r\n<h1>关于ZKEASOFT</h1>\r\n<h3>ZKEASOFT&nbsp;提供优质的软件服务，我们坚持开源，开放原则，把软件服务做得更好。</h3>\r\n<h4>已开源作品：</h4>\r\n<ul>\r\n<li><a href=\"/easyframework\" target=\"_blank\">EasyFrameWork开发框架</a></li>\r\n<li><a href=\"/zkeacms\" target=\"_blank\">ZKEACMS内容管理系统</a></li>\r\n<li><a href=\"https://github.com/SeriaWei/BingWallpaper\" target=\"_blank\">下载必应（Bing）每天壁纸</a></li>\r\n<li><a href=\"http://code.taobao.org/p/UploadToTietuku/src/\" target=\"_blank\">贴图库Chrome插件</a></li>\r\n</ul>\r\n</div>\r\n<p><em>更多作品将陆续开源，敬请期待，也欢迎广大开发者加入我们，用微信扫描下面二维码关注我们。</em></p>\r\n<p><img src=\"http://www.zkea.net/Upload/Images/20160318/263801921375bdf2.jpg\" alt=\"\" width=\"258\" height=\"258\" /></p>',1,'~/images/06.jpg',NULL,1,'2016-07-23 21:20:56.590000','admin','ZKEASOFT','2016-03-10 21:05:32.213000','admin','ZKEASOFT','2016-07-23 21:20:56.590000'),(136,'ZKEASOFT','ZKEASOFT 提供优质的软件服务，现已完成上线的产品有EasyFrameWork开发框架，ZkeaCMS内容管理系统，我们坚持开源，开放原则，把软件服务做得更好。',NULL,NULL,NULL,2,NULL,'<div class=\"jumbotron\">\r\n<h1>关于ZKEASOFT</h1>\r\n<h3>ZKEASOFT&nbsp;提供优质的软件服务，我们坚持开源，开放原则，把软件服务做得更好。</h3>\r\n<h4>已开源作品：</h4>\r\n<ul>\r\n<li><a href=\"/easyframework\" target=\"_blank\">EasyFrameWork开发框架</a></li>\r\n<li><a href=\"/zkeacms\" target=\"_blank\">ZKEACMS内容管理系统</a></li>\r\n<li><a href=\"https://github.com/SeriaWei/BingWallpaper\" target=\"_blank\">下载必应（Bing）每天壁纸</a></li>\r\n<li><a href=\"http://code.taobao.org/p/UploadToTietuku/src/\" target=\"_blank\">贴图库Chrome插件</a></li>\r\n</ul>\r\n</div>\r\n<p><em>更多作品将陆续开源，敬请期待，也欢迎广大开发者加入我们，用微信扫描下面二维码关注我们。</em></p>\r\n<p><img src=\"http://www.zkea.net/Upload/Images/20160318/263801921375bdf2.jpg\" alt=\"\" width=\"258\" height=\"258\" /></p>',1,'~/images/06.jpg',NULL,1,'2016-07-24 21:20:56.590000','admin','ZKEASOFT','2016-03-10 21:05:32.213000','admin','ZKEASOFT','2016-07-24 21:20:56.590000'),(137,'ZKEASOFT','ZKEASOFT 提供优质的软件服务，现已完成上线的产品有EasyFrameWork开发框架，ZkeaCMS内容管理系统，我们坚持开源，开放原则，把软件服务做得更好。',NULL,NULL,NULL,2,NULL,'<div class=\"jumbotron\">\r\n<h1>关于ZKEASOFT</h1>\r\n<h3>ZKEASOFT&nbsp;提供优质的软件服务，我们坚持开源，开放原则，把软件服务做得更好。</h3>\r\n<h4>已开源作品：</h4>\r\n<ul>\r\n<li><a href=\"/easyframework\" target=\"_blank\">EasyFrameWork开发框架</a></li>\r\n<li><a href=\"/zkeacms\" target=\"_blank\">ZKEACMS内容管理系统</a></li>\r\n<li><a href=\"https://github.com/SeriaWei/BingWallpaper\" target=\"_blank\">下载必应（Bing）每天壁纸</a></li>\r\n<li><a href=\"http://code.taobao.org/p/UploadToTietuku/src/\" target=\"_blank\">贴图库Chrome插件</a></li>\r\n</ul>\r\n</div>\r\n<p><em>更多作品将陆续开源，敬请期待，也欢迎广大开发者加入我们，用微信扫描下面二维码关注我们。</em></p>\r\n<p><img src=\"http://www.zkea.net/Upload/Images/20160318/263801921375bdf2.jpg\" alt=\"\" width=\"258\" height=\"258\" /></p>',1,'~/images/06.jpg',NULL,1,'2016-07-25 21:20:56.590000','admin','ZKEASOFT','2016-03-10 21:05:32.213000','admin','ZKEASOFT','2016-07-25 21:20:56.590000'),(138,'ZKEASOFT','ZKEASOFT 提供优质的软件服务，现已完成上线的产品有EasyFrameWork开发框架，ZkeaCMS内容管理系统，我们坚持开源，开放原则，把软件服务做得更好。',NULL,NULL,NULL,2,NULL,'<div class=\"jumbotron\">\r\n<h1>关于ZKEASOFT</h1>\r\n<h3>ZKEASOFT&nbsp;提供优质的软件服务，我们坚持开源，开放原则，把软件服务做得更好。</h3>\r\n<h4>已开源作品：</h4>\r\n<ul>\r\n<li><a href=\"/easyframework\" target=\"_blank\">EasyFrameWork开发框架</a></li>\r\n<li><a href=\"/zkeacms\" target=\"_blank\">ZKEACMS内容管理系统</a></li>\r\n<li><a href=\"https://github.com/SeriaWei/BingWallpaper\" target=\"_blank\">下载必应（Bing）每天壁纸</a></li>\r\n<li><a href=\"http://code.taobao.org/p/UploadToTietuku/src/\" target=\"_blank\">贴图库Chrome插件</a></li>\r\n</ul>\r\n</div>\r\n<p><em>更多作品将陆续开源，敬请期待，也欢迎广大开发者加入我们，用微信扫描下面二维码关注我们。</em></p>\r\n<p><img src=\"http://www.zkea.net/Upload/Images/20160318/263801921375bdf2.jpg\" alt=\"\" width=\"258\" height=\"258\" /></p>',1,'~/images/06.jpg',NULL,1,'2016-07-26 21:20:56.590000','admin','ZKEASOFT','2016-03-10 21:05:32.213000','admin','ZKEASOFT','2016-07-26 21:20:56.590000'),(139,'ZKEASOFT','ZKEASOFT 提供优质的软件服务，现已完成上线的产品有EasyFrameWork开发框架，ZkeaCMS内容管理系统，我们坚持开源，开放原则，把软件服务做得更好。',NULL,NULL,NULL,2,NULL,'<div class=\"jumbotron\">\r\n<h1>关于ZKEASOFT</h1>\r\n<h3>ZKEASOFT&nbsp;提供优质的软件服务，我们坚持开源，开放原则，把软件服务做得更好。</h3>\r\n<h4>已开源作品：</h4>\r\n<ul>\r\n<li><a href=\"/easyframework\" target=\"_blank\">EasyFrameWork开发框架</a></li>\r\n<li><a href=\"/zkeacms\" target=\"_blank\">ZKEACMS内容管理系统</a></li>\r\n<li><a href=\"https://github.com/SeriaWei/BingWallpaper\" target=\"_blank\">下载必应（Bing）每天壁纸</a></li>\r\n<li><a href=\"http://code.taobao.org/p/UploadToTietuku/src/\" target=\"_blank\">贴图库Chrome插件</a></li>\r\n</ul>\r\n</div>\r\n<p><em>更多作品将陆续开源，敬请期待，也欢迎广大开发者加入我们，用微信扫描下面二维码关注我们。</em></p>\r\n<p><img src=\"http://www.zkea.net/Upload/Images/20160318/263801921375bdf2.jpg\" alt=\"\" width=\"258\" height=\"258\" /></p>',1,'~/images/06.jpg',NULL,1,'2016-07-27 21:20:56.590000','admin','ZKEASOFT','2016-03-10 21:05:32.213000','admin','ZKEASOFT','2016-07-27 21:20:56.590000'),(140,'ZKEASOFT','ZKEASOFT 提供优质的软件服务，现已完成上线的产品有EasyFrameWork开发框架，ZkeaCMS内容管理系统，我们坚持开源，开放原则，把软件服务做得更好。',NULL,NULL,NULL,2,NULL,'<div class=\"jumbotron\">\r\n<h1>关于ZKEASOFT</h1>\r\n<h3>ZKEASOFT&nbsp;提供优质的软件服务，我们坚持开源，开放原则，把软件服务做得更好。</h3>\r\n<h4>已开源作品：</h4>\r\n<ul>\r\n<li><a href=\"/easyframework\" target=\"_blank\">EasyFrameWork开发框架</a></li>\r\n<li><a href=\"/zkeacms\" target=\"_blank\">ZKEACMS内容管理系统</a></li>\r\n<li><a href=\"https://github.com/SeriaWei/BingWallpaper\" target=\"_blank\">下载必应（Bing）每天壁纸</a></li>\r\n<li><a href=\"http://code.taobao.org/p/UploadToTietuku/src/\" target=\"_blank\">贴图库Chrome插件</a></li>\r\n</ul>\r\n</div>\r\n<p><em>更多作品将陆续开源，敬请期待，也欢迎广大开发者加入我们，用微信扫描下面二维码关注我们。</em></p>\r\n<p><img src=\"http://www.zkea.net/Upload/Images/20160318/263801921375bdf2.jpg\" alt=\"\" width=\"258\" height=\"258\" /></p>',1,'~/images/06.jpg',NULL,1,'2016-07-28 21:20:56.590000','admin','ZKEASOFT','2016-03-10 21:05:32.213000','admin','ZKEASOFT','2016-07-28 21:20:56.590000'),(141,'ZKEASOFT','ZKEASOFT 提供优质的软件服务，现已完成上线的产品有EasyFrameWork开发框架，ZkeaCMS内容管理系统，我们坚持开源，开放原则，把软件服务做得更好。',NULL,NULL,NULL,2,NULL,'<div class=\"jumbotron\">\r\n<h1>关于ZKEASOFT</h1>\r\n<h3>ZKEASOFT&nbsp;提供优质的软件服务，我们坚持开源，开放原则，把软件服务做得更好。</h3>\r\n<h4>已开源作品：</h4>\r\n<ul>\r\n<li><a href=\"/easyframework\" target=\"_blank\">EasyFrameWork开发框架</a></li>\r\n<li><a href=\"/zkeacms\" target=\"_blank\">ZKEACMS内容管理系统</a></li>\r\n<li><a href=\"https://github.com/SeriaWei/BingWallpaper\" target=\"_blank\">下载必应（Bing）每天壁纸</a></li>\r\n<li><a href=\"http://code.taobao.org/p/UploadToTietuku/src/\" target=\"_blank\">贴图库Chrome插件</a></li>\r\n</ul>\r\n</div>\r\n<p><em>更多作品将陆续开源，敬请期待，也欢迎广大开发者加入我们，用微信扫描下面二维码关注我们。</em></p>\r\n<p><img src=\"http://www.zkea.net/Upload/Images/20160318/263801921375bdf2.jpg\" alt=\"\" width=\"258\" height=\"258\" /></p>',1,'~/images/06.jpg',NULL,1,'2016-07-29 21:20:56.590000','admin','ZKEASOFT','2016-03-10 21:05:32.213000','admin','ZKEASOFT','2016-07-29 21:20:56.590000'),(142,'ZKEASOFT','ZKEASOFT 提供优质的软件服务，现已完成上线的产品有EasyFrameWork开发框架，ZkeaCMS内容管理系统，我们坚持开源，开放原则，把软件服务做得更好。',NULL,NULL,NULL,2,NULL,'<div class=\"jumbotron\">\r\n<h1>关于ZKEASOFT</h1>\r\n<h3>ZKEASOFT&nbsp;提供优质的软件服务，我们坚持开源，开放原则，把软件服务做得更好。</h3>\r\n<h4>已开源作品：</h4>\r\n<ul>\r\n<li><a href=\"/easyframework\" target=\"_blank\">EasyFrameWork开发框架</a></li>\r\n<li><a href=\"/zkeacms\" target=\"_blank\">ZKEACMS内容管理系统</a></li>\r\n<li><a href=\"https://github.com/SeriaWei/BingWallpaper\" target=\"_blank\">下载必应（Bing）每天壁纸</a></li>\r\n<li><a href=\"http://code.taobao.org/p/UploadToTietuku/src/\" target=\"_blank\">贴图库Chrome插件</a></li>\r\n</ul>\r\n</div>\r\n<p><em>更多作品将陆续开源，敬请期待，也欢迎广大开发者加入我们，用微信扫描下面二维码关注我们。</em></p>\r\n<p><img src=\"http://www.zkea.net/Upload/Images/20160318/263801921375bdf2.jpg\" alt=\"\" width=\"258\" height=\"258\" /></p>',1,'~/images/06.jpg',NULL,1,'2016-07-30 21:20:56.590000','admin','ZKEASOFT','2016-03-10 21:05:32.213000','admin','ZKEASOFT','2016-07-30 21:20:56.590000'),(143,'ZKEASOFT','ZKEASOFT 提供优质的软件服务，现已完成上线的产品有EasyFrameWork开发框架，ZkeaCMS内容管理系统，我们坚持开源，开放原则，把软件服务做得更好。',NULL,NULL,NULL,2,NULL,'<div class=\"jumbotron\">\r\n<h1>关于ZKEASOFT</h1>\r\n<h3>ZKEASOFT&nbsp;提供优质的软件服务，我们坚持开源，开放原则，把软件服务做得更好。</h3>\r\n<h4>已开源作品：</h4>\r\n<ul>\r\n<li><a href=\"/easyframework\" target=\"_blank\">EasyFrameWork开发框架</a></li>\r\n<li><a href=\"/zkeacms\" target=\"_blank\">ZKEACMS内容管理系统</a></li>\r\n<li><a href=\"https://github.com/SeriaWei/BingWallpaper\" target=\"_blank\">下载必应（Bing）每天壁纸</a></li>\r\n<li><a href=\"http://code.taobao.org/p/UploadToTietuku/src/\" target=\"_blank\">贴图库Chrome插件</a></li>\r\n</ul>\r\n</div>\r\n<p><em>更多作品将陆续开源，敬请期待，也欢迎广大开发者加入我们，用微信扫描下面二维码关注我们。</em></p>\r\n<p><img src=\"http://www.zkea.net/Upload/Images/20160318/263801921375bdf2.jpg\" alt=\"\" width=\"258\" height=\"258\" /></p>',1,'~/images/06.jpg',NULL,1,'2016-07-31 21:20:56.590000','admin','ZKEASOFT','2016-03-10 21:05:32.213000','admin','ZKEASOFT','2016-07-31 21:20:56.590000'),(144,'ZKEASOFT','ZKEASOFT 提供优质的软件服务，现已完成上线的产品有EasyFrameWork开发框架，ZkeaCMS内容管理系统，我们坚持开源，开放原则，把软件服务做得更好。',NULL,NULL,NULL,2,NULL,'<div class=\"jumbotron\">\r\n<h1>关于ZKEASOFT</h1>\r\n<h3>ZKEASOFT&nbsp;提供优质的软件服务，我们坚持开源，开放原则，把软件服务做得更好。</h3>\r\n<h4>已开源作品：</h4>\r\n<ul>\r\n<li><a href=\"/easyframework\" target=\"_blank\">EasyFrameWork开发框架</a></li>\r\n<li><a href=\"/zkeacms\" target=\"_blank\">ZKEACMS内容管理系统</a></li>\r\n<li><a href=\"https://github.com/SeriaWei/BingWallpaper\" target=\"_blank\">下载必应（Bing）每天壁纸</a></li>\r\n<li><a href=\"http://code.taobao.org/p/UploadToTietuku/src/\" target=\"_blank\">贴图库Chrome插件</a></li>\r\n</ul>\r\n</div>\r\n<p><em>更多作品将陆续开源，敬请期待，也欢迎广大开发者加入我们，用微信扫描下面二维码关注我们。</em></p>\r\n<p><img src=\"http://www.zkea.net/Upload/Images/20160318/263801921375bdf2.jpg\" alt=\"\" width=\"258\" height=\"258\" /></p>',1,'~/images/06.jpg',NULL,1,'2016-08-01 21:20:56.590000','admin','ZKEASOFT','2016-03-10 21:05:32.213000','admin','ZKEASOFT','2016-08-01 21:20:56.590000'),(145,'ZKEASOFT','ZKEASOFT 提供优质的软件服务，现已完成上线的产品有EasyFrameWork开发框架，ZkeaCMS内容管理系统，我们坚持开源，开放原则，把软件服务做得更好。',NULL,NULL,NULL,2,NULL,'<div class=\"jumbotron\">\r\n<h1>关于ZKEASOFT</h1>\r\n<h3>ZKEASOFT&nbsp;提供优质的软件服务，我们坚持开源，开放原则，把软件服务做得更好。</h3>\r\n<h4>已开源作品：</h4>\r\n<ul>\r\n<li><a href=\"/easyframework\" target=\"_blank\">EasyFrameWork开发框架</a></li>\r\n<li><a href=\"/zkeacms\" target=\"_blank\">ZKEACMS内容管理系统</a></li>\r\n<li><a href=\"https://github.com/SeriaWei/BingWallpaper\" target=\"_blank\">下载必应（Bing）每天壁纸</a></li>\r\n<li><a href=\"http://code.taobao.org/p/UploadToTietuku/src/\" target=\"_blank\">贴图库Chrome插件</a></li>\r\n</ul>\r\n</div>\r\n<p><em>更多作品将陆续开源，敬请期待，也欢迎广大开发者加入我们，用微信扫描下面二维码关注我们。</em></p>\r\n<p><img src=\"http://www.zkea.net/Upload/Images/20160318/263801921375bdf2.jpg\" alt=\"\" width=\"258\" height=\"258\" /></p>',1,'~/images/06.jpg',NULL,1,'2016-08-02 21:20:56.590000','admin','ZKEASOFT','2016-03-10 21:05:32.213000','admin','ZKEASOFT','2016-08-02 21:20:56.590000'),(146,'ZKEASOFT','ZKEASOFT 提供优质的软件服务，现已完成上线的产品有EasyFrameWork开发框架，ZkeaCMS内容管理系统，我们坚持开源，开放原则，把软件服务做得更好。',NULL,NULL,NULL,2,NULL,'<div class=\"jumbotron\">\r\n<h1>关于ZKEASOFT</h1>\r\n<h3>ZKEASOFT&nbsp;提供优质的软件服务，我们坚持开源，开放原则，把软件服务做得更好。</h3>\r\n<h4>已开源作品：</h4>\r\n<ul>\r\n<li><a href=\"/easyframework\" target=\"_blank\">EasyFrameWork开发框架</a></li>\r\n<li><a href=\"/zkeacms\" target=\"_blank\">ZKEACMS内容管理系统</a></li>\r\n<li><a href=\"https://github.com/SeriaWei/BingWallpaper\" target=\"_blank\">下载必应（Bing）每天壁纸</a></li>\r\n<li><a href=\"http://code.taobao.org/p/UploadToTietuku/src/\" target=\"_blank\">贴图库Chrome插件</a></li>\r\n</ul>\r\n</div>\r\n<p><em>更多作品将陆续开源，敬请期待，也欢迎广大开发者加入我们，用微信扫描下面二维码关注我们。</em></p>\r\n<p><img src=\"http://www.zkea.net/Upload/Images/20160318/263801921375bdf2.jpg\" alt=\"\" width=\"258\" height=\"258\" /></p>',1,'~/images/06.jpg',NULL,1,'2016-08-03 21:20:56.590000','admin','ZKEASOFT','2016-03-10 21:05:32.213000','admin','ZKEASOFT','2016-08-03 21:20:56.590000'),(147,'ZKEASOFT','ZKEASOFT 提供优质的软件服务，现已完成上线的产品有EasyFrameWork开发框架，ZkeaCMS内容管理系统，我们坚持开源，开放原则，把软件服务做得更好。',NULL,NULL,NULL,2,NULL,'<div class=\"jumbotron\">\r\n<h1>关于ZKEASOFT</h1>\r\n<h3>ZKEASOFT&nbsp;提供优质的软件服务，我们坚持开源，开放原则，把软件服务做得更好。</h3>\r\n<h4>已开源作品：</h4>\r\n<ul>\r\n<li><a href=\"/easyframework\" target=\"_blank\">EasyFrameWork开发框架</a></li>\r\n<li><a href=\"/zkeacms\" target=\"_blank\">ZKEACMS内容管理系统</a></li>\r\n<li><a href=\"https://github.com/SeriaWei/BingWallpaper\" target=\"_blank\">下载必应（Bing）每天壁纸</a></li>\r\n<li><a href=\"http://code.taobao.org/p/UploadToTietuku/src/\" target=\"_blank\">贴图库Chrome插件</a></li>\r\n</ul>\r\n</div>\r\n<p><em>更多作品将陆续开源，敬请期待，也欢迎广大开发者加入我们，用微信扫描下面二维码关注我们。</em></p>\r\n<p><img src=\"http://www.zkea.net/Upload/Images/20160318/263801921375bdf2.jpg\" alt=\"\" width=\"258\" height=\"258\" /></p>',1,'~/images/06.jpg',NULL,1,'2016-08-04 21:20:56.590000','admin','ZKEASOFT','2016-03-10 21:05:32.213000','admin','ZKEASOFT','2016-08-04 21:20:56.590000'),(148,'ZKEASOFT','ZKEASOFT 提供优质的软件服务，现已完成上线的产品有EasyFrameWork开发框架，ZkeaCMS内容管理系统，我们坚持开源，开放原则，把软件服务做得更好。',NULL,NULL,NULL,2,NULL,'<div class=\"jumbotron\">\r\n<h1>关于ZKEASOFT</h1>\r\n<h3>ZKEASOFT&nbsp;提供优质的软件服务，我们坚持开源，开放原则，把软件服务做得更好。</h3>\r\n<h4>已开源作品：</h4>\r\n<ul>\r\n<li><a href=\"/easyframework\" target=\"_blank\">EasyFrameWork开发框架</a></li>\r\n<li><a href=\"/zkeacms\" target=\"_blank\">ZKEACMS内容管理系统</a></li>\r\n<li><a href=\"https://github.com/SeriaWei/BingWallpaper\" target=\"_blank\">下载必应（Bing）每天壁纸</a></li>\r\n<li><a href=\"http://code.taobao.org/p/UploadToTietuku/src/\" target=\"_blank\">贴图库Chrome插件</a></li>\r\n</ul>\r\n</div>\r\n<p><em>更多作品将陆续开源，敬请期待，也欢迎广大开发者加入我们，用微信扫描下面二维码关注我们。</em></p>\r\n<p><img src=\"http://www.zkea.net/Upload/Images/20160318/263801921375bdf2.jpg\" alt=\"\" width=\"258\" height=\"258\" /></p>',1,'~/images/06.jpg',NULL,1,'2016-08-05 21:20:56.590000','admin','ZKEASOFT','2016-03-10 21:05:32.213000','admin','ZKEASOFT','2016-08-05 21:20:56.590000'),(149,'ZKEASOFT','ZKEASOFT 提供优质的软件服务，现已完成上线的产品有EasyFrameWork开发框架，ZkeaCMS内容管理系统，我们坚持开源，开放原则，把软件服务做得更好。',NULL,NULL,NULL,2,NULL,'<div class=\"jumbotron\">\r\n<h1>关于ZKEASOFT</h1>\r\n<h3>ZKEASOFT&nbsp;提供优质的软件服务，我们坚持开源，开放原则，把软件服务做得更好。</h3>\r\n<h4>已开源作品：</h4>\r\n<ul>\r\n<li><a href=\"/easyframework\" target=\"_blank\">EasyFrameWork开发框架</a></li>\r\n<li><a href=\"/zkeacms\" target=\"_blank\">ZKEACMS内容管理系统</a></li>\r\n<li><a href=\"https://github.com/SeriaWei/BingWallpaper\" target=\"_blank\">下载必应（Bing）每天壁纸</a></li>\r\n<li><a href=\"http://code.taobao.org/p/UploadToTietuku/src/\" target=\"_blank\">贴图库Chrome插件</a></li>\r\n</ul>\r\n</div>\r\n<p><em>更多作品将陆续开源，敬请期待，也欢迎广大开发者加入我们，用微信扫描下面二维码关注我们。</em></p>\r\n<p><img src=\"http://www.zkea.net/Upload/Images/20160318/263801921375bdf2.jpg\" alt=\"\" width=\"258\" height=\"258\" /></p>',1,'~/images/06.jpg',NULL,1,'2016-08-06 21:20:56.590000','admin','ZKEASOFT','2016-03-10 21:05:32.213000','admin','ZKEASOFT','2016-08-06 21:20:56.590000'),(150,'ZKEASOFT','ZKEASOFT 提供优质的软件服务，现已完成上线的产品有EasyFrameWork开发框架，ZkeaCMS内容管理系统，我们坚持开源，开放原则，把软件服务做得更好。',NULL,NULL,NULL,2,NULL,'<div class=\"jumbotron\">\r\n<h1>关于ZKEASOFT</h1>\r\n<h3>ZKEASOFT&nbsp;提供优质的软件服务，我们坚持开源，开放原则，把软件服务做得更好。</h3>\r\n<h4>已开源作品：</h4>\r\n<ul>\r\n<li><a href=\"/easyframework\" target=\"_blank\">EasyFrameWork开发框架</a></li>\r\n<li><a href=\"/zkeacms\" target=\"_blank\">ZKEACMS内容管理系统</a></li>\r\n<li><a href=\"https://github.com/SeriaWei/BingWallpaper\" target=\"_blank\">下载必应（Bing）每天壁纸</a></li>\r\n<li><a href=\"http://code.taobao.org/p/UploadToTietuku/src/\" target=\"_blank\">贴图库Chrome插件</a></li>\r\n</ul>\r\n</div>\r\n<p><em>更多作品将陆续开源，敬请期待，也欢迎广大开发者加入我们，用微信扫描下面二维码关注我们。</em></p>\r\n<p><img src=\"http://www.zkea.net/Upload/Images/20160318/263801921375bdf2.jpg\" alt=\"\" width=\"258\" height=\"258\" /></p>',1,'~/images/06.jpg',NULL,1,'2016-08-07 21:20:56.590000','admin','ZKEASOFT','2016-03-10 21:05:32.213000','admin','ZKEASOFT','2016-08-07 21:20:56.590000'),(151,'ZKEASOFT','ZKEASOFT 提供优质的软件服务，现已完成上线的产品有EasyFrameWork开发框架，ZkeaCMS内容管理系统，我们坚持开源，开放原则，把软件服务做得更好。',NULL,NULL,NULL,2,NULL,'<div class=\"jumbotron\">\r\n<h1>关于ZKEASOFT</h1>\r\n<h3>ZKEASOFT&nbsp;提供优质的软件服务，我们坚持开源，开放原则，把软件服务做得更好。</h3>\r\n<h4>已开源作品：</h4>\r\n<ul>\r\n<li><a href=\"/easyframework\" target=\"_blank\">EasyFrameWork开发框架</a></li>\r\n<li><a href=\"/zkeacms\" target=\"_blank\">ZKEACMS内容管理系统</a></li>\r\n<li><a href=\"https://github.com/SeriaWei/BingWallpaper\" target=\"_blank\">下载必应（Bing）每天壁纸</a></li>\r\n<li><a href=\"http://code.taobao.org/p/UploadToTietuku/src/\" target=\"_blank\">贴图库Chrome插件</a></li>\r\n</ul>\r\n</div>\r\n<p><em>更多作品将陆续开源，敬请期待，也欢迎广大开发者加入我们，用微信扫描下面二维码关注我们。</em></p>\r\n<p><img src=\"http://www.zkea.net/Upload/Images/20160318/263801921375bdf2.jpg\" alt=\"\" width=\"258\" height=\"258\" /></p>',1,'~/images/06.jpg',NULL,1,'2016-08-08 21:20:56.590000','admin','ZKEASOFT','2016-03-10 21:05:32.213000','admin','ZKEASOFT','2016-08-08 21:20:56.590000'),(152,'ZKEASOFT','ZKEASOFT 提供优质的软件服务，现已完成上线的产品有EasyFrameWork开发框架，ZkeaCMS内容管理系统，我们坚持开源，开放原则，把软件服务做得更好。',NULL,NULL,NULL,2,NULL,'<div class=\"jumbotron\">\r\n<h1>关于ZKEASOFT</h1>\r\n<h3>ZKEASOFT&nbsp;提供优质的软件服务，我们坚持开源，开放原则，把软件服务做得更好。</h3>\r\n<h4>已开源作品：</h4>\r\n<ul>\r\n<li><a href=\"/easyframework\" target=\"_blank\">EasyFrameWork开发框架</a></li>\r\n<li><a href=\"/zkeacms\" target=\"_blank\">ZKEACMS内容管理系统</a></li>\r\n<li><a href=\"https://github.com/SeriaWei/BingWallpaper\" target=\"_blank\">下载必应（Bing）每天壁纸</a></li>\r\n<li><a href=\"http://code.taobao.org/p/UploadToTietuku/src/\" target=\"_blank\">贴图库Chrome插件</a></li>\r\n</ul>\r\n</div>\r\n<p><em>更多作品将陆续开源，敬请期待，也欢迎广大开发者加入我们，用微信扫描下面二维码关注我们。</em></p>\r\n<p><img src=\"http://www.zkea.net/Upload/Images/20160318/263801921375bdf2.jpg\" alt=\"\" width=\"258\" height=\"258\" /></p>',1,'~/images/06.jpg',NULL,1,'2016-08-09 21:20:56.590000','admin','ZKEASOFT','2016-03-10 21:05:32.213000','admin','ZKEASOFT','2016-08-09 21:20:56.590000'),(153,'ZKEASOFT','ZKEASOFT 提供优质的软件服务，现已完成上线的产品有EasyFrameWork开发框架，ZkeaCMS内容管理系统，我们坚持开源，开放原则，把软件服务做得更好。',NULL,NULL,NULL,2,NULL,'<div class=\"jumbotron\">\r\n<h1>关于ZKEASOFT</h1>\r\n<h3>ZKEASOFT&nbsp;提供优质的软件服务，我们坚持开源，开放原则，把软件服务做得更好。</h3>\r\n<h4>已开源作品：</h4>\r\n<ul>\r\n<li><a href=\"/easyframework\" target=\"_blank\">EasyFrameWork开发框架</a></li>\r\n<li><a href=\"/zkeacms\" target=\"_blank\">ZKEACMS内容管理系统</a></li>\r\n<li><a href=\"https://github.com/SeriaWei/BingWallpaper\" target=\"_blank\">下载必应（Bing）每天壁纸</a></li>\r\n<li><a href=\"http://code.taobao.org/p/UploadToTietuku/src/\" target=\"_blank\">贴图库Chrome插件</a></li>\r\n</ul>\r\n</div>\r\n<p><em>更多作品将陆续开源，敬请期待，也欢迎广大开发者加入我们，用微信扫描下面二维码关注我们。</em></p>\r\n<p><img src=\"http://www.zkea.net/Upload/Images/20160318/263801921375bdf2.jpg\" alt=\"\" width=\"258\" height=\"258\" /></p>',1,'~/images/06.jpg',NULL,1,'2016-08-10 21:20:56.590000','admin','ZKEASOFT','2016-03-10 21:05:32.213000','admin','ZKEASOFT','2016-08-10 21:20:56.590000'),(154,'ZKEASOFT','ZKEASOFT 提供优质的软件服务，现已完成上线的产品有EasyFrameWork开发框架，ZkeaCMS内容管理系统，我们坚持开源，开放原则，把软件服务做得更好。',NULL,NULL,NULL,2,NULL,'<div class=\"jumbotron\">\r\n<h1>关于ZKEASOFT</h1>\r\n<h3>ZKEASOFT&nbsp;提供优质的软件服务，我们坚持开源，开放原则，把软件服务做得更好。</h3>\r\n<h4>已开源作品：</h4>\r\n<ul>\r\n<li><a href=\"/easyframework\" target=\"_blank\">EasyFrameWork开发框架</a></li>\r\n<li><a href=\"/zkeacms\" target=\"_blank\">ZKEACMS内容管理系统</a></li>\r\n<li><a href=\"https://github.com/SeriaWei/BingWallpaper\" target=\"_blank\">下载必应（Bing）每天壁纸</a></li>\r\n<li><a href=\"http://code.taobao.org/p/UploadToTietuku/src/\" target=\"_blank\">贴图库Chrome插件</a></li>\r\n</ul>\r\n</div>\r\n<p><em>更多作品将陆续开源，敬请期待，也欢迎广大开发者加入我们，用微信扫描下面二维码关注我们。</em></p>\r\n<p><img src=\"http://www.zkea.net/Upload/Images/20160318/263801921375bdf2.jpg\" alt=\"\" width=\"258\" height=\"258\" /></p>',1,'~/images/06.jpg',NULL,1,'2016-08-11 21:20:56.590000','admin','ZKEASOFT','2016-03-10 21:05:32.213000','admin','ZKEASOFT','2016-08-11 21:20:56.590000'),(155,'ZKEASOFT','ZKEASOFT 提供优质的软件服务，现已完成上线的产品有EasyFrameWork开发框架，ZkeaCMS内容管理系统，我们坚持开源，开放原则，把软件服务做得更好。',NULL,NULL,NULL,2,NULL,'<div class=\"jumbotron\">\r\n<h1>关于ZKEASOFT</h1>\r\n<h3>ZKEASOFT&nbsp;提供优质的软件服务，我们坚持开源，开放原则，把软件服务做得更好。</h3>\r\n<h4>已开源作品：</h4>\r\n<ul>\r\n<li><a href=\"/easyframework\" target=\"_blank\">EasyFrameWork开发框架</a></li>\r\n<li><a href=\"/zkeacms\" target=\"_blank\">ZKEACMS内容管理系统</a></li>\r\n<li><a href=\"https://github.com/SeriaWei/BingWallpaper\" target=\"_blank\">下载必应（Bing）每天壁纸</a></li>\r\n<li><a href=\"http://code.taobao.org/p/UploadToTietuku/src/\" target=\"_blank\">贴图库Chrome插件</a></li>\r\n</ul>\r\n</div>\r\n<p><em>更多作品将陆续开源，敬请期待，也欢迎广大开发者加入我们，用微信扫描下面二维码关注我们。</em></p>\r\n<p><img src=\"http://www.zkea.net/Upload/Images/20160318/263801921375bdf2.jpg\" alt=\"\" width=\"258\" height=\"258\" /></p>',1,'~/images/06.jpg',NULL,1,'2016-08-12 21:20:56.590000','admin','ZKEASOFT','2016-03-10 21:05:32.213000','admin','ZKEASOFT','2016-08-12 21:20:56.590000'),(156,'ZKEASOFT','ZKEASOFT 提供优质的软件服务，现已完成上线的产品有EasyFrameWork开发框架，ZkeaCMS内容管理系统，我们坚持开源，开放原则，把软件服务做得更好。',NULL,NULL,NULL,2,NULL,'<div class=\"jumbotron\">\r\n<h1>关于ZKEASOFT</h1>\r\n<h3>ZKEASOFT&nbsp;提供优质的软件服务，我们坚持开源，开放原则，把软件服务做得更好。</h3>\r\n<h4>已开源作品：</h4>\r\n<ul>\r\n<li><a href=\"/easyframework\" target=\"_blank\">EasyFrameWork开发框架</a></li>\r\n<li><a href=\"/zkeacms\" target=\"_blank\">ZKEACMS内容管理系统</a></li>\r\n<li><a href=\"https://github.com/SeriaWei/BingWallpaper\" target=\"_blank\">下载必应（Bing）每天壁纸</a></li>\r\n<li><a href=\"http://code.taobao.org/p/UploadToTietuku/src/\" target=\"_blank\">贴图库Chrome插件</a></li>\r\n</ul>\r\n</div>\r\n<p><em>更多作品将陆续开源，敬请期待，也欢迎广大开发者加入我们，用微信扫描下面二维码关注我们。</em></p>\r\n<p><img src=\"http://www.zkea.net/Upload/Images/20160318/263801921375bdf2.jpg\" alt=\"\" width=\"258\" height=\"258\" /></p>',1,'~/images/06.jpg',NULL,1,'2016-08-13 21:20:56.590000','admin','ZKEASOFT','2016-03-10 21:05:32.213000','admin','ZKEASOFT','2016-08-13 21:20:56.590000'),(157,'ZKEASOFT','ZKEASOFT 提供优质的软件服务，现已完成上线的产品有EasyFrameWork开发框架，ZkeaCMS内容管理系统，我们坚持开源，开放原则，把软件服务做得更好。',NULL,NULL,NULL,2,NULL,'<div class=\"jumbotron\">\r\n<h1>关于ZKEASOFT</h1>\r\n<h3>ZKEASOFT&nbsp;提供优质的软件服务，我们坚持开源，开放原则，把软件服务做得更好。</h3>\r\n<h4>已开源作品：</h4>\r\n<ul>\r\n<li><a href=\"/easyframework\" target=\"_blank\">EasyFrameWork开发框架</a></li>\r\n<li><a href=\"/zkeacms\" target=\"_blank\">ZKEACMS内容管理系统</a></li>\r\n<li><a href=\"https://github.com/SeriaWei/BingWallpaper\" target=\"_blank\">下载必应（Bing）每天壁纸</a></li>\r\n<li><a href=\"http://code.taobao.org/p/UploadToTietuku/src/\" target=\"_blank\">贴图库Chrome插件</a></li>\r\n</ul>\r\n</div>\r\n<p><em>更多作品将陆续开源，敬请期待，也欢迎广大开发者加入我们，用微信扫描下面二维码关注我们。</em></p>\r\n<p><img src=\"http://www.zkea.net/Upload/Images/20160318/263801921375bdf2.jpg\" alt=\"\" width=\"258\" height=\"258\" /></p>',1,'~/images/06.jpg',NULL,1,'2016-08-14 21:20:56.590000','admin','ZKEASOFT','2016-03-10 21:05:32.213000','admin','ZKEASOFT','2016-08-14 21:20:56.590000'),(158,'ZKEASOFT','ZKEASOFT 提供优质的软件服务，现已完成上线的产品有EasyFrameWork开发框架，ZkeaCMS内容管理系统，我们坚持开源，开放原则，把软件服务做得更好。',NULL,NULL,NULL,2,NULL,'<div class=\"jumbotron\">\r\n<h1>关于ZKEASOFT</h1>\r\n<h3>ZKEASOFT&nbsp;提供优质的软件服务，我们坚持开源，开放原则，把软件服务做得更好。</h3>\r\n<h4>已开源作品：</h4>\r\n<ul>\r\n<li><a href=\"/easyframework\" target=\"_blank\">EasyFrameWork开发框架</a></li>\r\n<li><a href=\"/zkeacms\" target=\"_blank\">ZKEACMS内容管理系统</a></li>\r\n<li><a href=\"https://github.com/SeriaWei/BingWallpaper\" target=\"_blank\">下载必应（Bing）每天壁纸</a></li>\r\n<li><a href=\"http://code.taobao.org/p/UploadToTietuku/src/\" target=\"_blank\">贴图库Chrome插件</a></li>\r\n</ul>\r\n</div>\r\n<p><em>更多作品将陆续开源，敬请期待，也欢迎广大开发者加入我们，用微信扫描下面二维码关注我们。</em></p>\r\n<p><img src=\"http://www.zkea.net/Upload/Images/20160318/263801921375bdf2.jpg\" alt=\"\" width=\"258\" height=\"258\" /></p>',1,'~/images/06.jpg',NULL,1,'2016-08-15 21:20:56.590000','admin','ZKEASOFT','2016-03-10 21:05:32.213000','admin','ZKEASOFT','2016-08-15 21:20:56.590000'),(159,'ZKEASOFT','ZKEASOFT 提供优质的软件服务，现已完成上线的产品有EasyFrameWork开发框架，ZkeaCMS内容管理系统，我们坚持开源，开放原则，把软件服务做得更好。',NULL,NULL,NULL,2,NULL,'<div class=\"jumbotron\">\r\n<h1>关于ZKEASOFT</h1>\r\n<h3>ZKEASOFT&nbsp;提供优质的软件服务，我们坚持开源，开放原则，把软件服务做得更好。</h3>\r\n<h4>已开源作品：</h4>\r\n<ul>\r\n<li><a href=\"/easyframework\" target=\"_blank\">EasyFrameWork开发框架</a></li>\r\n<li><a href=\"/zkeacms\" target=\"_blank\">ZKEACMS内容管理系统</a></li>\r\n<li><a href=\"https://github.com/SeriaWei/BingWallpaper\" target=\"_blank\">下载必应（Bing）每天壁纸</a></li>\r\n<li><a href=\"http://code.taobao.org/p/UploadToTietuku/src/\" target=\"_blank\">贴图库Chrome插件</a></li>\r\n</ul>\r\n</div>\r\n<p><em>更多作品将陆续开源，敬请期待，也欢迎广大开发者加入我们，用微信扫描下面二维码关注我们。</em></p>\r\n<p><img src=\"http://www.zkea.net/Upload/Images/20160318/263801921375bdf2.jpg\" alt=\"\" width=\"258\" height=\"258\" /></p>',1,'~/images/06.jpg',NULL,1,'2016-08-16 21:20:56.590000','admin','ZKEASOFT','2016-03-10 21:05:32.213000','admin','ZKEASOFT','2016-08-16 21:20:56.590000'),(160,'ZKEASOFT','ZKEASOFT 提供优质的软件服务，现已完成上线的产品有EasyFrameWork开发框架，ZkeaCMS内容管理系统，我们坚持开源，开放原则，把软件服务做得更好。',NULL,NULL,NULL,2,NULL,'<div class=\"jumbotron\">\r\n<h1>关于ZKEASOFT</h1>\r\n<h3>ZKEASOFT&nbsp;提供优质的软件服务，我们坚持开源，开放原则，把软件服务做得更好。</h3>\r\n<h4>已开源作品：</h4>\r\n<ul>\r\n<li><a href=\"/easyframework\" target=\"_blank\">EasyFrameWork开发框架</a></li>\r\n<li><a href=\"/zkeacms\" target=\"_blank\">ZKEACMS内容管理系统</a></li>\r\n<li><a href=\"https://github.com/SeriaWei/BingWallpaper\" target=\"_blank\">下载必应（Bing）每天壁纸</a></li>\r\n<li><a href=\"http://code.taobao.org/p/UploadToTietuku/src/\" target=\"_blank\">贴图库Chrome插件</a></li>\r\n</ul>\r\n</div>\r\n<p><em>更多作品将陆续开源，敬请期待，也欢迎广大开发者加入我们，用微信扫描下面二维码关注我们。</em></p>\r\n<p><img src=\"http://www.zkea.net/Upload/Images/20160318/263801921375bdf2.jpg\" alt=\"\" width=\"258\" height=\"258\" /></p>',1,'~/images/06.jpg',NULL,1,'2016-08-17 21:20:56.590000','admin','ZKEASOFT','2016-03-10 21:05:32.213000','admin','ZKEASOFT','2016-08-17 21:20:56.590000'),(161,'ZKEASOFT','ZKEASOFT 提供优质的软件服务，现已完成上线的产品有EasyFrameWork开发框架，ZkeaCMS内容管理系统，我们坚持开源，开放原则，把软件服务做得更好。',NULL,NULL,NULL,2,NULL,'<div class=\"jumbotron\">\r\n<h1>关于ZKEASOFT</h1>\r\n<h3>ZKEASOFT&nbsp;提供优质的软件服务，我们坚持开源，开放原则，把软件服务做得更好。</h3>\r\n<h4>已开源作品：</h4>\r\n<ul>\r\n<li><a href=\"/easyframework\" target=\"_blank\">EasyFrameWork开发框架</a></li>\r\n<li><a href=\"/zkeacms\" target=\"_blank\">ZKEACMS内容管理系统</a></li>\r\n<li><a href=\"https://github.com/SeriaWei/BingWallpaper\" target=\"_blank\">下载必应（Bing）每天壁纸</a></li>\r\n<li><a href=\"http://code.taobao.org/p/UploadToTietuku/src/\" target=\"_blank\">贴图库Chrome插件</a></li>\r\n</ul>\r\n</div>\r\n<p><em>更多作品将陆续开源，敬请期待，也欢迎广大开发者加入我们，用微信扫描下面二维码关注我们。</em></p>\r\n<p><img src=\"http://www.zkea.net/Upload/Images/20160318/263801921375bdf2.jpg\" alt=\"\" width=\"258\" height=\"258\" /></p>',1,'~/images/06.jpg',NULL,1,'2016-08-18 21:20:56.590000','admin','ZKEASOFT','2016-03-10 21:05:32.213000','admin','ZKEASOFT','2016-08-18 21:20:56.590000'),(162,'ZKEASOFT','ZKEASOFT 提供优质的软件服务，现已完成上线的产品有EasyFrameWork开发框架，ZkeaCMS内容管理系统，我们坚持开源，开放原则，把软件服务做得更好。',NULL,NULL,NULL,2,NULL,'<div class=\"jumbotron\">\r\n<h1>关于ZKEASOFT</h1>\r\n<h3>ZKEASOFT&nbsp;提供优质的软件服务，我们坚持开源，开放原则，把软件服务做得更好。</h3>\r\n<h4>已开源作品：</h4>\r\n<ul>\r\n<li><a href=\"/easyframework\" target=\"_blank\">EasyFrameWork开发框架</a></li>\r\n<li><a href=\"/zkeacms\" target=\"_blank\">ZKEACMS内容管理系统</a></li>\r\n<li><a href=\"https://github.com/SeriaWei/BingWallpaper\" target=\"_blank\">下载必应（Bing）每天壁纸</a></li>\r\n<li><a href=\"http://code.taobao.org/p/UploadToTietuku/src/\" target=\"_blank\">贴图库Chrome插件</a></li>\r\n</ul>\r\n</div>\r\n<p><em>更多作品将陆续开源，敬请期待，也欢迎广大开发者加入我们，用微信扫描下面二维码关注我们。</em></p>\r\n<p><img src=\"http://www.zkea.net/Upload/Images/20160318/263801921375bdf2.jpg\" alt=\"\" width=\"258\" height=\"258\" /></p>',1,'~/images/06.jpg',NULL,1,'2016-08-19 21:20:56.590000','admin','ZKEASOFT','2016-03-10 21:05:32.213000','admin','ZKEASOFT','2016-08-19 21:20:56.590000'),(163,'ZKEASOFT','ZKEASOFT 提供优质的软件服务，现已完成上线的产品有EasyFrameWork开发框架，ZkeaCMS内容管理系统，我们坚持开源，开放原则，把软件服务做得更好。',NULL,NULL,NULL,2,NULL,'<div class=\"jumbotron\">\r\n<h1>关于ZKEASOFT</h1>\r\n<h3>ZKEASOFT&nbsp;提供优质的软件服务，我们坚持开源，开放原则，把软件服务做得更好。</h3>\r\n<h4>已开源作品：</h4>\r\n<ul>\r\n<li><a href=\"/easyframework\" target=\"_blank\">EasyFrameWork开发框架</a></li>\r\n<li><a href=\"/zkeacms\" target=\"_blank\">ZKEACMS内容管理系统</a></li>\r\n<li><a href=\"https://github.com/SeriaWei/BingWallpaper\" target=\"_blank\">下载必应（Bing）每天壁纸</a></li>\r\n<li><a href=\"http://code.taobao.org/p/UploadToTietuku/src/\" target=\"_blank\">贴图库Chrome插件</a></li>\r\n</ul>\r\n</div>\r\n<p><em>更多作品将陆续开源，敬请期待，也欢迎广大开发者加入我们，用微信扫描下面二维码关注我们。</em></p>\r\n<p><img src=\"http://www.zkea.net/Upload/Images/20160318/263801921375bdf2.jpg\" alt=\"\" width=\"258\" height=\"258\" /></p>',1,'~/images/06.jpg',NULL,1,'2016-08-20 21:20:56.590000','admin','ZKEASOFT','2016-03-10 21:05:32.213000','admin','ZKEASOFT','2016-08-20 21:20:56.590000'),(164,'ZKEASOFT','ZKEASOFT 提供优质的软件服务，现已完成上线的产品有EasyFrameWork开发框架，ZkeaCMS内容管理系统，我们坚持开源，开放原则，把软件服务做得更好。',NULL,NULL,NULL,2,NULL,'<div class=\"jumbotron\">\r\n<h1>关于ZKEASOFT</h1>\r\n<h3>ZKEASOFT&nbsp;提供优质的软件服务，我们坚持开源，开放原则，把软件服务做得更好。</h3>\r\n<h4>已开源作品：</h4>\r\n<ul>\r\n<li><a href=\"/easyframework\" target=\"_blank\">EasyFrameWork开发框架</a></li>\r\n<li><a href=\"/zkeacms\" target=\"_blank\">ZKEACMS内容管理系统</a></li>\r\n<li><a href=\"https://github.com/SeriaWei/BingWallpaper\" target=\"_blank\">下载必应（Bing）每天壁纸</a></li>\r\n<li><a href=\"http://code.taobao.org/p/UploadToTietuku/src/\" target=\"_blank\">贴图库Chrome插件</a></li>\r\n</ul>\r\n</div>\r\n<p><em>更多作品将陆续开源，敬请期待，也欢迎广大开发者加入我们，用微信扫描下面二维码关注我们。</em></p>\r\n<p><img src=\"http://www.zkea.net/Upload/Images/20160318/263801921375bdf2.jpg\" alt=\"\" width=\"258\" height=\"258\" /></p>',1,'~/images/06.jpg',NULL,1,'2016-08-21 21:20:56.590000','admin','ZKEASOFT','2016-03-10 21:05:32.213000','admin','ZKEASOFT','2016-08-21 21:20:56.590000'),(165,'ZKEASOFT','ZKEASOFT 提供优质的软件服务，现已完成上线的产品有EasyFrameWork开发框架，ZkeaCMS内容管理系统，我们坚持开源，开放原则，把软件服务做得更好。',NULL,NULL,NULL,2,NULL,'<div class=\"jumbotron\">\r\n<h1>关于ZKEASOFT</h1>\r\n<h3>ZKEASOFT&nbsp;提供优质的软件服务，我们坚持开源，开放原则，把软件服务做得更好。</h3>\r\n<h4>已开源作品：</h4>\r\n<ul>\r\n<li><a href=\"/easyframework\" target=\"_blank\">EasyFrameWork开发框架</a></li>\r\n<li><a href=\"/zkeacms\" target=\"_blank\">ZKEACMS内容管理系统</a></li>\r\n<li><a href=\"https://github.com/SeriaWei/BingWallpaper\" target=\"_blank\">下载必应（Bing）每天壁纸</a></li>\r\n<li><a href=\"http://code.taobao.org/p/UploadToTietuku/src/\" target=\"_blank\">贴图库Chrome插件</a></li>\r\n</ul>\r\n</div>\r\n<p><em>更多作品将陆续开源，敬请期待，也欢迎广大开发者加入我们，用微信扫描下面二维码关注我们。</em></p>\r\n<p><img src=\"http://www.zkea.net/Upload/Images/20160318/263801921375bdf2.jpg\" alt=\"\" width=\"258\" height=\"258\" /></p>',1,'~/images/06.jpg',NULL,1,'2016-08-22 21:20:56.590000','admin','ZKEASOFT','2016-03-10 21:05:32.213000','admin','ZKEASOFT','2016-08-22 21:20:56.590000'),(166,'ZKEASOFT','ZKEASOFT 提供优质的软件服务，现已完成上线的产品有EasyFrameWork开发框架，ZkeaCMS内容管理系统，我们坚持开源，开放原则，把软件服务做得更好。',NULL,NULL,NULL,2,NULL,'<div class=\"jumbotron\">\r\n<h1>关于ZKEASOFT</h1>\r\n<h3>ZKEASOFT&nbsp;提供优质的软件服务，我们坚持开源，开放原则，把软件服务做得更好。</h3>\r\n<h4>已开源作品：</h4>\r\n<ul>\r\n<li><a href=\"/easyframework\" target=\"_blank\">EasyFrameWork开发框架</a></li>\r\n<li><a href=\"/zkeacms\" target=\"_blank\">ZKEACMS内容管理系统</a></li>\r\n<li><a href=\"https://github.com/SeriaWei/BingWallpaper\" target=\"_blank\">下载必应（Bing）每天壁纸</a></li>\r\n<li><a href=\"http://code.taobao.org/p/UploadToTietuku/src/\" target=\"_blank\">贴图库Chrome插件</a></li>\r\n</ul>\r\n</div>\r\n<p><em>更多作品将陆续开源，敬请期待，也欢迎广大开发者加入我们，用微信扫描下面二维码关注我们。</em></p>\r\n<p><img src=\"http://www.zkea.net/Upload/Images/20160318/263801921375bdf2.jpg\" alt=\"\" width=\"258\" height=\"258\" /></p>',1,'~/images/06.jpg',NULL,1,'2016-08-23 21:20:56.590000','admin','ZKEASOFT','2016-03-10 21:05:32.213000','admin','ZKEASOFT','2016-08-23 21:20:56.590000'),(167,'ZKEASOFT','ZKEASOFT 提供优质的软件服务，现已完成上线的产品有EasyFrameWork开发框架，ZkeaCMS内容管理系统，我们坚持开源，开放原则，把软件服务做得更好。',NULL,NULL,NULL,2,NULL,'<div class=\"jumbotron\">\r\n<h1>关于ZKEASOFT</h1>\r\n<h3>ZKEASOFT&nbsp;提供优质的软件服务，我们坚持开源，开放原则，把软件服务做得更好。</h3>\r\n<h4>已开源作品：</h4>\r\n<ul>\r\n<li><a href=\"/easyframework\" target=\"_blank\">EasyFrameWork开发框架</a></li>\r\n<li><a href=\"/zkeacms\" target=\"_blank\">ZKEACMS内容管理系统</a></li>\r\n<li><a href=\"https://github.com/SeriaWei/BingWallpaper\" target=\"_blank\">下载必应（Bing）每天壁纸</a></li>\r\n<li><a href=\"http://code.taobao.org/p/UploadToTietuku/src/\" target=\"_blank\">贴图库Chrome插件</a></li>\r\n</ul>\r\n</div>\r\n<p><em>更多作品将陆续开源，敬请期待，也欢迎广大开发者加入我们，用微信扫描下面二维码关注我们。</em></p>\r\n<p><img src=\"http://www.zkea.net/Upload/Images/20160318/263801921375bdf2.jpg\" alt=\"\" width=\"258\" height=\"258\" /></p>',1,'~/images/06.jpg',NULL,1,'2016-08-24 21:20:56.590000','admin','ZKEASOFT','2016-03-10 21:05:32.213000','admin','ZKEASOFT','2016-08-24 21:20:56.590000'),(168,'ZKEASOFT','ZKEASOFT 提供优质的软件服务，现已完成上线的产品有EasyFrameWork开发框架，ZkeaCMS内容管理系统，我们坚持开源，开放原则，把软件服务做得更好。',NULL,NULL,NULL,2,NULL,'<div class=\"jumbotron\">\r\n<h1>关于ZKEASOFT</h1>\r\n<h3>ZKEASOFT&nbsp;提供优质的软件服务，我们坚持开源，开放原则，把软件服务做得更好。</h3>\r\n<h4>已开源作品：</h4>\r\n<ul>\r\n<li><a href=\"/easyframework\" target=\"_blank\">EasyFrameWork开发框架</a></li>\r\n<li><a href=\"/zkeacms\" target=\"_blank\">ZKEACMS内容管理系统</a></li>\r\n<li><a href=\"https://github.com/SeriaWei/BingWallpaper\" target=\"_blank\">下载必应（Bing）每天壁纸</a></li>\r\n<li><a href=\"http://code.taobao.org/p/UploadToTietuku/src/\" target=\"_blank\">贴图库Chrome插件</a></li>\r\n</ul>\r\n</div>\r\n<p><em>更多作品将陆续开源，敬请期待，也欢迎广大开发者加入我们，用微信扫描下面二维码关注我们。</em></p>\r\n<p><img src=\"http://www.zkea.net/Upload/Images/20160318/263801921375bdf2.jpg\" alt=\"\" width=\"258\" height=\"258\" /></p>',1,'~/images/06.jpg',NULL,1,'2016-08-25 21:20:56.590000','admin','ZKEASOFT','2016-03-10 21:05:32.213000','admin','ZKEASOFT','2016-08-25 21:20:56.590000'),(169,'ZKEASOFT','ZKEASOFT 提供优质的软件服务，现已完成上线的产品有EasyFrameWork开发框架，ZkeaCMS内容管理系统，我们坚持开源，开放原则，把软件服务做得更好。',NULL,NULL,NULL,2,NULL,'<div class=\"jumbotron\">\r\n<h1>关于ZKEASOFT</h1>\r\n<h3>ZKEASOFT&nbsp;提供优质的软件服务，我们坚持开源，开放原则，把软件服务做得更好。</h3>\r\n<h4>已开源作品：</h4>\r\n<ul>\r\n<li><a href=\"/easyframework\" target=\"_blank\">EasyFrameWork开发框架</a></li>\r\n<li><a href=\"/zkeacms\" target=\"_blank\">ZKEACMS内容管理系统</a></li>\r\n<li><a href=\"https://github.com/SeriaWei/BingWallpaper\" target=\"_blank\">下载必应（Bing）每天壁纸</a></li>\r\n<li><a href=\"http://code.taobao.org/p/UploadToTietuku/src/\" target=\"_blank\">贴图库Chrome插件</a></li>\r\n</ul>\r\n</div>\r\n<p><em>更多作品将陆续开源，敬请期待，也欢迎广大开发者加入我们，用微信扫描下面二维码关注我们。</em></p>\r\n<p><img src=\"http://www.zkea.net/Upload/Images/20160318/263801921375bdf2.jpg\" alt=\"\" width=\"258\" height=\"258\" /></p>',1,'~/images/06.jpg',NULL,1,'2016-08-26 21:20:56.590000','admin','ZKEASOFT','2016-03-10 21:05:32.213000','admin','ZKEASOFT','2016-08-26 21:20:56.590000'),(170,'ZKEASOFT','ZKEASOFT 提供优质的软件服务，现已完成上线的产品有EasyFrameWork开发框架，ZkeaCMS内容管理系统，我们坚持开源，开放原则，把软件服务做得更好。',NULL,NULL,NULL,2,NULL,'<div class=\"jumbotron\">\r\n<h1>关于ZKEASOFT</h1>\r\n<h3>ZKEASOFT&nbsp;提供优质的软件服务，我们坚持开源，开放原则，把软件服务做得更好。</h3>\r\n<h4>已开源作品：</h4>\r\n<ul>\r\n<li><a href=\"/easyframework\" target=\"_blank\">EasyFrameWork开发框架</a></li>\r\n<li><a href=\"/zkeacms\" target=\"_blank\">ZKEACMS内容管理系统</a></li>\r\n<li><a href=\"https://github.com/SeriaWei/BingWallpaper\" target=\"_blank\">下载必应（Bing）每天壁纸</a></li>\r\n<li><a href=\"http://code.taobao.org/p/UploadToTietuku/src/\" target=\"_blank\">贴图库Chrome插件</a></li>\r\n</ul>\r\n</div>\r\n<p><em>更多作品将陆续开源，敬请期待，也欢迎广大开发者加入我们，用微信扫描下面二维码关注我们。</em></p>\r\n<p><img src=\"http://www.zkea.net/Upload/Images/20160318/263801921375bdf2.jpg\" alt=\"\" width=\"258\" height=\"258\" /></p>',1,'~/images/06.jpg',NULL,1,'2016-08-27 21:20:56.590000','admin','ZKEASOFT','2016-03-10 21:05:32.213000','admin','ZKEASOFT','2016-08-27 21:20:56.590000'),(171,'ZKEASOFT','ZKEASOFT 提供优质的软件服务，现已完成上线的产品有EasyFrameWork开发框架，ZkeaCMS内容管理系统，我们坚持开源，开放原则，把软件服务做得更好。',NULL,NULL,NULL,2,NULL,'<div class=\"jumbotron\">\r\n<h1>关于ZKEASOFT</h1>\r\n<h3>ZKEASOFT&nbsp;提供优质的软件服务，我们坚持开源，开放原则，把软件服务做得更好。</h3>\r\n<h4>已开源作品：</h4>\r\n<ul>\r\n<li><a href=\"/easyframework\" target=\"_blank\">EasyFrameWork开发框架</a></li>\r\n<li><a href=\"/zkeacms\" target=\"_blank\">ZKEACMS内容管理系统</a></li>\r\n<li><a href=\"https://github.com/SeriaWei/BingWallpaper\" target=\"_blank\">下载必应（Bing）每天壁纸</a></li>\r\n<li><a href=\"http://code.taobao.org/p/UploadToTietuku/src/\" target=\"_blank\">贴图库Chrome插件</a></li>\r\n</ul>\r\n</div>\r\n<p><em>更多作品将陆续开源，敬请期待，也欢迎广大开发者加入我们，用微信扫描下面二维码关注我们。</em></p>\r\n<p><img src=\"http://www.zkea.net/Upload/Images/20160318/263801921375bdf2.jpg\" alt=\"\" width=\"258\" height=\"258\" /></p>',1,'~/images/06.jpg',NULL,1,'2016-08-28 21:20:56.590000','admin','ZKEASOFT','2016-03-10 21:05:32.213000','admin','ZKEASOFT','2016-08-28 21:20:56.590000'),(172,'ZKEASOFT','ZKEASOFT 提供优质的软件服务，现已完成上线的产品有EasyFrameWork开发框架，ZkeaCMS内容管理系统，我们坚持开源，开放原则，把软件服务做得更好。',NULL,NULL,NULL,2,NULL,'<div class=\"jumbotron\">\r\n<h1>关于ZKEASOFT</h1>\r\n<h3>ZKEASOFT&nbsp;提供优质的软件服务，我们坚持开源，开放原则，把软件服务做得更好。</h3>\r\n<h4>已开源作品：</h4>\r\n<ul>\r\n<li><a href=\"/easyframework\" target=\"_blank\">EasyFrameWork开发框架</a></li>\r\n<li><a href=\"/zkeacms\" target=\"_blank\">ZKEACMS内容管理系统</a></li>\r\n<li><a href=\"https://github.com/SeriaWei/BingWallpaper\" target=\"_blank\">下载必应（Bing）每天壁纸</a></li>\r\n<li><a href=\"http://code.taobao.org/p/UploadToTietuku/src/\" target=\"_blank\">贴图库Chrome插件</a></li>\r\n</ul>\r\n</div>\r\n<p><em>更多作品将陆续开源，敬请期待，也欢迎广大开发者加入我们，用微信扫描下面二维码关注我们。</em></p>\r\n<p><img src=\"http://www.zkea.net/Upload/Images/20160318/263801921375bdf2.jpg\" alt=\"\" width=\"258\" height=\"258\" /></p>',1,'~/images/06.jpg',NULL,1,'2016-08-29 21:20:56.590000','admin','ZKEASOFT','2016-03-10 21:05:32.213000','admin','ZKEASOFT','2016-08-29 21:20:56.590000'),(173,'ZKEASOFT','ZKEASOFT 提供优质的软件服务，现已完成上线的产品有EasyFrameWork开发框架，ZkeaCMS内容管理系统，我们坚持开源，开放原则，把软件服务做得更好。',NULL,NULL,NULL,2,NULL,'<div class=\"jumbotron\">\r\n<h1>关于ZKEASOFT</h1>\r\n<h3>ZKEASOFT&nbsp;提供优质的软件服务，我们坚持开源，开放原则，把软件服务做得更好。</h3>\r\n<h4>已开源作品：</h4>\r\n<ul>\r\n<li><a href=\"/easyframework\" target=\"_blank\">EasyFrameWork开发框架</a></li>\r\n<li><a href=\"/zkeacms\" target=\"_blank\">ZKEACMS内容管理系统</a></li>\r\n<li><a href=\"https://github.com/SeriaWei/BingWallpaper\" target=\"_blank\">下载必应（Bing）每天壁纸</a></li>\r\n<li><a href=\"http://code.taobao.org/p/UploadToTietuku/src/\" target=\"_blank\">贴图库Chrome插件</a></li>\r\n</ul>\r\n</div>\r\n<p><em>更多作品将陆续开源，敬请期待，也欢迎广大开发者加入我们，用微信扫描下面二维码关注我们。</em></p>\r\n<p><img src=\"http://www.zkea.net/Upload/Images/20160318/263801921375bdf2.jpg\" alt=\"\" width=\"258\" height=\"258\" /></p>',1,'~/images/06.jpg',NULL,1,'2016-08-30 21:20:56.590000','admin','ZKEASOFT','2016-03-10 21:05:32.213000','admin','ZKEASOFT','2016-08-30 21:20:56.590000'),(174,'ZKEASOFT','ZKEASOFT 提供优质的软件服务，现已完成上线的产品有EasyFrameWork开发框架，ZkeaCMS内容管理系统，我们坚持开源，开放原则，把软件服务做得更好。',NULL,NULL,NULL,2,NULL,'<div class=\"jumbotron\">\r\n<h1>关于ZKEASOFT</h1>\r\n<h3>ZKEASOFT&nbsp;提供优质的软件服务，我们坚持开源，开放原则，把软件服务做得更好。</h3>\r\n<h4>已开源作品：</h4>\r\n<ul>\r\n<li><a href=\"/easyframework\" target=\"_blank\">EasyFrameWork开发框架</a></li>\r\n<li><a href=\"/zkeacms\" target=\"_blank\">ZKEACMS内容管理系统</a></li>\r\n<li><a href=\"https://github.com/SeriaWei/BingWallpaper\" target=\"_blank\">下载必应（Bing）每天壁纸</a></li>\r\n<li><a href=\"http://code.taobao.org/p/UploadToTietuku/src/\" target=\"_blank\">贴图库Chrome插件</a></li>\r\n</ul>\r\n</div>\r\n<p><em>更多作品将陆续开源，敬请期待，也欢迎广大开发者加入我们，用微信扫描下面二维码关注我们。</em></p>\r\n<p><img src=\"http://www.zkea.net/Upload/Images/20160318/263801921375bdf2.jpg\" alt=\"\" width=\"258\" height=\"258\" /></p>',1,'~/images/06.jpg',NULL,1,'2016-08-31 21:20:56.590000','admin','ZKEASOFT','2016-03-10 21:05:32.213000','admin','ZKEASOFT','2016-08-31 21:20:56.590000'),(175,'ZKEASOFT','ZKEASOFT 提供优质的软件服务，现已完成上线的产品有EasyFrameWork开发框架，ZkeaCMS内容管理系统，我们坚持开源，开放原则，把软件服务做得更好。',NULL,NULL,NULL,2,NULL,'<div class=\"jumbotron\">\r\n<h1>关于ZKEASOFT</h1>\r\n<h3>ZKEASOFT&nbsp;提供优质的软件服务，我们坚持开源，开放原则，把软件服务做得更好。</h3>\r\n<h4>已开源作品：</h4>\r\n<ul>\r\n<li><a href=\"/easyframework\" target=\"_blank\">EasyFrameWork开发框架</a></li>\r\n<li><a href=\"/zkeacms\" target=\"_blank\">ZKEACMS内容管理系统</a></li>\r\n<li><a href=\"https://github.com/SeriaWei/BingWallpaper\" target=\"_blank\">下载必应（Bing）每天壁纸</a></li>\r\n<li><a href=\"http://code.taobao.org/p/UploadToTietuku/src/\" target=\"_blank\">贴图库Chrome插件</a></li>\r\n</ul>\r\n</div>\r\n<p><em>更多作品将陆续开源，敬请期待，也欢迎广大开发者加入我们，用微信扫描下面二维码关注我们。</em></p>\r\n<p><img src=\"http://www.zkea.net/Upload/Images/20160318/263801921375bdf2.jpg\" alt=\"\" width=\"258\" height=\"258\" /></p>',1,'~/images/06.jpg',NULL,1,'2016-09-01 21:20:56.590000','admin','ZKEASOFT','2016-03-10 21:05:32.213000','admin','ZKEASOFT','2016-09-01 21:20:56.590000'),(176,'ZKEASOFT','ZKEASOFT 提供优质的软件服务，现已完成上线的产品有EasyFrameWork开发框架，ZkeaCMS内容管理系统，我们坚持开源，开放原则，把软件服务做得更好。',NULL,NULL,NULL,2,NULL,'<div class=\"jumbotron\">\r\n<h1>关于ZKEASOFT</h1>\r\n<h3>ZKEASOFT&nbsp;提供优质的软件服务，我们坚持开源，开放原则，把软件服务做得更好。</h3>\r\n<h4>已开源作品：</h4>\r\n<ul>\r\n<li><a href=\"/easyframework\" target=\"_blank\">EasyFrameWork开发框架</a></li>\r\n<li><a href=\"/zkeacms\" target=\"_blank\">ZKEACMS内容管理系统</a></li>\r\n<li><a href=\"https://github.com/SeriaWei/BingWallpaper\" target=\"_blank\">下载必应（Bing）每天壁纸</a></li>\r\n<li><a href=\"http://code.taobao.org/p/UploadToTietuku/src/\" target=\"_blank\">贴图库Chrome插件</a></li>\r\n</ul>\r\n</div>\r\n<p><em>更多作品将陆续开源，敬请期待，也欢迎广大开发者加入我们，用微信扫描下面二维码关注我们。</em></p>\r\n<p><img src=\"http://www.zkea.net/Upload/Images/20160318/263801921375bdf2.jpg\" alt=\"\" width=\"258\" height=\"258\" /></p>',1,'~/images/06.jpg',NULL,1,'2016-09-02 21:20:56.590000','admin','ZKEASOFT','2016-03-10 21:05:32.213000','admin','ZKEASOFT','2016-09-02 21:20:56.590000'),(177,'ZKEASOFT','ZKEASOFT 提供优质的软件服务，现已完成上线的产品有EasyFrameWork开发框架，ZkeaCMS内容管理系统，我们坚持开源，开放原则，把软件服务做得更好。',NULL,NULL,NULL,2,NULL,'<div class=\"jumbotron\">\r\n<h1>关于ZKEASOFT</h1>\r\n<h3>ZKEASOFT&nbsp;提供优质的软件服务，我们坚持开源，开放原则，把软件服务做得更好。</h3>\r\n<h4>已开源作品：</h4>\r\n<ul>\r\n<li><a href=\"/easyframework\" target=\"_blank\">EasyFrameWork开发框架</a></li>\r\n<li><a href=\"/zkeacms\" target=\"_blank\">ZKEACMS内容管理系统</a></li>\r\n<li><a href=\"https://github.com/SeriaWei/BingWallpaper\" target=\"_blank\">下载必应（Bing）每天壁纸</a></li>\r\n<li><a href=\"http://code.taobao.org/p/UploadToTietuku/src/\" target=\"_blank\">贴图库Chrome插件</a></li>\r\n</ul>\r\n</div>\r\n<p><em>更多作品将陆续开源，敬请期待，也欢迎广大开发者加入我们，用微信扫描下面二维码关注我们。</em></p>\r\n<p><img src=\"http://www.zkea.net/Upload/Images/20160318/263801921375bdf2.jpg\" alt=\"\" width=\"258\" height=\"258\" /></p>',1,'~/images/06.jpg',NULL,1,'2016-09-03 21:20:56.590000','admin','ZKEASOFT','2016-03-10 21:05:32.213000','admin','ZKEASOFT','2016-09-03 21:20:56.590000'),(178,'ZKEASOFT','ZKEASOFT 提供优质的软件服务，现已完成上线的产品有EasyFrameWork开发框架，ZkeaCMS内容管理系统，我们坚持开源，开放原则，把软件服务做得更好。',NULL,NULL,NULL,2,NULL,'<div class=\"jumbotron\">\r\n<h1>关于ZKEASOFT</h1>\r\n<h3>ZKEASOFT&nbsp;提供优质的软件服务，我们坚持开源，开放原则，把软件服务做得更好。</h3>\r\n<h4>已开源作品：</h4>\r\n<ul>\r\n<li><a href=\"/easyframework\" target=\"_blank\">EasyFrameWork开发框架</a></li>\r\n<li><a href=\"/zkeacms\" target=\"_blank\">ZKEACMS内容管理系统</a></li>\r\n<li><a href=\"https://github.com/SeriaWei/BingWallpaper\" target=\"_blank\">下载必应（Bing）每天壁纸</a></li>\r\n<li><a href=\"http://code.taobao.org/p/UploadToTietuku/src/\" target=\"_blank\">贴图库Chrome插件</a></li>\r\n</ul>\r\n</div>\r\n<p><em>更多作品将陆续开源，敬请期待，也欢迎广大开发者加入我们，用微信扫描下面二维码关注我们。</em></p>\r\n<p><img src=\"http://www.zkea.net/Upload/Images/20160318/263801921375bdf2.jpg\" alt=\"\" width=\"258\" height=\"258\" /></p>',1,'~/images/06.jpg',NULL,1,'2016-09-04 21:20:56.590000','admin','ZKEASOFT','2016-03-10 21:05:32.213000','admin','ZKEASOFT','2016-09-04 21:20:56.590000'),(179,'ZKEASOFT','ZKEASOFT 提供优质的软件服务，现已完成上线的产品有EasyFrameWork开发框架，ZkeaCMS内容管理系统，我们坚持开源，开放原则，把软件服务做得更好。',NULL,NULL,NULL,2,NULL,'<div class=\"jumbotron\">\r\n<h1>关于ZKEASOFT</h1>\r\n<h3>ZKEASOFT&nbsp;提供优质的软件服务，我们坚持开源，开放原则，把软件服务做得更好。</h3>\r\n<h4>已开源作品：</h4>\r\n<ul>\r\n<li><a href=\"/easyframework\" target=\"_blank\">EasyFrameWork开发框架</a></li>\r\n<li><a href=\"/zkeacms\" target=\"_blank\">ZKEACMS内容管理系统</a></li>\r\n<li><a href=\"https://github.com/SeriaWei/BingWallpaper\" target=\"_blank\">下载必应（Bing）每天壁纸</a></li>\r\n<li><a href=\"http://code.taobao.org/p/UploadToTietuku/src/\" target=\"_blank\">贴图库Chrome插件</a></li>\r\n</ul>\r\n</div>\r\n<p><em>更多作品将陆续开源，敬请期待，也欢迎广大开发者加入我们，用微信扫描下面二维码关注我们。</em></p>\r\n<p><img src=\"http://www.zkea.net/Upload/Images/20160318/263801921375bdf2.jpg\" alt=\"\" width=\"258\" height=\"258\" /></p>',1,'~/images/06.jpg',NULL,1,'2016-09-05 21:20:56.590000','admin','ZKEASOFT','2016-03-10 21:05:32.213000','admin','ZKEASOFT','2016-09-05 21:20:56.590000'),(180,'ZKEASOFT','ZKEASOFT 提供优质的软件服务，现已完成上线的产品有EasyFrameWork开发框架，ZkeaCMS内容管理系统，我们坚持开源，开放原则，把软件服务做得更好。',NULL,NULL,NULL,2,NULL,'<div class=\"jumbotron\">\r\n<h1>关于ZKEASOFT</h1>\r\n<h3>ZKEASOFT&nbsp;提供优质的软件服务，我们坚持开源，开放原则，把软件服务做得更好。</h3>\r\n<h4>已开源作品：</h4>\r\n<ul>\r\n<li><a href=\"/easyframework\" target=\"_blank\">EasyFrameWork开发框架</a></li>\r\n<li><a href=\"/zkeacms\" target=\"_blank\">ZKEACMS内容管理系统</a></li>\r\n<li><a href=\"https://github.com/SeriaWei/BingWallpaper\" target=\"_blank\">下载必应（Bing）每天壁纸</a></li>\r\n<li><a href=\"http://code.taobao.org/p/UploadToTietuku/src/\" target=\"_blank\">贴图库Chrome插件</a></li>\r\n</ul>\r\n</div>\r\n<p><em>更多作品将陆续开源，敬请期待，也欢迎广大开发者加入我们，用微信扫描下面二维码关注我们。</em></p>\r\n<p><img src=\"http://www.zkea.net/Upload/Images/20160318/263801921375bdf2.jpg\" alt=\"\" width=\"258\" height=\"258\" /></p>',1,'~/images/06.jpg',NULL,1,'2016-09-06 21:20:56.590000','admin','ZKEASOFT','2016-03-10 21:05:32.213000','admin','ZKEASOFT','2016-09-06 21:20:56.590000'),(181,'ZKEASOFT','ZKEASOFT 提供优质的软件服务，现已完成上线的产品有EasyFrameWork开发框架，ZkeaCMS内容管理系统，我们坚持开源，开放原则，把软件服务做得更好。',NULL,NULL,NULL,2,NULL,'<div class=\"jumbotron\">\r\n<h1>关于ZKEASOFT</h1>\r\n<h3>ZKEASOFT&nbsp;提供优质的软件服务，我们坚持开源，开放原则，把软件服务做得更好。</h3>\r\n<h4>已开源作品：</h4>\r\n<ul>\r\n<li><a href=\"/easyframework\" target=\"_blank\">EasyFrameWork开发框架</a></li>\r\n<li><a href=\"/zkeacms\" target=\"_blank\">ZKEACMS内容管理系统</a></li>\r\n<li><a href=\"https://github.com/SeriaWei/BingWallpaper\" target=\"_blank\">下载必应（Bing）每天壁纸</a></li>\r\n<li><a href=\"http://code.taobao.org/p/UploadToTietuku/src/\" target=\"_blank\">贴图库Chrome插件</a></li>\r\n</ul>\r\n</div>\r\n<p><em>更多作品将陆续开源，敬请期待，也欢迎广大开发者加入我们，用微信扫描下面二维码关注我们。</em></p>\r\n<p><img src=\"http://www.zkea.net/Upload/Images/20160318/263801921375bdf2.jpg\" alt=\"\" width=\"258\" height=\"258\" /></p>',1,'~/images/06.jpg',NULL,1,'2016-09-07 21:20:56.590000','admin','ZKEASOFT','2016-03-10 21:05:32.213000','admin','ZKEASOFT','2016-09-07 21:20:56.590000'),(182,'ZKEASOFT','ZKEASOFT 提供优质的软件服务，现已完成上线的产品有EasyFrameWork开发框架，ZkeaCMS内容管理系统，我们坚持开源，开放原则，把软件服务做得更好。',NULL,NULL,NULL,2,NULL,'<div class=\"jumbotron\">\r\n<h1>关于ZKEASOFT</h1>\r\n<h3>ZKEASOFT&nbsp;提供优质的软件服务，我们坚持开源，开放原则，把软件服务做得更好。</h3>\r\n<h4>已开源作品：</h4>\r\n<ul>\r\n<li><a href=\"/easyframework\" target=\"_blank\">EasyFrameWork开发框架</a></li>\r\n<li><a href=\"/zkeacms\" target=\"_blank\">ZKEACMS内容管理系统</a></li>\r\n<li><a href=\"https://github.com/SeriaWei/BingWallpaper\" target=\"_blank\">下载必应（Bing）每天壁纸</a></li>\r\n<li><a href=\"http://code.taobao.org/p/UploadToTietuku/src/\" target=\"_blank\">贴图库Chrome插件</a></li>\r\n</ul>\r\n</div>\r\n<p><em>更多作品将陆续开源，敬请期待，也欢迎广大开发者加入我们，用微信扫描下面二维码关注我们。</em></p>\r\n<p><img src=\"http://www.zkea.net/Upload/Images/20160318/263801921375bdf2.jpg\" alt=\"\" width=\"258\" height=\"258\" /></p>',1,'~/images/06.jpg',NULL,1,'2016-09-08 21:20:56.590000','admin','ZKEASOFT','2016-03-10 21:05:32.213000','admin','ZKEASOFT','2016-09-08 21:20:56.590000'),(183,'ZKEASOFT','ZKEASOFT 提供优质的软件服务，现已完成上线的产品有EasyFrameWork开发框架，ZkeaCMS内容管理系统，我们坚持开源，开放原则，把软件服务做得更好。',NULL,NULL,NULL,2,NULL,'<div class=\"jumbotron\">\r\n<h1>关于ZKEASOFT</h1>\r\n<h3>ZKEASOFT&nbsp;提供优质的软件服务，我们坚持开源，开放原则，把软件服务做得更好。</h3>\r\n<h4>已开源作品：</h4>\r\n<ul>\r\n<li><a href=\"/easyframework\" target=\"_blank\">EasyFrameWork开发框架</a></li>\r\n<li><a href=\"/zkeacms\" target=\"_blank\">ZKEACMS内容管理系统</a></li>\r\n<li><a href=\"https://github.com/SeriaWei/BingWallpaper\" target=\"_blank\">下载必应（Bing）每天壁纸</a></li>\r\n<li><a href=\"http://code.taobao.org/p/UploadToTietuku/src/\" target=\"_blank\">贴图库Chrome插件</a></li>\r\n</ul>\r\n</div>\r\n<p><em>更多作品将陆续开源，敬请期待，也欢迎广大开发者加入我们，用微信扫描下面二维码关注我们。</em></p>\r\n<p><img src=\"http://www.zkea.net/Upload/Images/20160318/263801921375bdf2.jpg\" alt=\"\" width=\"258\" height=\"258\" /></p>',1,'~/images/06.jpg',NULL,1,'2016-09-09 21:20:56.590000','admin','ZKEASOFT','2016-03-10 21:05:32.213000','admin','ZKEASOFT','2016-09-09 21:20:56.590000'),(184,'ZKEASOFT','ZKEASOFT 提供优质的软件服务，现已完成上线的产品有EasyFrameWork开发框架，ZkeaCMS内容管理系统，我们坚持开源，开放原则，把软件服务做得更好。',NULL,NULL,NULL,2,NULL,'<div class=\"jumbotron\">\r\n<h1>关于ZKEASOFT</h1>\r\n<h3>ZKEASOFT&nbsp;提供优质的软件服务，我们坚持开源，开放原则，把软件服务做得更好。</h3>\r\n<h4>已开源作品：</h4>\r\n<ul>\r\n<li><a href=\"/easyframework\" target=\"_blank\">EasyFrameWork开发框架</a></li>\r\n<li><a href=\"/zkeacms\" target=\"_blank\">ZKEACMS内容管理系统</a></li>\r\n<li><a href=\"https://github.com/SeriaWei/BingWallpaper\" target=\"_blank\">下载必应（Bing）每天壁纸</a></li>\r\n<li><a href=\"http://code.taobao.org/p/UploadToTietuku/src/\" target=\"_blank\">贴图库Chrome插件</a></li>\r\n</ul>\r\n</div>\r\n<p><em>更多作品将陆续开源，敬请期待，也欢迎广大开发者加入我们，用微信扫描下面二维码关注我们。</em></p>\r\n<p><img src=\"http://www.zkea.net/Upload/Images/20160318/263801921375bdf2.jpg\" alt=\"\" width=\"258\" height=\"258\" /></p>',1,'~/images/06.jpg',NULL,1,'2016-09-10 21:20:56.590000','admin','ZKEASOFT','2016-03-10 21:05:32.213000','admin','ZKEASOFT','2016-09-10 21:20:56.590000'),(185,'ZKEASOFT','ZKEASOFT 提供优质的软件服务，现已完成上线的产品有EasyFrameWork开发框架，ZkeaCMS内容管理系统，我们坚持开源，开放原则，把软件服务做得更好。',NULL,NULL,NULL,2,NULL,'<div class=\"jumbotron\">\r\n<h1>关于ZKEASOFT</h1>\r\n<h3>ZKEASOFT&nbsp;提供优质的软件服务，我们坚持开源，开放原则，把软件服务做得更好。</h3>\r\n<h4>已开源作品：</h4>\r\n<ul>\r\n<li><a href=\"/easyframework\" target=\"_blank\">EasyFrameWork开发框架</a></li>\r\n<li><a href=\"/zkeacms\" target=\"_blank\">ZKEACMS内容管理系统</a></li>\r\n<li><a href=\"https://github.com/SeriaWei/BingWallpaper\" target=\"_blank\">下载必应（Bing）每天壁纸</a></li>\r\n<li><a href=\"http://code.taobao.org/p/UploadToTietuku/src/\" target=\"_blank\">贴图库Chrome插件</a></li>\r\n</ul>\r\n</div>\r\n<p><em>更多作品将陆续开源，敬请期待，也欢迎广大开发者加入我们，用微信扫描下面二维码关注我们。</em></p>\r\n<p><img src=\"http://www.zkea.net/Upload/Images/20160318/263801921375bdf2.jpg\" alt=\"\" width=\"258\" height=\"258\" /></p>',1,'~/images/06.jpg',NULL,1,'2016-09-11 21:20:56.590000','admin','ZKEASOFT','2016-03-10 21:05:32.213000','admin','ZKEASOFT','2016-09-11 21:20:56.590000'),(186,'ZKEASOFT','ZKEASOFT 提供优质的软件服务，现已完成上线的产品有EasyFrameWork开发框架，ZkeaCMS内容管理系统，我们坚持开源，开放原则，把软件服务做得更好。',NULL,NULL,NULL,2,NULL,'<div class=\"jumbotron\">\r\n<h1>关于ZKEASOFT</h1>\r\n<h3>ZKEASOFT&nbsp;提供优质的软件服务，我们坚持开源，开放原则，把软件服务做得更好。</h3>\r\n<h4>已开源作品：</h4>\r\n<ul>\r\n<li><a href=\"/easyframework\" target=\"_blank\">EasyFrameWork开发框架</a></li>\r\n<li><a href=\"/zkeacms\" target=\"_blank\">ZKEACMS内容管理系统</a></li>\r\n<li><a href=\"https://github.com/SeriaWei/BingWallpaper\" target=\"_blank\">下载必应（Bing）每天壁纸</a></li>\r\n<li><a href=\"http://code.taobao.org/p/UploadToTietuku/src/\" target=\"_blank\">贴图库Chrome插件</a></li>\r\n</ul>\r\n</div>\r\n<p><em>更多作品将陆续开源，敬请期待，也欢迎广大开发者加入我们，用微信扫描下面二维码关注我们。</em></p>\r\n<p><img src=\"http://www.zkea.net/Upload/Images/20160318/263801921375bdf2.jpg\" alt=\"\" width=\"258\" height=\"258\" /></p>',1,'~/images/06.jpg',NULL,1,'2016-09-12 21:20:56.590000','admin','ZKEASOFT','2016-03-10 21:05:32.213000','admin','ZKEASOFT','2016-09-12 21:20:56.590000'),(187,'ZKEASOFT','ZKEASOFT 提供优质的软件服务，现已完成上线的产品有EasyFrameWork开发框架，ZkeaCMS内容管理系统，我们坚持开源，开放原则，把软件服务做得更好。',NULL,NULL,NULL,2,NULL,'<div class=\"jumbotron\">\r\n<h1>关于ZKEASOFT</h1>\r\n<h3>ZKEASOFT&nbsp;提供优质的软件服务，我们坚持开源，开放原则，把软件服务做得更好。</h3>\r\n<h4>已开源作品：</h4>\r\n<ul>\r\n<li><a href=\"/easyframework\" target=\"_blank\">EasyFrameWork开发框架</a></li>\r\n<li><a href=\"/zkeacms\" target=\"_blank\">ZKEACMS内容管理系统</a></li>\r\n<li><a href=\"https://github.com/SeriaWei/BingWallpaper\" target=\"_blank\">下载必应（Bing）每天壁纸</a></li>\r\n<li><a href=\"http://code.taobao.org/p/UploadToTietuku/src/\" target=\"_blank\">贴图库Chrome插件</a></li>\r\n</ul>\r\n</div>\r\n<p><em>更多作品将陆续开源，敬请期待，也欢迎广大开发者加入我们，用微信扫描下面二维码关注我们。</em></p>\r\n<p><img src=\"http://www.zkea.net/Upload/Images/20160318/263801921375bdf2.jpg\" alt=\"\" width=\"258\" height=\"258\" /></p>',1,'~/images/06.jpg',NULL,1,'2016-09-13 21:20:56.590000','admin','ZKEASOFT','2016-03-10 21:05:32.213000','admin','ZKEASOFT','2016-09-13 21:20:56.590000'),(188,'ZKEASOFT','ZKEASOFT 提供优质的软件服务，现已完成上线的产品有EasyFrameWork开发框架，ZkeaCMS内容管理系统，我们坚持开源，开放原则，把软件服务做得更好。',NULL,NULL,NULL,2,NULL,'<div class=\"jumbotron\">\r\n<h1>关于ZKEASOFT</h1>\r\n<h3>ZKEASOFT&nbsp;提供优质的软件服务，我们坚持开源，开放原则，把软件服务做得更好。</h3>\r\n<h4>已开源作品：</h4>\r\n<ul>\r\n<li><a href=\"/easyframework\" target=\"_blank\">EasyFrameWork开发框架</a></li>\r\n<li><a href=\"/zkeacms\" target=\"_blank\">ZKEACMS内容管理系统</a></li>\r\n<li><a href=\"https://github.com/SeriaWei/BingWallpaper\" target=\"_blank\">下载必应（Bing）每天壁纸</a></li>\r\n<li><a href=\"http://code.taobao.org/p/UploadToTietuku/src/\" target=\"_blank\">贴图库Chrome插件</a></li>\r\n</ul>\r\n</div>\r\n<p><em>更多作品将陆续开源，敬请期待，也欢迎广大开发者加入我们，用微信扫描下面二维码关注我们。</em></p>\r\n<p><img src=\"http://www.zkea.net/Upload/Images/20160318/263801921375bdf2.jpg\" alt=\"\" width=\"258\" height=\"258\" /></p>',1,'~/images/06.jpg',NULL,1,'2016-09-14 21:20:56.590000','admin','ZKEASOFT','2016-03-10 21:05:32.213000','admin','ZKEASOFT','2016-09-14 21:20:56.590000'),(189,'ZKEASOFT','ZKEASOFT 提供优质的软件服务，现已完成上线的产品有EasyFrameWork开发框架，ZkeaCMS内容管理系统，我们坚持开源，开放原则，把软件服务做得更好。',NULL,NULL,NULL,2,NULL,'<div class=\"jumbotron\">\r\n<h1>关于ZKEASOFT</h1>\r\n<h3>ZKEASOFT&nbsp;提供优质的软件服务，我们坚持开源，开放原则，把软件服务做得更好。</h3>\r\n<h4>已开源作品：</h4>\r\n<ul>\r\n<li><a href=\"/easyframework\" target=\"_blank\">EasyFrameWork开发框架</a></li>\r\n<li><a href=\"/zkeacms\" target=\"_blank\">ZKEACMS内容管理系统</a></li>\r\n<li><a href=\"https://github.com/SeriaWei/BingWallpaper\" target=\"_blank\">下载必应（Bing）每天壁纸</a></li>\r\n<li><a href=\"http://code.taobao.org/p/UploadToTietuku/src/\" target=\"_blank\">贴图库Chrome插件</a></li>\r\n</ul>\r\n</div>\r\n<p><em>更多作品将陆续开源，敬请期待，也欢迎广大开发者加入我们，用微信扫描下面二维码关注我们。</em></p>\r\n<p><img src=\"http://www.zkea.net/Upload/Images/20160318/263801921375bdf2.jpg\" alt=\"\" width=\"258\" height=\"258\" /></p>',1,'~/images/06.jpg',NULL,1,'2016-09-15 21:20:56.590000','admin','ZKEASOFT','2016-03-10 21:05:32.213000','admin','ZKEASOFT','2016-09-15 21:20:56.590000'),(190,'ZKEASOFT','ZKEASOFT 提供优质的软件服务，现已完成上线的产品有EasyFrameWork开发框架，ZkeaCMS内容管理系统，我们坚持开源，开放原则，把软件服务做得更好。',NULL,NULL,NULL,2,NULL,'<div class=\"jumbotron\">\r\n<h1>关于ZKEASOFT</h1>\r\n<h3>ZKEASOFT&nbsp;提供优质的软件服务，我们坚持开源，开放原则，把软件服务做得更好。</h3>\r\n<h4>已开源作品：</h4>\r\n<ul>\r\n<li><a href=\"/easyframework\" target=\"_blank\">EasyFrameWork开发框架</a></li>\r\n<li><a href=\"/zkeacms\" target=\"_blank\">ZKEACMS内容管理系统</a></li>\r\n<li><a href=\"https://github.com/SeriaWei/BingWallpaper\" target=\"_blank\">下载必应（Bing）每天壁纸</a></li>\r\n<li><a href=\"http://code.taobao.org/p/UploadToTietuku/src/\" target=\"_blank\">贴图库Chrome插件</a></li>\r\n</ul>\r\n</div>\r\n<p><em>更多作品将陆续开源，敬请期待，也欢迎广大开发者加入我们，用微信扫描下面二维码关注我们。</em></p>\r\n<p><img src=\"http://www.zkea.net/Upload/Images/20160318/263801921375bdf2.jpg\" alt=\"\" width=\"258\" height=\"258\" /></p>',1,'~/images/06.jpg',NULL,1,'2016-09-16 21:20:56.590000','admin','ZKEASOFT','2016-03-10 21:05:32.213000','admin','ZKEASOFT','2016-09-16 21:20:56.590000'),(191,'ZKEASOFT','ZKEASOFT 提供优质的软件服务，现已完成上线的产品有EasyFrameWork开发框架，ZkeaCMS内容管理系统，我们坚持开源，开放原则，把软件服务做得更好。',NULL,NULL,NULL,2,NULL,'<div class=\"jumbotron\">\r\n<h1>关于ZKEASOFT</h1>\r\n<h3>ZKEASOFT&nbsp;提供优质的软件服务，我们坚持开源，开放原则，把软件服务做得更好。</h3>\r\n<h4>已开源作品：</h4>\r\n<ul>\r\n<li><a href=\"/easyframework\" target=\"_blank\">EasyFrameWork开发框架</a></li>\r\n<li><a href=\"/zkeacms\" target=\"_blank\">ZKEACMS内容管理系统</a></li>\r\n<li><a href=\"https://github.com/SeriaWei/BingWallpaper\" target=\"_blank\">下载必应（Bing）每天壁纸</a></li>\r\n<li><a href=\"http://code.taobao.org/p/UploadToTietuku/src/\" target=\"_blank\">贴图库Chrome插件</a></li>\r\n</ul>\r\n</div>\r\n<p><em>更多作品将陆续开源，敬请期待，也欢迎广大开发者加入我们，用微信扫描下面二维码关注我们。</em></p>\r\n<p><img src=\"http://www.zkea.net/Upload/Images/20160318/263801921375bdf2.jpg\" alt=\"\" width=\"258\" height=\"258\" /></p>',1,'~/images/06.jpg',NULL,1,'2016-09-17 21:20:56.590000','admin','ZKEASOFT','2016-03-10 21:05:32.213000','admin','ZKEASOFT','2016-09-17 21:20:56.590000'),(192,'ZKEASOFT','ZKEASOFT 提供优质的软件服务，现已完成上线的产品有EasyFrameWork开发框架，ZkeaCMS内容管理系统，我们坚持开源，开放原则，把软件服务做得更好。',NULL,NULL,NULL,2,NULL,'<div class=\"jumbotron\">\r\n<h1>关于ZKEASOFT</h1>\r\n<h3>ZKEASOFT&nbsp;提供优质的软件服务，我们坚持开源，开放原则，把软件服务做得更好。</h3>\r\n<h4>已开源作品：</h4>\r\n<ul>\r\n<li><a href=\"/easyframework\" target=\"_blank\">EasyFrameWork开发框架</a></li>\r\n<li><a href=\"/zkeacms\" target=\"_blank\">ZKEACMS内容管理系统</a></li>\r\n<li><a href=\"https://github.com/SeriaWei/BingWallpaper\" target=\"_blank\">下载必应（Bing）每天壁纸</a></li>\r\n<li><a href=\"http://code.taobao.org/p/UploadToTietuku/src/\" target=\"_blank\">贴图库Chrome插件</a></li>\r\n</ul>\r\n</div>\r\n<p><em>更多作品将陆续开源，敬请期待，也欢迎广大开发者加入我们，用微信扫描下面二维码关注我们。</em></p>\r\n<p><img src=\"http://www.zkea.net/Upload/Images/20160318/263801921375bdf2.jpg\" alt=\"\" width=\"258\" height=\"258\" /></p>',1,'~/images/06.jpg',NULL,1,'2016-09-18 21:20:56.590000','admin','ZKEASOFT','2016-03-10 21:05:32.213000','admin','ZKEASOFT','2016-09-18 21:20:56.590000'),(193,'ZKEASOFT','ZKEASOFT 提供优质的软件服务，现已完成上线的产品有EasyFrameWork开发框架，ZkeaCMS内容管理系统，我们坚持开源，开放原则，把软件服务做得更好。',NULL,NULL,NULL,2,NULL,'<div class=\"jumbotron\">\r\n<h1>关于ZKEASOFT</h1>\r\n<h3>ZKEASOFT&nbsp;提供优质的软件服务，我们坚持开源，开放原则，把软件服务做得更好。</h3>\r\n<h4>已开源作品：</h4>\r\n<ul>\r\n<li><a href=\"/easyframework\" target=\"_blank\">EasyFrameWork开发框架</a></li>\r\n<li><a href=\"/zkeacms\" target=\"_blank\">ZKEACMS内容管理系统</a></li>\r\n<li><a href=\"https://github.com/SeriaWei/BingWallpaper\" target=\"_blank\">下载必应（Bing）每天壁纸</a></li>\r\n<li><a href=\"http://code.taobao.org/p/UploadToTietuku/src/\" target=\"_blank\">贴图库Chrome插件</a></li>\r\n</ul>\r\n</div>\r\n<p><em>更多作品将陆续开源，敬请期待，也欢迎广大开发者加入我们，用微信扫描下面二维码关注我们。</em></p>\r\n<p><img src=\"http://www.zkea.net/Upload/Images/20160318/263801921375bdf2.jpg\" alt=\"\" width=\"258\" height=\"258\" /></p>',1,'~/images/06.jpg',NULL,1,'2016-09-19 21:20:56.590000','admin','ZKEASOFT','2016-03-10 21:05:32.213000','admin','ZKEASOFT','2016-09-19 21:20:56.590000'),(194,'ZKEASOFT','ZKEASOFT 提供优质的软件服务，现已完成上线的产品有EasyFrameWork开发框架，ZkeaCMS内容管理系统，我们坚持开源，开放原则，把软件服务做得更好。',NULL,NULL,NULL,2,NULL,'<div class=\"jumbotron\">\r\n<h1>关于ZKEASOFT</h1>\r\n<h3>ZKEASOFT&nbsp;提供优质的软件服务，我们坚持开源，开放原则，把软件服务做得更好。</h3>\r\n<h4>已开源作品：</h4>\r\n<ul>\r\n<li><a href=\"/easyframework\" target=\"_blank\">EasyFrameWork开发框架</a></li>\r\n<li><a href=\"/zkeacms\" target=\"_blank\">ZKEACMS内容管理系统</a></li>\r\n<li><a href=\"https://github.com/SeriaWei/BingWallpaper\" target=\"_blank\">下载必应（Bing）每天壁纸</a></li>\r\n<li><a href=\"http://code.taobao.org/p/UploadToTietuku/src/\" target=\"_blank\">贴图库Chrome插件</a></li>\r\n</ul>\r\n</div>\r\n<p><em>更多作品将陆续开源，敬请期待，也欢迎广大开发者加入我们，用微信扫描下面二维码关注我们。</em></p>\r\n<p><img src=\"http://www.zkea.net/Upload/Images/20160318/263801921375bdf2.jpg\" alt=\"\" width=\"258\" height=\"258\" /></p>',1,'~/images/06.jpg',NULL,1,'2016-09-20 21:20:56.590000','admin','ZKEASOFT','2016-03-10 21:05:32.213000','admin','ZKEASOFT','2016-09-20 21:20:56.590000'),(195,'ZKEASOFT','ZKEASOFT 提供优质的软件服务，现已完成上线的产品有EasyFrameWork开发框架，ZkeaCMS内容管理系统，我们坚持开源，开放原则，把软件服务做得更好。',NULL,NULL,NULL,2,NULL,'<div class=\"jumbotron\">\r\n<h1>关于ZKEASOFT</h1>\r\n<h3>ZKEASOFT&nbsp;提供优质的软件服务，我们坚持开源，开放原则，把软件服务做得更好。</h3>\r\n<h4>已开源作品：</h4>\r\n<ul>\r\n<li><a href=\"/easyframework\" target=\"_blank\">EasyFrameWork开发框架</a></li>\r\n<li><a href=\"/zkeacms\" target=\"_blank\">ZKEACMS内容管理系统</a></li>\r\n<li><a href=\"https://github.com/SeriaWei/BingWallpaper\" target=\"_blank\">下载必应（Bing）每天壁纸</a></li>\r\n<li><a href=\"http://code.taobao.org/p/UploadToTietuku/src/\" target=\"_blank\">贴图库Chrome插件</a></li>\r\n</ul>\r\n</div>\r\n<p><em>更多作品将陆续开源，敬请期待，也欢迎广大开发者加入我们，用微信扫描下面二维码关注我们。</em></p>\r\n<p><img src=\"http://www.zkea.net/Upload/Images/20160318/263801921375bdf2.jpg\" alt=\"\" width=\"258\" height=\"258\" /></p>',1,'~/images/06.jpg',NULL,1,'2016-09-21 21:20:56.590000','admin','ZKEASOFT','2016-03-10 21:05:32.213000','admin','ZKEASOFT','2016-09-21 21:20:56.590000'),(196,'ZKEASOFT','ZKEASOFT 提供优质的软件服务，现已完成上线的产品有EasyFrameWork开发框架，ZkeaCMS内容管理系统，我们坚持开源，开放原则，把软件服务做得更好。',NULL,NULL,NULL,2,NULL,'<div class=\"jumbotron\">\r\n<h1>关于ZKEASOFT</h1>\r\n<h3>ZKEASOFT&nbsp;提供优质的软件服务，我们坚持开源，开放原则，把软件服务做得更好。</h3>\r\n<h4>已开源作品：</h4>\r\n<ul>\r\n<li><a href=\"/easyframework\" target=\"_blank\">EasyFrameWork开发框架</a></li>\r\n<li><a href=\"/zkeacms\" target=\"_blank\">ZKEACMS内容管理系统</a></li>\r\n<li><a href=\"https://github.com/SeriaWei/BingWallpaper\" target=\"_blank\">下载必应（Bing）每天壁纸</a></li>\r\n<li><a href=\"http://code.taobao.org/p/UploadToTietuku/src/\" target=\"_blank\">贴图库Chrome插件</a></li>\r\n</ul>\r\n</div>\r\n<p><em>更多作品将陆续开源，敬请期待，也欢迎广大开发者加入我们，用微信扫描下面二维码关注我们。</em></p>\r\n<p><img src=\"http://www.zkea.net/Upload/Images/20160318/263801921375bdf2.jpg\" alt=\"\" width=\"258\" height=\"258\" /></p>',1,'~/images/06.jpg',NULL,1,'2016-09-22 21:20:56.590000','admin','ZKEASOFT','2016-03-10 21:05:32.213000','admin','ZKEASOFT','2016-09-22 21:20:56.590000'),(197,'ZKEASOFT','ZKEASOFT 提供优质的软件服务，现已完成上线的产品有EasyFrameWork开发框架，ZkeaCMS内容管理系统，我们坚持开源，开放原则，把软件服务做得更好。',NULL,NULL,NULL,2,NULL,'<div class=\"jumbotron\">\r\n<h1>关于ZKEASOFT</h1>\r\n<h3>ZKEASOFT&nbsp;提供优质的软件服务，我们坚持开源，开放原则，把软件服务做得更好。</h3>\r\n<h4>已开源作品：</h4>\r\n<ul>\r\n<li><a href=\"/easyframework\" target=\"_blank\">EasyFrameWork开发框架</a></li>\r\n<li><a href=\"/zkeacms\" target=\"_blank\">ZKEACMS内容管理系统</a></li>\r\n<li><a href=\"https://github.com/SeriaWei/BingWallpaper\" target=\"_blank\">下载必应（Bing）每天壁纸</a></li>\r\n<li><a href=\"http://code.taobao.org/p/UploadToTietuku/src/\" target=\"_blank\">贴图库Chrome插件</a></li>\r\n</ul>\r\n</div>\r\n<p><em>更多作品将陆续开源，敬请期待，也欢迎广大开发者加入我们，用微信扫描下面二维码关注我们。</em></p>\r\n<p><img src=\"http://www.zkea.net/Upload/Images/20160318/263801921375bdf2.jpg\" alt=\"\" width=\"258\" height=\"258\" /></p>',1,'~/images/06.jpg',NULL,1,'2016-09-23 21:20:56.590000','admin','ZKEASOFT','2016-03-10 21:05:32.213000','admin','ZKEASOFT','2016-09-23 21:20:56.590000'),(198,'ZKEASOFT','ZKEASOFT 提供优质的软件服务，现已完成上线的产品有EasyFrameWork开发框架，ZkeaCMS内容管理系统，我们坚持开源，开放原则，把软件服务做得更好。',NULL,NULL,NULL,2,NULL,'<div class=\"jumbotron\">\r\n<h1>关于ZKEASOFT</h1>\r\n<h3>ZKEASOFT&nbsp;提供优质的软件服务，我们坚持开源，开放原则，把软件服务做得更好。</h3>\r\n<h4>已开源作品：</h4>\r\n<ul>\r\n<li><a href=\"/easyframework\" target=\"_blank\">EasyFrameWork开发框架</a></li>\r\n<li><a href=\"/zkeacms\" target=\"_blank\">ZKEACMS内容管理系统</a></li>\r\n<li><a href=\"https://github.com/SeriaWei/BingWallpaper\" target=\"_blank\">下载必应（Bing）每天壁纸</a></li>\r\n<li><a href=\"http://code.taobao.org/p/UploadToTietuku/src/\" target=\"_blank\">贴图库Chrome插件</a></li>\r\n</ul>\r\n</div>\r\n<p><em>更多作品将陆续开源，敬请期待，也欢迎广大开发者加入我们，用微信扫描下面二维码关注我们。</em></p>\r\n<p><img src=\"http://www.zkea.net/Upload/Images/20160318/263801921375bdf2.jpg\" alt=\"\" width=\"258\" height=\"258\" /></p>',1,'~/images/06.jpg',NULL,1,'2016-09-24 21:20:56.590000','admin','ZKEASOFT','2016-03-10 21:05:32.213000','admin','ZKEASOFT','2016-09-24 21:20:56.590000'),(199,'ZKEASOFT','ZKEASOFT 提供优质的软件服务，现已完成上线的产品有EasyFrameWork开发框架，ZkeaCMS内容管理系统，我们坚持开源，开放原则，把软件服务做得更好。',NULL,NULL,NULL,2,NULL,'<div class=\"jumbotron\">\r\n<h1>关于ZKEASOFT</h1>\r\n<h3>ZKEASOFT&nbsp;提供优质的软件服务，我们坚持开源，开放原则，把软件服务做得更好。</h3>\r\n<h4>已开源作品：</h4>\r\n<ul>\r\n<li><a href=\"/easyframework\" target=\"_blank\">EasyFrameWork开发框架</a></li>\r\n<li><a href=\"/zkeacms\" target=\"_blank\">ZKEACMS内容管理系统</a></li>\r\n<li><a href=\"https://github.com/SeriaWei/BingWallpaper\" target=\"_blank\">下载必应（Bing）每天壁纸</a></li>\r\n<li><a href=\"http://code.taobao.org/p/UploadToTietuku/src/\" target=\"_blank\">贴图库Chrome插件</a></li>\r\n</ul>\r\n</div>\r\n<p><em>更多作品将陆续开源，敬请期待，也欢迎广大开发者加入我们，用微信扫描下面二维码关注我们。</em></p>\r\n<p><img src=\"http://www.zkea.net/Upload/Images/20160318/263801921375bdf2.jpg\" alt=\"\" width=\"258\" height=\"258\" /></p>',1,'~/images/06.jpg',NULL,1,'2016-09-25 21:20:56.590000','admin','ZKEASOFT','2016-03-10 21:05:32.213000','admin','ZKEASOFT','2016-09-25 21:20:56.590000'),(200,'ZKEASOFT','ZKEASOFT 提供优质的软件服务，现已完成上线的产品有EasyFrameWork开发框架，ZkeaCMS内容管理系统，我们坚持开源，开放原则，把软件服务做得更好。',NULL,NULL,NULL,2,NULL,'<div class=\"jumbotron\">\r\n<h1>关于ZKEASOFT</h1>\r\n<h3>ZKEASOFT&nbsp;提供优质的软件服务，我们坚持开源，开放原则，把软件服务做得更好。</h3>\r\n<h4>已开源作品：</h4>\r\n<ul>\r\n<li><a href=\"/easyframework\" target=\"_blank\">EasyFrameWork开发框架</a></li>\r\n<li><a href=\"/zkeacms\" target=\"_blank\">ZKEACMS内容管理系统</a></li>\r\n<li><a href=\"https://github.com/SeriaWei/BingWallpaper\" target=\"_blank\">下载必应（Bing）每天壁纸</a></li>\r\n<li><a href=\"http://code.taobao.org/p/UploadToTietuku/src/\" target=\"_blank\">贴图库Chrome插件</a></li>\r\n</ul>\r\n</div>\r\n<p><em>更多作品将陆续开源，敬请期待，也欢迎广大开发者加入我们，用微信扫描下面二维码关注我们。</em></p>\r\n<p><img src=\"http://www.zkea.net/Upload/Images/20160318/263801921375bdf2.jpg\" alt=\"\" width=\"258\" height=\"258\" /></p>',1,'~/images/09.jpg',NULL,1,'2016-09-26 21:20:56.590000','admin','ZKEASOFT','2016-03-10 21:05:32.213000','admin','ZKEASOFT','2016-09-26 21:20:56.590000'),(201,'ZKEASOFT','ZKEASOFT 提供优质的软件服务，现已完成上线的产品有EasyFrameWork开发框架，ZkeaCMS内容管理系统，我们坚持开源，开放原则，把软件服务做得更好。',NULL,NULL,NULL,3,NULL,'<div class=\"jumbotron\">\r\n<h1>关于ZKEASOFT</h1>\r\n<h3>ZKEASOFT&nbsp;提供优质的软件服务，我们坚持开源，开放原则，把软件服务做得更好。</h3>\r\n<h4>已开源作品：</h4>\r\n<ul>\r\n<li><a href=\"/easyframework\" target=\"_blank\">EasyFrameWork开发框架</a></li>\r\n<li><a href=\"/zkeacms\" target=\"_blank\">ZKEACMS内容管理系统</a></li>\r\n<li><a href=\"https://github.com/SeriaWei/BingWallpaper\" target=\"_blank\">下载必应（Bing）每天壁纸</a></li>\r\n<li><a href=\"http://code.taobao.org/p/UploadToTietuku/src/\" target=\"_blank\">贴图库Chrome插件</a></li>\r\n</ul>\r\n</div>\r\n<p><em>更多作品将陆续开源，敬请期待，也欢迎广大开发者加入我们，用微信扫描下面二维码关注我们。</em></p>\r\n<p><img src=\"http://www.zkea.net/Upload/Images/20160318/263801921375bdf2.jpg\" alt=\"\" width=\"258\" height=\"258\" /></p>',1,'~/images/09.jpg',NULL,1,'2016-09-27 21:20:56.590000','admin','ZKEASOFT','2016-03-10 21:05:32.213000','admin','ZKEASOFT','2016-09-27 21:20:56.590000'),(202,'ZKEASOFT','ZKEASOFT 提供优质的软件服务，现已完成上线的产品有EasyFrameWork开发框架，ZkeaCMS内容管理系统，我们坚持开源，开放原则，把软件服务做得更好。',NULL,NULL,NULL,3,NULL,'<div class=\"jumbotron\">\r\n<h1>关于ZKEASOFT</h1>\r\n<h3>ZKEASOFT&nbsp;提供优质的软件服务，我们坚持开源，开放原则，把软件服务做得更好。</h3>\r\n<h4>已开源作品：</h4>\r\n<ul>\r\n<li><a href=\"/easyframework\" target=\"_blank\">EasyFrameWork开发框架</a></li>\r\n<li><a href=\"/zkeacms\" target=\"_blank\">ZKEACMS内容管理系统</a></li>\r\n<li><a href=\"https://github.com/SeriaWei/BingWallpaper\" target=\"_blank\">下载必应（Bing）每天壁纸</a></li>\r\n<li><a href=\"http://code.taobao.org/p/UploadToTietuku/src/\" target=\"_blank\">贴图库Chrome插件</a></li>\r\n</ul>\r\n</div>\r\n<p><em>更多作品将陆续开源，敬请期待，也欢迎广大开发者加入我们，用微信扫描下面二维码关注我们。</em></p>\r\n<p><img src=\"http://www.zkea.net/Upload/Images/20160318/263801921375bdf2.jpg\" alt=\"\" width=\"258\" height=\"258\" /></p>',1,'~/images/09.jpg',NULL,1,'2016-09-28 21:20:56.590000','admin','ZKEASOFT','2016-03-10 21:05:32.213000','admin','ZKEASOFT','2016-09-28 21:20:56.590000'),(203,'ZKEASOFT','ZKEASOFT 提供优质的软件服务，现已完成上线的产品有EasyFrameWork开发框架，ZkeaCMS内容管理系统，我们坚持开源，开放原则，把软件服务做得更好。',NULL,NULL,NULL,3,NULL,'<div class=\"jumbotron\">\r\n<h1>关于ZKEASOFT</h1>\r\n<h3>ZKEASOFT&nbsp;提供优质的软件服务，我们坚持开源，开放原则，把软件服务做得更好。</h3>\r\n<h4>已开源作品：</h4>\r\n<ul>\r\n<li><a href=\"/easyframework\" target=\"_blank\">EasyFrameWork开发框架</a></li>\r\n<li><a href=\"/zkeacms\" target=\"_blank\">ZKEACMS内容管理系统</a></li>\r\n<li><a href=\"https://github.com/SeriaWei/BingWallpaper\" target=\"_blank\">下载必应（Bing）每天壁纸</a></li>\r\n<li><a href=\"http://code.taobao.org/p/UploadToTietuku/src/\" target=\"_blank\">贴图库Chrome插件</a></li>\r\n</ul>\r\n</div>\r\n<p><em>更多作品将陆续开源，敬请期待，也欢迎广大开发者加入我们，用微信扫描下面二维码关注我们。</em></p>\r\n<p><img src=\"http://www.zkea.net/Upload/Images/20160318/263801921375bdf2.jpg\" alt=\"\" width=\"258\" height=\"258\" /></p>',1,'~/images/09.jpg',NULL,1,'2016-09-29 21:20:56.590000','admin','ZKEASOFT','2016-03-10 21:05:32.213000','admin','ZKEASOFT','2016-09-29 21:20:56.590000'),(204,'ZKEASOFT','ZKEASOFT 提供优质的软件服务，现已完成上线的产品有EasyFrameWork开发框架，ZkeaCMS内容管理系统，我们坚持开源，开放原则，把软件服务做得更好。',NULL,NULL,NULL,3,NULL,'<div class=\"jumbotron\">\r\n<h1>关于ZKEASOFT</h1>\r\n<h3>ZKEASOFT&nbsp;提供优质的软件服务，我们坚持开源，开放原则，把软件服务做得更好。</h3>\r\n<h4>已开源作品：</h4>\r\n<ul>\r\n<li><a href=\"/easyframework\" target=\"_blank\">EasyFrameWork开发框架</a></li>\r\n<li><a href=\"/zkeacms\" target=\"_blank\">ZKEACMS内容管理系统</a></li>\r\n<li><a href=\"https://github.com/SeriaWei/BingWallpaper\" target=\"_blank\">下载必应（Bing）每天壁纸</a></li>\r\n<li><a href=\"http://code.taobao.org/p/UploadToTietuku/src/\" target=\"_blank\">贴图库Chrome插件</a></li>\r\n</ul>\r\n</div>\r\n<p><em>更多作品将陆续开源，敬请期待，也欢迎广大开发者加入我们，用微信扫描下面二维码关注我们。</em></p>\r\n<p><img src=\"http://www.zkea.net/Upload/Images/20160318/263801921375bdf2.jpg\" alt=\"\" width=\"258\" height=\"258\" /></p>',1,'~/images/09.jpg',NULL,1,'2016-09-30 21:20:56.590000','admin','ZKEASOFT','2016-03-10 21:05:32.213000','admin','ZKEASOFT','2016-09-30 21:20:56.590000'),(205,'ZKEASOFT','ZKEASOFT 提供优质的软件服务，现已完成上线的产品有EasyFrameWork开发框架，ZkeaCMS内容管理系统，我们坚持开源，开放原则，把软件服务做得更好。',NULL,NULL,NULL,3,NULL,'<div class=\"jumbotron\">\r\n<h1>关于ZKEASOFT</h1>\r\n<h3>ZKEASOFT&nbsp;提供优质的软件服务，我们坚持开源，开放原则，把软件服务做得更好。</h3>\r\n<h4>已开源作品：</h4>\r\n<ul>\r\n<li><a href=\"/easyframework\" target=\"_blank\">EasyFrameWork开发框架</a></li>\r\n<li><a href=\"/zkeacms\" target=\"_blank\">ZKEACMS内容管理系统</a></li>\r\n<li><a href=\"https://github.com/SeriaWei/BingWallpaper\" target=\"_blank\">下载必应（Bing）每天壁纸</a></li>\r\n<li><a href=\"http://code.taobao.org/p/UploadToTietuku/src/\" target=\"_blank\">贴图库Chrome插件</a></li>\r\n</ul>\r\n</div>\r\n<p><em>更多作品将陆续开源，敬请期待，也欢迎广大开发者加入我们，用微信扫描下面二维码关注我们。</em></p>\r\n<p><img src=\"http://www.zkea.net/Upload/Images/20160318/263801921375bdf2.jpg\" alt=\"\" width=\"258\" height=\"258\" /></p>',1,'~/images/09.jpg',NULL,1,'2016-10-01 21:20:56.590000','admin','ZKEASOFT','2016-03-10 21:05:32.213000','admin','ZKEASOFT','2016-10-01 21:20:56.590000'),(206,'ZKEASOFT','ZKEASOFT 提供优质的软件服务，现已完成上线的产品有EasyFrameWork开发框架，ZkeaCMS内容管理系统，我们坚持开源，开放原则，把软件服务做得更好。',NULL,NULL,NULL,3,NULL,'<div class=\"jumbotron\">\r\n<h1>关于ZKEASOFT</h1>\r\n<h3>ZKEASOFT&nbsp;提供优质的软件服务，我们坚持开源，开放原则，把软件服务做得更好。</h3>\r\n<h4>已开源作品：</h4>\r\n<ul>\r\n<li><a href=\"/easyframework\" target=\"_blank\">EasyFrameWork开发框架</a></li>\r\n<li><a href=\"/zkeacms\" target=\"_blank\">ZKEACMS内容管理系统</a></li>\r\n<li><a href=\"https://github.com/SeriaWei/BingWallpaper\" target=\"_blank\">下载必应（Bing）每天壁纸</a></li>\r\n<li><a href=\"http://code.taobao.org/p/UploadToTietuku/src/\" target=\"_blank\">贴图库Chrome插件</a></li>\r\n</ul>\r\n</div>\r\n<p><em>更多作品将陆续开源，敬请期待，也欢迎广大开发者加入我们，用微信扫描下面二维码关注我们。</em></p>\r\n<p><img src=\"http://www.zkea.net/Upload/Images/20160318/263801921375bdf2.jpg\" alt=\"\" width=\"258\" height=\"258\" /></p>',1,'~/images/09.jpg',NULL,1,'2016-10-02 21:20:56.590000','admin','ZKEASOFT','2016-03-10 21:05:32.213000','admin','ZKEASOFT','2016-10-02 21:20:56.590000'),(207,'ZKEASOFT','ZKEASOFT 提供优质的软件服务，现已完成上线的产品有EasyFrameWork开发框架，ZkeaCMS内容管理系统，我们坚持开源，开放原则，把软件服务做得更好。',NULL,NULL,NULL,3,NULL,'<div class=\"jumbotron\">\r\n<h1>关于ZKEASOFT</h1>\r\n<h3>ZKEASOFT&nbsp;提供优质的软件服务，我们坚持开源，开放原则，把软件服务做得更好。</h3>\r\n<h4>已开源作品：</h4>\r\n<ul>\r\n<li><a href=\"/easyframework\" target=\"_blank\">EasyFrameWork开发框架</a></li>\r\n<li><a href=\"/zkeacms\" target=\"_blank\">ZKEACMS内容管理系统</a></li>\r\n<li><a href=\"https://github.com/SeriaWei/BingWallpaper\" target=\"_blank\">下载必应（Bing）每天壁纸</a></li>\r\n<li><a href=\"http://code.taobao.org/p/UploadToTietuku/src/\" target=\"_blank\">贴图库Chrome插件</a></li>\r\n</ul>\r\n</div>\r\n<p><em>更多作品将陆续开源，敬请期待，也欢迎广大开发者加入我们，用微信扫描下面二维码关注我们。</em></p>\r\n<p><img src=\"http://www.zkea.net/Upload/Images/20160318/263801921375bdf2.jpg\" alt=\"\" width=\"258\" height=\"258\" /></p>',1,'~/images/09.jpg',NULL,1,'2016-10-03 21:20:56.590000','admin','ZKEASOFT','2016-03-10 21:05:32.213000','admin','ZKEASOFT','2016-10-03 21:20:56.590000'),(208,'ZKEASOFT','ZKEASOFT 提供优质的软件服务，现已完成上线的产品有EasyFrameWork开发框架，ZkeaCMS内容管理系统，我们坚持开源，开放原则，把软件服务做得更好。',NULL,NULL,NULL,3,NULL,'<div class=\"jumbotron\">\r\n<h1>关于ZKEASOFT</h1>\r\n<h3>ZKEASOFT&nbsp;提供优质的软件服务，我们坚持开源，开放原则，把软件服务做得更好。</h3>\r\n<h4>已开源作品：</h4>\r\n<ul>\r\n<li><a href=\"/easyframework\" target=\"_blank\">EasyFrameWork开发框架</a></li>\r\n<li><a href=\"/zkeacms\" target=\"_blank\">ZKEACMS内容管理系统</a></li>\r\n<li><a href=\"https://github.com/SeriaWei/BingWallpaper\" target=\"_blank\">下载必应（Bing）每天壁纸</a></li>\r\n<li><a href=\"http://code.taobao.org/p/UploadToTietuku/src/\" target=\"_blank\">贴图库Chrome插件</a></li>\r\n</ul>\r\n</div>\r\n<p><em>更多作品将陆续开源，敬请期待，也欢迎广大开发者加入我们，用微信扫描下面二维码关注我们。</em></p>\r\n<p><img src=\"http://www.zkea.net/Upload/Images/20160318/263801921375bdf2.jpg\" alt=\"\" width=\"258\" height=\"258\" /></p>',1,'~/images/09.jpg',NULL,1,'2016-10-04 21:20:56.590000','admin','ZKEASOFT','2016-03-10 21:05:32.213000','admin','ZKEASOFT','2016-10-04 21:20:56.590000'),(209,'ZKEASOFT','ZKEASOFT 提供优质的软件服务，现已完成上线的产品有EasyFrameWork开发框架，ZkeaCMS内容管理系统，我们坚持开源，开放原则，把软件服务做得更好。',NULL,NULL,NULL,3,NULL,'<div class=\"jumbotron\">\r\n<h1>关于ZKEASOFT</h1>\r\n<h3>ZKEASOFT&nbsp;提供优质的软件服务，我们坚持开源，开放原则，把软件服务做得更好。</h3>\r\n<h4>已开源作品：</h4>\r\n<ul>\r\n<li><a href=\"/easyframework\" target=\"_blank\">EasyFrameWork开发框架</a></li>\r\n<li><a href=\"/zkeacms\" target=\"_blank\">ZKEACMS内容管理系统</a></li>\r\n<li><a href=\"https://github.com/SeriaWei/BingWallpaper\" target=\"_blank\">下载必应（Bing）每天壁纸</a></li>\r\n<li><a href=\"http://code.taobao.org/p/UploadToTietuku/src/\" target=\"_blank\">贴图库Chrome插件</a></li>\r\n</ul>\r\n</div>\r\n<p><em>更多作品将陆续开源，敬请期待，也欢迎广大开发者加入我们，用微信扫描下面二维码关注我们。</em></p>\r\n<p><img src=\"http://www.zkea.net/Upload/Images/20160318/263801921375bdf2.jpg\" alt=\"\" width=\"258\" height=\"258\" /></p>',1,'~/images/09.jpg',NULL,1,'2016-10-05 21:20:56.590000','admin','ZKEASOFT','2016-03-10 21:05:32.213000','admin','ZKEASOFT','2016-10-05 21:20:56.590000'),(210,'ZKEASOFT','ZKEASOFT 提供优质的软件服务，现已完成上线的产品有EasyFrameWork开发框架，ZkeaCMS内容管理系统，我们坚持开源，开放原则，把软件服务做得更好。',NULL,NULL,NULL,3,NULL,'<div class=\"jumbotron\">\r\n<h1>关于ZKEASOFT</h1>\r\n<h3>ZKEASOFT&nbsp;提供优质的软件服务，我们坚持开源，开放原则，把软件服务做得更好。</h3>\r\n<h4>已开源作品：</h4>\r\n<ul>\r\n<li><a href=\"/easyframework\" target=\"_blank\">EasyFrameWork开发框架</a></li>\r\n<li><a href=\"/zkeacms\" target=\"_blank\">ZKEACMS内容管理系统</a></li>\r\n<li><a href=\"https://github.com/SeriaWei/BingWallpaper\" target=\"_blank\">下载必应（Bing）每天壁纸</a></li>\r\n<li><a href=\"http://code.taobao.org/p/UploadToTietuku/src/\" target=\"_blank\">贴图库Chrome插件</a></li>\r\n</ul>\r\n</div>\r\n<p><em>更多作品将陆续开源，敬请期待，也欢迎广大开发者加入我们，用微信扫描下面二维码关注我们。</em></p>\r\n<p><img src=\"http://www.zkea.net/Upload/Images/20160318/263801921375bdf2.jpg\" alt=\"\" width=\"258\" height=\"258\" /></p>',1,'~/images/09.jpg',NULL,1,'2016-10-06 21:20:56.590000','admin','ZKEASOFT','2016-03-10 21:05:32.213000','admin','ZKEASOFT','2016-10-06 21:20:56.590000'),(211,'ZKEASOFT','ZKEASOFT 提供优质的软件服务，现已完成上线的产品有EasyFrameWork开发框架，ZkeaCMS内容管理系统，我们坚持开源，开放原则，把软件服务做得更好。',NULL,NULL,NULL,3,NULL,'<div class=\"jumbotron\">\r\n<h1>关于ZKEASOFT</h1>\r\n<h3>ZKEASOFT&nbsp;提供优质的软件服务，我们坚持开源，开放原则，把软件服务做得更好。</h3>\r\n<h4>已开源作品：</h4>\r\n<ul>\r\n<li><a href=\"/easyframework\" target=\"_blank\">EasyFrameWork开发框架</a></li>\r\n<li><a href=\"/zkeacms\" target=\"_blank\">ZKEACMS内容管理系统</a></li>\r\n<li><a href=\"https://github.com/SeriaWei/BingWallpaper\" target=\"_blank\">下载必应（Bing）每天壁纸</a></li>\r\n<li><a href=\"http://code.taobao.org/p/UploadToTietuku/src/\" target=\"_blank\">贴图库Chrome插件</a></li>\r\n</ul>\r\n</div>\r\n<p><em>更多作品将陆续开源，敬请期待，也欢迎广大开发者加入我们，用微信扫描下面二维码关注我们。</em></p>\r\n<p><img src=\"http://www.zkea.net/Upload/Images/20160318/263801921375bdf2.jpg\" alt=\"\" width=\"258\" height=\"258\" /></p>',1,'~/images/09.jpg',NULL,1,'2016-10-07 21:20:56.590000','admin','ZKEASOFT','2016-03-10 21:05:32.213000','admin','ZKEASOFT','2016-10-07 21:20:56.590000'),(212,'ZKEASOFT','ZKEASOFT 提供优质的软件服务，现已完成上线的产品有EasyFrameWork开发框架，ZkeaCMS内容管理系统，我们坚持开源，开放原则，把软件服务做得更好。',NULL,NULL,NULL,3,NULL,'<div class=\"jumbotron\">\r\n<h1>关于ZKEASOFT</h1>\r\n<h3>ZKEASOFT&nbsp;提供优质的软件服务，我们坚持开源，开放原则，把软件服务做得更好。</h3>\r\n<h4>已开源作品：</h4>\r\n<ul>\r\n<li><a href=\"/easyframework\" target=\"_blank\">EasyFrameWork开发框架</a></li>\r\n<li><a href=\"/zkeacms\" target=\"_blank\">ZKEACMS内容管理系统</a></li>\r\n<li><a href=\"https://github.com/SeriaWei/BingWallpaper\" target=\"_blank\">下载必应（Bing）每天壁纸</a></li>\r\n<li><a href=\"http://code.taobao.org/p/UploadToTietuku/src/\" target=\"_blank\">贴图库Chrome插件</a></li>\r\n</ul>\r\n</div>\r\n<p><em>更多作品将陆续开源，敬请期待，也欢迎广大开发者加入我们，用微信扫描下面二维码关注我们。</em></p>\r\n<p><img src=\"http://www.zkea.net/Upload/Images/20160318/263801921375bdf2.jpg\" alt=\"\" width=\"258\" height=\"258\" /></p>',1,'~/images/09.jpg',NULL,1,'2016-10-08 21:20:56.590000','admin','ZKEASOFT','2016-03-10 21:05:32.213000','admin','ZKEASOFT','2016-10-08 21:20:56.590000'),(213,'ZKEASOFT','ZKEASOFT 提供优质的软件服务，现已完成上线的产品有EasyFrameWork开发框架，ZkeaCMS内容管理系统，我们坚持开源，开放原则，把软件服务做得更好。',NULL,NULL,NULL,3,NULL,'<div class=\"jumbotron\">\r\n<h1>关于ZKEASOFT</h1>\r\n<h3>ZKEASOFT&nbsp;提供优质的软件服务，我们坚持开源，开放原则，把软件服务做得更好。</h3>\r\n<h4>已开源作品：</h4>\r\n<ul>\r\n<li><a href=\"/easyframework\" target=\"_blank\">EasyFrameWork开发框架</a></li>\r\n<li><a href=\"/zkeacms\" target=\"_blank\">ZKEACMS内容管理系统</a></li>\r\n<li><a href=\"https://github.com/SeriaWei/BingWallpaper\" target=\"_blank\">下载必应（Bing）每天壁纸</a></li>\r\n<li><a href=\"http://code.taobao.org/p/UploadToTietuku/src/\" target=\"_blank\">贴图库Chrome插件</a></li>\r\n</ul>\r\n</div>\r\n<p><em>更多作品将陆续开源，敬请期待，也欢迎广大开发者加入我们，用微信扫描下面二维码关注我们。</em></p>\r\n<p><img src=\"http://www.zkea.net/Upload/Images/20160318/263801921375bdf2.jpg\" alt=\"\" width=\"258\" height=\"258\" /></p>',1,'~/images/09.jpg',NULL,1,'2016-10-09 21:20:56.590000','admin','ZKEASOFT','2016-03-10 21:05:32.213000','admin','ZKEASOFT','2016-10-09 21:20:56.590000'),(214,'ZKEASOFT','ZKEASOFT 提供优质的软件服务，现已完成上线的产品有EasyFrameWork开发框架，ZkeaCMS内容管理系统，我们坚持开源，开放原则，把软件服务做得更好。',NULL,NULL,NULL,3,NULL,'<div class=\"jumbotron\">\r\n<h1>关于ZKEASOFT</h1>\r\n<h3>ZKEASOFT&nbsp;提供优质的软件服务，我们坚持开源，开放原则，把软件服务做得更好。</h3>\r\n<h4>已开源作品：</h4>\r\n<ul>\r\n<li><a href=\"/easyframework\" target=\"_blank\">EasyFrameWork开发框架</a></li>\r\n<li><a href=\"/zkeacms\" target=\"_blank\">ZKEACMS内容管理系统</a></li>\r\n<li><a href=\"https://github.com/SeriaWei/BingWallpaper\" target=\"_blank\">下载必应（Bing）每天壁纸</a></li>\r\n<li><a href=\"http://code.taobao.org/p/UploadToTietuku/src/\" target=\"_blank\">贴图库Chrome插件</a></li>\r\n</ul>\r\n</div>\r\n<p><em>更多作品将陆续开源，敬请期待，也欢迎广大开发者加入我们，用微信扫描下面二维码关注我们。</em></p>\r\n<p><img src=\"http://www.zkea.net/Upload/Images/20160318/263801921375bdf2.jpg\" alt=\"\" width=\"258\" height=\"258\" /></p>',1,'~/images/09.jpg',NULL,1,'2016-10-10 21:20:56.590000','admin','ZKEASOFT','2016-03-10 21:05:32.213000','admin','ZKEASOFT','2016-10-10 21:20:56.590000'),(215,'ZKEASOFT','ZKEASOFT 提供优质的软件服务，现已完成上线的产品有EasyFrameWork开发框架，ZkeaCMS内容管理系统，我们坚持开源，开放原则，把软件服务做得更好。',NULL,NULL,NULL,3,NULL,'<div class=\"jumbotron\">\r\n<h1>关于ZKEASOFT</h1>\r\n<h3>ZKEASOFT&nbsp;提供优质的软件服务，我们坚持开源，开放原则，把软件服务做得更好。</h3>\r\n<h4>已开源作品：</h4>\r\n<ul>\r\n<li><a href=\"/easyframework\" target=\"_blank\">EasyFrameWork开发框架</a></li>\r\n<li><a href=\"/zkeacms\" target=\"_blank\">ZKEACMS内容管理系统</a></li>\r\n<li><a href=\"https://github.com/SeriaWei/BingWallpaper\" target=\"_blank\">下载必应（Bing）每天壁纸</a></li>\r\n<li><a href=\"http://code.taobao.org/p/UploadToTietuku/src/\" target=\"_blank\">贴图库Chrome插件</a></li>\r\n</ul>\r\n</div>\r\n<p><em>更多作品将陆续开源，敬请期待，也欢迎广大开发者加入我们，用微信扫描下面二维码关注我们。</em></p>\r\n<p><img src=\"http://www.zkea.net/Upload/Images/20160318/263801921375bdf2.jpg\" alt=\"\" width=\"258\" height=\"258\" /></p>',1,'~/images/09.jpg',NULL,1,'2016-10-11 21:20:56.590000','admin','ZKEASOFT','2016-03-10 21:05:32.213000','admin','ZKEASOFT','2016-10-11 21:20:56.590000'),(216,'ZKEASOFT','ZKEASOFT 提供优质的软件服务，现已完成上线的产品有EasyFrameWork开发框架，ZkeaCMS内容管理系统，我们坚持开源，开放原则，把软件服务做得更好。',NULL,NULL,NULL,3,NULL,'<div class=\"jumbotron\">\r\n<h1>关于ZKEASOFT</h1>\r\n<h3>ZKEASOFT&nbsp;提供优质的软件服务，我们坚持开源，开放原则，把软件服务做得更好。</h3>\r\n<h4>已开源作品：</h4>\r\n<ul>\r\n<li><a href=\"/easyframework\" target=\"_blank\">EasyFrameWork开发框架</a></li>\r\n<li><a href=\"/zkeacms\" target=\"_blank\">ZKEACMS内容管理系统</a></li>\r\n<li><a href=\"https://github.com/SeriaWei/BingWallpaper\" target=\"_blank\">下载必应（Bing）每天壁纸</a></li>\r\n<li><a href=\"http://code.taobao.org/p/UploadToTietuku/src/\" target=\"_blank\">贴图库Chrome插件</a></li>\r\n</ul>\r\n</div>\r\n<p><em>更多作品将陆续开源，敬请期待，也欢迎广大开发者加入我们，用微信扫描下面二维码关注我们。</em></p>\r\n<p><img src=\"http://www.zkea.net/Upload/Images/20160318/263801921375bdf2.jpg\" alt=\"\" width=\"258\" height=\"258\" /></p>',1,'~/images/09.jpg',NULL,1,'2016-10-12 21:20:56.590000','admin','ZKEASOFT','2016-03-10 21:05:32.213000','admin','ZKEASOFT','2016-10-12 21:20:56.590000'),(217,'ZKEASOFT','ZKEASOFT 提供优质的软件服务，现已完成上线的产品有EasyFrameWork开发框架，ZkeaCMS内容管理系统，我们坚持开源，开放原则，把软件服务做得更好。',NULL,NULL,NULL,3,NULL,'<div class=\"jumbotron\">\r\n<h1>关于ZKEASOFT</h1>\r\n<h3>ZKEASOFT&nbsp;提供优质的软件服务，我们坚持开源，开放原则，把软件服务做得更好。</h3>\r\n<h4>已开源作品：</h4>\r\n<ul>\r\n<li><a href=\"/easyframework\" target=\"_blank\">EasyFrameWork开发框架</a></li>\r\n<li><a href=\"/zkeacms\" target=\"_blank\">ZKEACMS内容管理系统</a></li>\r\n<li><a href=\"https://github.com/SeriaWei/BingWallpaper\" target=\"_blank\">下载必应（Bing）每天壁纸</a></li>\r\n<li><a href=\"http://code.taobao.org/p/UploadToTietuku/src/\" target=\"_blank\">贴图库Chrome插件</a></li>\r\n</ul>\r\n</div>\r\n<p><em>更多作品将陆续开源，敬请期待，也欢迎广大开发者加入我们，用微信扫描下面二维码关注我们。</em></p>\r\n<p><img src=\"http://www.zkea.net/Upload/Images/20160318/263801921375bdf2.jpg\" alt=\"\" width=\"258\" height=\"258\" /></p>',1,'~/images/09.jpg',NULL,1,'2016-10-13 21:20:56.590000','admin','ZKEASOFT','2016-03-10 21:05:32.213000','admin','ZKEASOFT','2016-10-13 21:20:56.590000'),(218,'ZKEASOFT','ZKEASOFT 提供优质的软件服务，现已完成上线的产品有EasyFrameWork开发框架，ZkeaCMS内容管理系统，我们坚持开源，开放原则，把软件服务做得更好。',NULL,NULL,NULL,3,NULL,'<div class=\"jumbotron\">\r\n<h1>关于ZKEASOFT</h1>\r\n<h3>ZKEASOFT&nbsp;提供优质的软件服务，我们坚持开源，开放原则，把软件服务做得更好。</h3>\r\n<h4>已开源作品：</h4>\r\n<ul>\r\n<li><a href=\"/easyframework\" target=\"_blank\">EasyFrameWork开发框架</a></li>\r\n<li><a href=\"/zkeacms\" target=\"_blank\">ZKEACMS内容管理系统</a></li>\r\n<li><a href=\"https://github.com/SeriaWei/BingWallpaper\" target=\"_blank\">下载必应（Bing）每天壁纸</a></li>\r\n<li><a href=\"http://code.taobao.org/p/UploadToTietuku/src/\" target=\"_blank\">贴图库Chrome插件</a></li>\r\n</ul>\r\n</div>\r\n<p><em>更多作品将陆续开源，敬请期待，也欢迎广大开发者加入我们，用微信扫描下面二维码关注我们。</em></p>\r\n<p><img src=\"http://www.zkea.net/Upload/Images/20160318/263801921375bdf2.jpg\" alt=\"\" width=\"258\" height=\"258\" /></p>',1,'~/images/09.jpg',NULL,1,'2016-10-14 21:20:56.590000','admin','ZKEASOFT','2016-03-10 21:05:32.213000','admin','ZKEASOFT','2016-10-14 21:20:56.590000'),(219,'ZKEASOFT','ZKEASOFT 提供优质的软件服务，现已完成上线的产品有EasyFrameWork开发框架，ZkeaCMS内容管理系统，我们坚持开源，开放原则，把软件服务做得更好。',NULL,NULL,NULL,3,NULL,'<div class=\"jumbotron\">\r\n<h1>关于ZKEASOFT</h1>\r\n<h3>ZKEASOFT&nbsp;提供优质的软件服务，我们坚持开源，开放原则，把软件服务做得更好。</h3>\r\n<h4>已开源作品：</h4>\r\n<ul>\r\n<li><a href=\"/easyframework\" target=\"_blank\">EasyFrameWork开发框架</a></li>\r\n<li><a href=\"/zkeacms\" target=\"_blank\">ZKEACMS内容管理系统</a></li>\r\n<li><a href=\"https://github.com/SeriaWei/BingWallpaper\" target=\"_blank\">下载必应（Bing）每天壁纸</a></li>\r\n<li><a href=\"http://code.taobao.org/p/UploadToTietuku/src/\" target=\"_blank\">贴图库Chrome插件</a></li>\r\n</ul>\r\n</div>\r\n<p><em>更多作品将陆续开源，敬请期待，也欢迎广大开发者加入我们，用微信扫描下面二维码关注我们。</em></p>\r\n<p><img src=\"http://www.zkea.net/Upload/Images/20160318/263801921375bdf2.jpg\" alt=\"\" width=\"258\" height=\"258\" /></p>',1,'~/images/09.jpg',NULL,1,'2016-10-15 21:20:56.590000','admin','ZKEASOFT','2016-03-10 21:05:32.213000','admin','ZKEASOFT','2016-10-15 21:20:56.590000'),(220,'ZKEASOFT','ZKEASOFT 提供优质的软件服务，现已完成上线的产品有EasyFrameWork开发框架，ZkeaCMS内容管理系统，我们坚持开源，开放原则，把软件服务做得更好。',NULL,NULL,NULL,3,NULL,'<div class=\"jumbotron\">\r\n<h1>关于ZKEASOFT</h1>\r\n<h3>ZKEASOFT&nbsp;提供优质的软件服务，我们坚持开源，开放原则，把软件服务做得更好。</h3>\r\n<h4>已开源作品：</h4>\r\n<ul>\r\n<li><a href=\"/easyframework\" target=\"_blank\">EasyFrameWork开发框架</a></li>\r\n<li><a href=\"/zkeacms\" target=\"_blank\">ZKEACMS内容管理系统</a></li>\r\n<li><a href=\"https://github.com/SeriaWei/BingWallpaper\" target=\"_blank\">下载必应（Bing）每天壁纸</a></li>\r\n<li><a href=\"http://code.taobao.org/p/UploadToTietuku/src/\" target=\"_blank\">贴图库Chrome插件</a></li>\r\n</ul>\r\n</div>\r\n<p><em>更多作品将陆续开源，敬请期待，也欢迎广大开发者加入我们，用微信扫描下面二维码关注我们。</em></p>\r\n<p><img src=\"http://www.zkea.net/Upload/Images/20160318/263801921375bdf2.jpg\" alt=\"\" width=\"258\" height=\"258\" /></p>',1,'~/images/09.jpg',NULL,1,'2016-10-16 21:20:56.590000','admin','ZKEASOFT','2016-03-10 21:05:32.213000','admin','ZKEASOFT','2016-10-16 21:20:56.590000'),(221,'ZKEASOFT','ZKEASOFT 提供优质的软件服务，现已完成上线的产品有EasyFrameWork开发框架，ZkeaCMS内容管理系统，我们坚持开源，开放原则，把软件服务做得更好。',NULL,NULL,NULL,3,NULL,'<div class=\"jumbotron\">\r\n<h1>关于ZKEASOFT</h1>\r\n<h3>ZKEASOFT&nbsp;提供优质的软件服务，我们坚持开源，开放原则，把软件服务做得更好。</h3>\r\n<h4>已开源作品：</h4>\r\n<ul>\r\n<li><a href=\"/easyframework\" target=\"_blank\">EasyFrameWork开发框架</a></li>\r\n<li><a href=\"/zkeacms\" target=\"_blank\">ZKEACMS内容管理系统</a></li>\r\n<li><a href=\"https://github.com/SeriaWei/BingWallpaper\" target=\"_blank\">下载必应（Bing）每天壁纸</a></li>\r\n<li><a href=\"http://code.taobao.org/p/UploadToTietuku/src/\" target=\"_blank\">贴图库Chrome插件</a></li>\r\n</ul>\r\n</div>\r\n<p><em>更多作品将陆续开源，敬请期待，也欢迎广大开发者加入我们，用微信扫描下面二维码关注我们。</em></p>\r\n<p><img src=\"http://www.zkea.net/Upload/Images/20160318/263801921375bdf2.jpg\" alt=\"\" width=\"258\" height=\"258\" /></p>',1,'~/images/09.jpg',NULL,1,'2016-10-17 21:20:56.590000','admin','ZKEASOFT','2016-03-10 21:05:32.213000','admin','ZKEASOFT','2016-10-17 21:20:56.590000'),(222,'ZKEASOFT','ZKEASOFT 提供优质的软件服务，现已完成上线的产品有EasyFrameWork开发框架，ZkeaCMS内容管理系统，我们坚持开源，开放原则，把软件服务做得更好。',NULL,NULL,NULL,3,NULL,'<div class=\"jumbotron\">\r\n<h1>关于ZKEASOFT</h1>\r\n<h3>ZKEASOFT&nbsp;提供优质的软件服务，我们坚持开源，开放原则，把软件服务做得更好。</h3>\r\n<h4>已开源作品：</h4>\r\n<ul>\r\n<li><a href=\"/easyframework\" target=\"_blank\">EasyFrameWork开发框架</a></li>\r\n<li><a href=\"/zkeacms\" target=\"_blank\">ZKEACMS内容管理系统</a></li>\r\n<li><a href=\"https://github.com/SeriaWei/BingWallpaper\" target=\"_blank\">下载必应（Bing）每天壁纸</a></li>\r\n<li><a href=\"http://code.taobao.org/p/UploadToTietuku/src/\" target=\"_blank\">贴图库Chrome插件</a></li>\r\n</ul>\r\n</div>\r\n<p><em>更多作品将陆续开源，敬请期待，也欢迎广大开发者加入我们，用微信扫描下面二维码关注我们。</em></p>\r\n<p><img src=\"http://www.zkea.net/Upload/Images/20160318/263801921375bdf2.jpg\" alt=\"\" width=\"258\" height=\"258\" /></p>',1,'~/images/09.jpg',NULL,1,'2016-10-18 21:20:56.590000','admin','ZKEASOFT','2016-03-10 21:05:32.213000','admin','ZKEASOFT','2016-10-18 21:20:56.590000'),(223,'ZKEASOFT','ZKEASOFT 提供优质的软件服务，现已完成上线的产品有EasyFrameWork开发框架，ZkeaCMS内容管理系统，我们坚持开源，开放原则，把软件服务做得更好。',NULL,NULL,NULL,3,NULL,'<div class=\"jumbotron\">\r\n<h1>关于ZKEASOFT</h1>\r\n<h3>ZKEASOFT&nbsp;提供优质的软件服务，我们坚持开源，开放原则，把软件服务做得更好。</h3>\r\n<h4>已开源作品：</h4>\r\n<ul>\r\n<li><a href=\"/easyframework\" target=\"_blank\">EasyFrameWork开发框架</a></li>\r\n<li><a href=\"/zkeacms\" target=\"_blank\">ZKEACMS内容管理系统</a></li>\r\n<li><a href=\"https://github.com/SeriaWei/BingWallpaper\" target=\"_blank\">下载必应（Bing）每天壁纸</a></li>\r\n<li><a href=\"http://code.taobao.org/p/UploadToTietuku/src/\" target=\"_blank\">贴图库Chrome插件</a></li>\r\n</ul>\r\n</div>\r\n<p><em>更多作品将陆续开源，敬请期待，也欢迎广大开发者加入我们，用微信扫描下面二维码关注我们。</em></p>\r\n<p><img src=\"http://www.zkea.net/Upload/Images/20160318/263801921375bdf2.jpg\" alt=\"\" width=\"258\" height=\"258\" /></p>',1,'~/images/09.jpg',NULL,1,'2016-10-19 21:20:56.590000','admin','ZKEASOFT','2016-03-10 21:05:32.213000','admin','ZKEASOFT','2016-10-19 21:20:56.590000'),(224,'ZKEASOFT','ZKEASOFT 提供优质的软件服务，现已完成上线的产品有EasyFrameWork开发框架，ZkeaCMS内容管理系统，我们坚持开源，开放原则，把软件服务做得更好。',NULL,NULL,NULL,3,NULL,'<div class=\"jumbotron\">\r\n<h1>关于ZKEASOFT</h1>\r\n<h3>ZKEASOFT&nbsp;提供优质的软件服务，我们坚持开源，开放原则，把软件服务做得更好。</h3>\r\n<h4>已开源作品：</h4>\r\n<ul>\r\n<li><a href=\"/easyframework\" target=\"_blank\">EasyFrameWork开发框架</a></li>\r\n<li><a href=\"/zkeacms\" target=\"_blank\">ZKEACMS内容管理系统</a></li>\r\n<li><a href=\"https://github.com/SeriaWei/BingWallpaper\" target=\"_blank\">下载必应（Bing）每天壁纸</a></li>\r\n<li><a href=\"http://code.taobao.org/p/UploadToTietuku/src/\" target=\"_blank\">贴图库Chrome插件</a></li>\r\n</ul>\r\n</div>\r\n<p><em>更多作品将陆续开源，敬请期待，也欢迎广大开发者加入我们，用微信扫描下面二维码关注我们。</em></p>\r\n<p><img src=\"http://www.zkea.net/Upload/Images/20160318/263801921375bdf2.jpg\" alt=\"\" width=\"258\" height=\"258\" /></p>',1,'~/images/09.jpg',NULL,1,'2016-10-20 21:20:56.590000','admin','ZKEASOFT','2016-03-10 21:05:32.213000','admin','ZKEASOFT','2016-10-20 21:20:56.590000'),(225,'ZKEASOFT','ZKEASOFT 提供优质的软件服务，现已完成上线的产品有EasyFrameWork开发框架，ZkeaCMS内容管理系统，我们坚持开源，开放原则，把软件服务做得更好。',NULL,NULL,NULL,3,NULL,'<div class=\"jumbotron\">\r\n<h1>关于ZKEASOFT</h1>\r\n<h3>ZKEASOFT&nbsp;提供优质的软件服务，我们坚持开源，开放原则，把软件服务做得更好。</h3>\r\n<h4>已开源作品：</h4>\r\n<ul>\r\n<li><a href=\"/easyframework\" target=\"_blank\">EasyFrameWork开发框架</a></li>\r\n<li><a href=\"/zkeacms\" target=\"_blank\">ZKEACMS内容管理系统</a></li>\r\n<li><a href=\"https://github.com/SeriaWei/BingWallpaper\" target=\"_blank\">下载必应（Bing）每天壁纸</a></li>\r\n<li><a href=\"http://code.taobao.org/p/UploadToTietuku/src/\" target=\"_blank\">贴图库Chrome插件</a></li>\r\n</ul>\r\n</div>\r\n<p><em>更多作品将陆续开源，敬请期待，也欢迎广大开发者加入我们，用微信扫描下面二维码关注我们。</em></p>\r\n<p><img src=\"http://www.zkea.net/Upload/Images/20160318/263801921375bdf2.jpg\" alt=\"\" width=\"258\" height=\"258\" /></p>',1,'~/images/09.jpg',NULL,1,'2016-10-21 21:20:56.590000','admin','ZKEASOFT','2016-03-10 21:05:32.213000','admin','ZKEASOFT','2016-10-21 21:20:56.590000'),(226,'ZKEASOFT','ZKEASOFT 提供优质的软件服务，现已完成上线的产品有EasyFrameWork开发框架，ZkeaCMS内容管理系统，我们坚持开源，开放原则，把软件服务做得更好。',NULL,NULL,NULL,3,NULL,'<div class=\"jumbotron\">\r\n<h1>关于ZKEASOFT</h1>\r\n<h3>ZKEASOFT&nbsp;提供优质的软件服务，我们坚持开源，开放原则，把软件服务做得更好。</h3>\r\n<h4>已开源作品：</h4>\r\n<ul>\r\n<li><a href=\"/easyframework\" target=\"_blank\">EasyFrameWork开发框架</a></li>\r\n<li><a href=\"/zkeacms\" target=\"_blank\">ZKEACMS内容管理系统</a></li>\r\n<li><a href=\"https://github.com/SeriaWei/BingWallpaper\" target=\"_blank\">下载必应（Bing）每天壁纸</a></li>\r\n<li><a href=\"http://code.taobao.org/p/UploadToTietuku/src/\" target=\"_blank\">贴图库Chrome插件</a></li>\r\n</ul>\r\n</div>\r\n<p><em>更多作品将陆续开源，敬请期待，也欢迎广大开发者加入我们，用微信扫描下面二维码关注我们。</em></p>\r\n<p><img src=\"http://www.zkea.net/Upload/Images/20160318/263801921375bdf2.jpg\" alt=\"\" width=\"258\" height=\"258\" /></p>',1,'~/images/09.jpg',NULL,1,'2016-10-22 21:20:56.590000','admin','ZKEASOFT','2016-03-10 21:05:32.213000','admin','ZKEASOFT','2016-10-22 21:20:56.590000'),(227,'ZKEASOFT','ZKEASOFT 提供优质的软件服务，现已完成上线的产品有EasyFrameWork开发框架，ZkeaCMS内容管理系统，我们坚持开源，开放原则，把软件服务做得更好。',NULL,NULL,NULL,3,NULL,'<div class=\"jumbotron\">\r\n<h1>关于ZKEASOFT</h1>\r\n<h3>ZKEASOFT&nbsp;提供优质的软件服务，我们坚持开源，开放原则，把软件服务做得更好。</h3>\r\n<h4>已开源作品：</h4>\r\n<ul>\r\n<li><a href=\"/easyframework\" target=\"_blank\">EasyFrameWork开发框架</a></li>\r\n<li><a href=\"/zkeacms\" target=\"_blank\">ZKEACMS内容管理系统</a></li>\r\n<li><a href=\"https://github.com/SeriaWei/BingWallpaper\" target=\"_blank\">下载必应（Bing）每天壁纸</a></li>\r\n<li><a href=\"http://code.taobao.org/p/UploadToTietuku/src/\" target=\"_blank\">贴图库Chrome插件</a></li>\r\n</ul>\r\n</div>\r\n<p><em>更多作品将陆续开源，敬请期待，也欢迎广大开发者加入我们，用微信扫描下面二维码关注我们。</em></p>\r\n<p><img src=\"http://www.zkea.net/Upload/Images/20160318/263801921375bdf2.jpg\" alt=\"\" width=\"258\" height=\"258\" /></p>',1,'~/images/09.jpg',NULL,1,'2016-10-23 21:20:56.590000','admin','ZKEASOFT','2016-03-10 21:05:32.213000','admin','ZKEASOFT','2016-10-23 21:20:56.590000'),(228,'ZKEASOFT','ZKEASOFT 提供优质的软件服务，现已完成上线的产品有EasyFrameWork开发框架，ZkeaCMS内容管理系统，我们坚持开源，开放原则，把软件服务做得更好。',NULL,NULL,NULL,3,NULL,'<div class=\"jumbotron\">\r\n<h1>关于ZKEASOFT</h1>\r\n<h3>ZKEASOFT&nbsp;提供优质的软件服务，我们坚持开源，开放原则，把软件服务做得更好。</h3>\r\n<h4>已开源作品：</h4>\r\n<ul>\r\n<li><a href=\"/easyframework\" target=\"_blank\">EasyFrameWork开发框架</a></li>\r\n<li><a href=\"/zkeacms\" target=\"_blank\">ZKEACMS内容管理系统</a></li>\r\n<li><a href=\"https://github.com/SeriaWei/BingWallpaper\" target=\"_blank\">下载必应（Bing）每天壁纸</a></li>\r\n<li><a href=\"http://code.taobao.org/p/UploadToTietuku/src/\" target=\"_blank\">贴图库Chrome插件</a></li>\r\n</ul>\r\n</div>\r\n<p><em>更多作品将陆续开源，敬请期待，也欢迎广大开发者加入我们，用微信扫描下面二维码关注我们。</em></p>\r\n<p><img src=\"http://www.zkea.net/Upload/Images/20160318/263801921375bdf2.jpg\" alt=\"\" width=\"258\" height=\"258\" /></p>',1,'~/images/09.jpg',NULL,1,'2016-10-24 21:20:56.590000','admin','ZKEASOFT','2016-03-10 21:05:32.213000','admin','ZKEASOFT','2016-10-24 21:20:56.590000'),(229,'ZKEASOFT','ZKEASOFT 提供优质的软件服务，现已完成上线的产品有EasyFrameWork开发框架，ZkeaCMS内容管理系统，我们坚持开源，开放原则，把软件服务做得更好。',NULL,NULL,NULL,3,NULL,'<div class=\"jumbotron\">\r\n<h1>关于ZKEASOFT</h1>\r\n<h3>ZKEASOFT&nbsp;提供优质的软件服务，我们坚持开源，开放原则，把软件服务做得更好。</h3>\r\n<h4>已开源作品：</h4>\r\n<ul>\r\n<li><a href=\"/easyframework\" target=\"_blank\">EasyFrameWork开发框架</a></li>\r\n<li><a href=\"/zkeacms\" target=\"_blank\">ZKEACMS内容管理系统</a></li>\r\n<li><a href=\"https://github.com/SeriaWei/BingWallpaper\" target=\"_blank\">下载必应（Bing）每天壁纸</a></li>\r\n<li><a href=\"http://code.taobao.org/p/UploadToTietuku/src/\" target=\"_blank\">贴图库Chrome插件</a></li>\r\n</ul>\r\n</div>\r\n<p><em>更多作品将陆续开源，敬请期待，也欢迎广大开发者加入我们，用微信扫描下面二维码关注我们。</em></p>\r\n<p><img src=\"http://www.zkea.net/Upload/Images/20160318/263801921375bdf2.jpg\" alt=\"\" width=\"258\" height=\"258\" /></p>',1,'~/images/09.jpg',NULL,1,'2016-10-25 21:20:56.590000','admin','ZKEASOFT','2016-03-10 21:05:32.213000','admin','ZKEASOFT','2016-10-25 21:20:56.590000'),(230,'ZKEASOFT','ZKEASOFT 提供优质的软件服务，现已完成上线的产品有EasyFrameWork开发框架，ZkeaCMS内容管理系统，我们坚持开源，开放原则，把软件服务做得更好。',NULL,NULL,NULL,3,NULL,'<div class=\"jumbotron\">\r\n<h1>关于ZKEASOFT</h1>\r\n<h3>ZKEASOFT&nbsp;提供优质的软件服务，我们坚持开源，开放原则，把软件服务做得更好。</h3>\r\n<h4>已开源作品：</h4>\r\n<ul>\r\n<li><a href=\"/easyframework\" target=\"_blank\">EasyFrameWork开发框架</a></li>\r\n<li><a href=\"/zkeacms\" target=\"_blank\">ZKEACMS内容管理系统</a></li>\r\n<li><a href=\"https://github.com/SeriaWei/BingWallpaper\" target=\"_blank\">下载必应（Bing）每天壁纸</a></li>\r\n<li><a href=\"http://code.taobao.org/p/UploadToTietuku/src/\" target=\"_blank\">贴图库Chrome插件</a></li>\r\n</ul>\r\n</div>\r\n<p><em>更多作品将陆续开源，敬请期待，也欢迎广大开发者加入我们，用微信扫描下面二维码关注我们。</em></p>\r\n<p><img src=\"http://www.zkea.net/Upload/Images/20160318/263801921375bdf2.jpg\" alt=\"\" width=\"258\" height=\"258\" /></p>',1,'~/images/09.jpg',NULL,1,'2016-10-26 21:20:56.590000','admin','ZKEASOFT','2016-03-10 21:05:32.213000','admin','ZKEASOFT','2016-10-26 21:20:56.590000'),(231,'ZKEASOFT','ZKEASOFT 提供优质的软件服务，现已完成上线的产品有EasyFrameWork开发框架，ZkeaCMS内容管理系统，我们坚持开源，开放原则，把软件服务做得更好。',NULL,NULL,NULL,3,NULL,'<div class=\"jumbotron\">\r\n<h1>关于ZKEASOFT</h1>\r\n<h3>ZKEASOFT&nbsp;提供优质的软件服务，我们坚持开源，开放原则，把软件服务做得更好。</h3>\r\n<h4>已开源作品：</h4>\r\n<ul>\r\n<li><a href=\"/easyframework\" target=\"_blank\">EasyFrameWork开发框架</a></li>\r\n<li><a href=\"/zkeacms\" target=\"_blank\">ZKEACMS内容管理系统</a></li>\r\n<li><a href=\"https://github.com/SeriaWei/BingWallpaper\" target=\"_blank\">下载必应（Bing）每天壁纸</a></li>\r\n<li><a href=\"http://code.taobao.org/p/UploadToTietuku/src/\" target=\"_blank\">贴图库Chrome插件</a></li>\r\n</ul>\r\n</div>\r\n<p><em>更多作品将陆续开源，敬请期待，也欢迎广大开发者加入我们，用微信扫描下面二维码关注我们。</em></p>\r\n<p><img src=\"http://www.zkea.net/Upload/Images/20160318/263801921375bdf2.jpg\" alt=\"\" width=\"258\" height=\"258\" /></p>',1,'~/images/09.jpg',NULL,1,'2016-10-27 21:20:56.590000','admin','ZKEASOFT','2016-03-10 21:05:32.213000','admin','ZKEASOFT','2016-10-27 21:20:56.590000'),(232,'ZKEASOFT','ZKEASOFT 提供优质的软件服务，现已完成上线的产品有EasyFrameWork开发框架，ZkeaCMS内容管理系统，我们坚持开源，开放原则，把软件服务做得更好。',NULL,NULL,NULL,3,NULL,'<div class=\"jumbotron\">\r\n<h1>关于ZKEASOFT</h1>\r\n<h3>ZKEASOFT&nbsp;提供优质的软件服务，我们坚持开源，开放原则，把软件服务做得更好。</h3>\r\n<h4>已开源作品：</h4>\r\n<ul>\r\n<li><a href=\"/easyframework\" target=\"_blank\">EasyFrameWork开发框架</a></li>\r\n<li><a href=\"/zkeacms\" target=\"_blank\">ZKEACMS内容管理系统</a></li>\r\n<li><a href=\"https://github.com/SeriaWei/BingWallpaper\" target=\"_blank\">下载必应（Bing）每天壁纸</a></li>\r\n<li><a href=\"http://code.taobao.org/p/UploadToTietuku/src/\" target=\"_blank\">贴图库Chrome插件</a></li>\r\n</ul>\r\n</div>\r\n<p><em>更多作品将陆续开源，敬请期待，也欢迎广大开发者加入我们，用微信扫描下面二维码关注我们。</em></p>\r\n<p><img src=\"http://www.zkea.net/Upload/Images/20160318/263801921375bdf2.jpg\" alt=\"\" width=\"258\" height=\"258\" /></p>',1,'~/images/09.jpg',NULL,1,'2016-10-28 21:20:56.590000','admin','ZKEASOFT','2016-03-10 21:05:32.213000','admin','ZKEASOFT','2016-10-28 21:20:56.590000'),(233,'ZKEASOFT','ZKEASOFT 提供优质的软件服务，现已完成上线的产品有EasyFrameWork开发框架，ZkeaCMS内容管理系统，我们坚持开源，开放原则，把软件服务做得更好。',NULL,NULL,NULL,3,NULL,'<div class=\"jumbotron\">\r\n<h1>关于ZKEASOFT</h1>\r\n<h3>ZKEASOFT&nbsp;提供优质的软件服务，我们坚持开源，开放原则，把软件服务做得更好。</h3>\r\n<h4>已开源作品：</h4>\r\n<ul>\r\n<li><a href=\"/easyframework\" target=\"_blank\">EasyFrameWork开发框架</a></li>\r\n<li><a href=\"/zkeacms\" target=\"_blank\">ZKEACMS内容管理系统</a></li>\r\n<li><a href=\"https://github.com/SeriaWei/BingWallpaper\" target=\"_blank\">下载必应（Bing）每天壁纸</a></li>\r\n<li><a href=\"http://code.taobao.org/p/UploadToTietuku/src/\" target=\"_blank\">贴图库Chrome插件</a></li>\r\n</ul>\r\n</div>\r\n<p><em>更多作品将陆续开源，敬请期待，也欢迎广大开发者加入我们，用微信扫描下面二维码关注我们。</em></p>\r\n<p><img src=\"http://www.zkea.net/Upload/Images/20160318/263801921375bdf2.jpg\" alt=\"\" width=\"258\" height=\"258\" /></p>',1,'~/images/09.jpg',NULL,1,'2016-10-29 21:20:56.590000','admin','ZKEASOFT','2016-03-10 21:05:32.213000','admin','ZKEASOFT','2016-10-29 21:20:56.590000'),(234,'ZKEASOFT','ZKEASOFT 提供优质的软件服务，现已完成上线的产品有EasyFrameWork开发框架，ZkeaCMS内容管理系统，我们坚持开源，开放原则，把软件服务做得更好。',NULL,NULL,NULL,3,NULL,'<div class=\"jumbotron\">\r\n<h1>关于ZKEASOFT</h1>\r\n<h3>ZKEASOFT&nbsp;提供优质的软件服务，我们坚持开源，开放原则，把软件服务做得更好。</h3>\r\n<h4>已开源作品：</h4>\r\n<ul>\r\n<li><a href=\"/easyframework\" target=\"_blank\">EasyFrameWork开发框架</a></li>\r\n<li><a href=\"/zkeacms\" target=\"_blank\">ZKEACMS内容管理系统</a></li>\r\n<li><a href=\"https://github.com/SeriaWei/BingWallpaper\" target=\"_blank\">下载必应（Bing）每天壁纸</a></li>\r\n<li><a href=\"http://code.taobao.org/p/UploadToTietuku/src/\" target=\"_blank\">贴图库Chrome插件</a></li>\r\n</ul>\r\n</div>\r\n<p><em>更多作品将陆续开源，敬请期待，也欢迎广大开发者加入我们，用微信扫描下面二维码关注我们。</em></p>\r\n<p><img src=\"http://www.zkea.net/Upload/Images/20160318/263801921375bdf2.jpg\" alt=\"\" width=\"258\" height=\"258\" /></p>',1,'~/images/09.jpg',NULL,1,'2016-10-30 21:20:56.590000','admin','ZKEASOFT','2016-03-10 21:05:32.213000','admin','ZKEASOFT','2016-10-30 21:20:56.590000'),(235,'ZKEASOFT','ZKEASOFT 提供优质的软件服务，现已完成上线的产品有EasyFrameWork开发框架，ZkeaCMS内容管理系统，我们坚持开源，开放原则，把软件服务做得更好。',NULL,NULL,NULL,3,NULL,'<div class=\"jumbotron\">\r\n<h1>关于ZKEASOFT</h1>\r\n<h3>ZKEASOFT&nbsp;提供优质的软件服务，我们坚持开源，开放原则，把软件服务做得更好。</h3>\r\n<h4>已开源作品：</h4>\r\n<ul>\r\n<li><a href=\"/easyframework\" target=\"_blank\">EasyFrameWork开发框架</a></li>\r\n<li><a href=\"/zkeacms\" target=\"_blank\">ZKEACMS内容管理系统</a></li>\r\n<li><a href=\"https://github.com/SeriaWei/BingWallpaper\" target=\"_blank\">下载必应（Bing）每天壁纸</a></li>\r\n<li><a href=\"http://code.taobao.org/p/UploadToTietuku/src/\" target=\"_blank\">贴图库Chrome插件</a></li>\r\n</ul>\r\n</div>\r\n<p><em>更多作品将陆续开源，敬请期待，也欢迎广大开发者加入我们，用微信扫描下面二维码关注我们。</em></p>\r\n<p><img src=\"http://www.zkea.net/Upload/Images/20160318/263801921375bdf2.jpg\" alt=\"\" width=\"258\" height=\"258\" /></p>',1,'~/images/09.jpg',NULL,1,'2016-10-31 21:20:56.590000','admin','ZKEASOFT','2016-03-10 21:05:32.213000','admin','ZKEASOFT','2016-10-31 21:20:56.590000'),(236,'ZKEASOFT','ZKEASOFT 提供优质的软件服务，现已完成上线的产品有EasyFrameWork开发框架，ZkeaCMS内容管理系统，我们坚持开源，开放原则，把软件服务做得更好。',NULL,NULL,NULL,3,NULL,'<div class=\"jumbotron\">\r\n<h1>关于ZKEASOFT</h1>\r\n<h3>ZKEASOFT&nbsp;提供优质的软件服务，我们坚持开源，开放原则，把软件服务做得更好。</h3>\r\n<h4>已开源作品：</h4>\r\n<ul>\r\n<li><a href=\"/easyframework\" target=\"_blank\">EasyFrameWork开发框架</a></li>\r\n<li><a href=\"/zkeacms\" target=\"_blank\">ZKEACMS内容管理系统</a></li>\r\n<li><a href=\"https://github.com/SeriaWei/BingWallpaper\" target=\"_blank\">下载必应（Bing）每天壁纸</a></li>\r\n<li><a href=\"http://code.taobao.org/p/UploadToTietuku/src/\" target=\"_blank\">贴图库Chrome插件</a></li>\r\n</ul>\r\n</div>\r\n<p><em>更多作品将陆续开源，敬请期待，也欢迎广大开发者加入我们，用微信扫描下面二维码关注我们。</em></p>\r\n<p><img src=\"http://www.zkea.net/Upload/Images/20160318/263801921375bdf2.jpg\" alt=\"\" width=\"258\" height=\"258\" /></p>',1,'~/images/09.jpg',NULL,1,'2016-11-01 21:20:56.590000','admin','ZKEASOFT','2016-03-10 21:05:32.213000','admin','ZKEASOFT','2016-11-01 21:20:56.590000'),(237,'ZKEASOFT','ZKEASOFT 提供优质的软件服务，现已完成上线的产品有EasyFrameWork开发框架，ZkeaCMS内容管理系统，我们坚持开源，开放原则，把软件服务做得更好。',NULL,NULL,NULL,3,NULL,'<div class=\"jumbotron\">\r\n<h1>关于ZKEASOFT</h1>\r\n<h3>ZKEASOFT&nbsp;提供优质的软件服务，我们坚持开源，开放原则，把软件服务做得更好。</h3>\r\n<h4>已开源作品：</h4>\r\n<ul>\r\n<li><a href=\"/easyframework\" target=\"_blank\">EasyFrameWork开发框架</a></li>\r\n<li><a href=\"/zkeacms\" target=\"_blank\">ZKEACMS内容管理系统</a></li>\r\n<li><a href=\"https://github.com/SeriaWei/BingWallpaper\" target=\"_blank\">下载必应（Bing）每天壁纸</a></li>\r\n<li><a href=\"http://code.taobao.org/p/UploadToTietuku/src/\" target=\"_blank\">贴图库Chrome插件</a></li>\r\n</ul>\r\n</div>\r\n<p><em>更多作品将陆续开源，敬请期待，也欢迎广大开发者加入我们，用微信扫描下面二维码关注我们。</em></p>\r\n<p><img src=\"http://www.zkea.net/Upload/Images/20160318/263801921375bdf2.jpg\" alt=\"\" width=\"258\" height=\"258\" /></p>',1,'~/images/09.jpg',NULL,1,'2016-11-02 21:20:56.590000','admin','ZKEASOFT','2016-03-10 21:05:32.213000','admin','ZKEASOFT','2016-11-02 21:20:56.590000'),(238,'ZKEASOFT','ZKEASOFT 提供优质的软件服务，现已完成上线的产品有EasyFrameWork开发框架，ZkeaCMS内容管理系统，我们坚持开源，开放原则，把软件服务做得更好。',NULL,NULL,NULL,3,NULL,'<div class=\"jumbotron\">\r\n<h1>关于ZKEASOFT</h1>\r\n<h3>ZKEASOFT&nbsp;提供优质的软件服务，我们坚持开源，开放原则，把软件服务做得更好。</h3>\r\n<h4>已开源作品：</h4>\r\n<ul>\r\n<li><a href=\"/easyframework\" target=\"_blank\">EasyFrameWork开发框架</a></li>\r\n<li><a href=\"/zkeacms\" target=\"_blank\">ZKEACMS内容管理系统</a></li>\r\n<li><a href=\"https://github.com/SeriaWei/BingWallpaper\" target=\"_blank\">下载必应（Bing）每天壁纸</a></li>\r\n<li><a href=\"http://code.taobao.org/p/UploadToTietuku/src/\" target=\"_blank\">贴图库Chrome插件</a></li>\r\n</ul>\r\n</div>\r\n<p><em>更多作品将陆续开源，敬请期待，也欢迎广大开发者加入我们，用微信扫描下面二维码关注我们。</em></p>\r\n<p><img src=\"http://www.zkea.net/Upload/Images/20160318/263801921375bdf2.jpg\" alt=\"\" width=\"258\" height=\"258\" /></p>',1,'~/images/09.jpg',NULL,1,'2016-11-03 21:20:56.590000','admin','ZKEASOFT','2016-03-10 21:05:32.213000','admin','ZKEASOFT','2016-11-03 21:20:56.590000'),(239,'ZKEASOFT','ZKEASOFT 提供优质的软件服务，现已完成上线的产品有EasyFrameWork开发框架，ZkeaCMS内容管理系统，我们坚持开源，开放原则，把软件服务做得更好。',NULL,NULL,NULL,3,NULL,'<div class=\"jumbotron\">\r\n<h1>关于ZKEASOFT</h1>\r\n<h3>ZKEASOFT&nbsp;提供优质的软件服务，我们坚持开源，开放原则，把软件服务做得更好。</h3>\r\n<h4>已开源作品：</h4>\r\n<ul>\r\n<li><a href=\"/easyframework\" target=\"_blank\">EasyFrameWork开发框架</a></li>\r\n<li><a href=\"/zkeacms\" target=\"_blank\">ZKEACMS内容管理系统</a></li>\r\n<li><a href=\"https://github.com/SeriaWei/BingWallpaper\" target=\"_blank\">下载必应（Bing）每天壁纸</a></li>\r\n<li><a href=\"http://code.taobao.org/p/UploadToTietuku/src/\" target=\"_blank\">贴图库Chrome插件</a></li>\r\n</ul>\r\n</div>\r\n<p><em>更多作品将陆续开源，敬请期待，也欢迎广大开发者加入我们，用微信扫描下面二维码关注我们。</em></p>\r\n<p><img src=\"http://www.zkea.net/Upload/Images/20160318/263801921375bdf2.jpg\" alt=\"\" width=\"258\" height=\"258\" /></p>',1,'~/images/09.jpg',NULL,1,'2016-11-04 21:20:56.590000','admin','ZKEASOFT','2016-03-10 21:05:32.213000','admin','ZKEASOFT','2016-11-04 21:20:56.590000'),(240,'ZKEASOFT','ZKEASOFT 提供优质的软件服务，现已完成上线的产品有EasyFrameWork开发框架，ZkeaCMS内容管理系统，我们坚持开源，开放原则，把软件服务做得更好。',NULL,NULL,NULL,3,NULL,'<div class=\"jumbotron\">\r\n<h1>关于ZKEASOFT</h1>\r\n<h3>ZKEASOFT&nbsp;提供优质的软件服务，我们坚持开源，开放原则，把软件服务做得更好。</h3>\r\n<h4>已开源作品：</h4>\r\n<ul>\r\n<li><a href=\"/easyframework\" target=\"_blank\">EasyFrameWork开发框架</a></li>\r\n<li><a href=\"/zkeacms\" target=\"_blank\">ZKEACMS内容管理系统</a></li>\r\n<li><a href=\"https://github.com/SeriaWei/BingWallpaper\" target=\"_blank\">下载必应（Bing）每天壁纸</a></li>\r\n<li><a href=\"http://code.taobao.org/p/UploadToTietuku/src/\" target=\"_blank\">贴图库Chrome插件</a></li>\r\n</ul>\r\n</div>\r\n<p><em>更多作品将陆续开源，敬请期待，也欢迎广大开发者加入我们，用微信扫描下面二维码关注我们。</em></p>\r\n<p><img src=\"http://www.zkea.net/Upload/Images/20160318/263801921375bdf2.jpg\" alt=\"\" width=\"258\" height=\"258\" /></p>',1,'~/images/09.jpg',NULL,1,'2016-11-05 21:20:56.590000','admin','ZKEASOFT','2016-03-10 21:05:32.213000','admin','ZKEASOFT','2016-11-05 21:20:56.590000'),(241,'ZKEASOFT','ZKEASOFT 提供优质的软件服务，现已完成上线的产品有EasyFrameWork开发框架，ZkeaCMS内容管理系统，我们坚持开源，开放原则，把软件服务做得更好。',NULL,NULL,NULL,3,NULL,'<div class=\"jumbotron\">\r\n<h1>关于ZKEASOFT</h1>\r\n<h3>ZKEASOFT&nbsp;提供优质的软件服务，我们坚持开源，开放原则，把软件服务做得更好。</h3>\r\n<h4>已开源作品：</h4>\r\n<ul>\r\n<li><a href=\"/easyframework\" target=\"_blank\">EasyFrameWork开发框架</a></li>\r\n<li><a href=\"/zkeacms\" target=\"_blank\">ZKEACMS内容管理系统</a></li>\r\n<li><a href=\"https://github.com/SeriaWei/BingWallpaper\" target=\"_blank\">下载必应（Bing）每天壁纸</a></li>\r\n<li><a href=\"http://code.taobao.org/p/UploadToTietuku/src/\" target=\"_blank\">贴图库Chrome插件</a></li>\r\n</ul>\r\n</div>\r\n<p><em>更多作品将陆续开源，敬请期待，也欢迎广大开发者加入我们，用微信扫描下面二维码关注我们。</em></p>\r\n<p><img src=\"http://www.zkea.net/Upload/Images/20160318/263801921375bdf2.jpg\" alt=\"\" width=\"258\" height=\"258\" /></p>',1,'~/images/09.jpg',NULL,1,'2016-11-06 21:20:56.590000','admin','ZKEASOFT','2016-03-10 21:05:32.213000','admin','ZKEASOFT','2016-11-06 21:20:56.590000'),(242,'ZKEASOFT','ZKEASOFT 提供优质的软件服务，现已完成上线的产品有EasyFrameWork开发框架，ZkeaCMS内容管理系统，我们坚持开源，开放原则，把软件服务做得更好。',NULL,NULL,NULL,3,NULL,'<div class=\"jumbotron\">\r\n<h1>关于ZKEASOFT</h1>\r\n<h3>ZKEASOFT&nbsp;提供优质的软件服务，我们坚持开源，开放原则，把软件服务做得更好。</h3>\r\n<h4>已开源作品：</h4>\r\n<ul>\r\n<li><a href=\"/easyframework\" target=\"_blank\">EasyFrameWork开发框架</a></li>\r\n<li><a href=\"/zkeacms\" target=\"_blank\">ZKEACMS内容管理系统</a></li>\r\n<li><a href=\"https://github.com/SeriaWei/BingWallpaper\" target=\"_blank\">下载必应（Bing）每天壁纸</a></li>\r\n<li><a href=\"http://code.taobao.org/p/UploadToTietuku/src/\" target=\"_blank\">贴图库Chrome插件</a></li>\r\n</ul>\r\n</div>\r\n<p><em>更多作品将陆续开源，敬请期待，也欢迎广大开发者加入我们，用微信扫描下面二维码关注我们。</em></p>\r\n<p><img src=\"http://www.zkea.net/Upload/Images/20160318/263801921375bdf2.jpg\" alt=\"\" width=\"258\" height=\"258\" /></p>',1,'~/images/09.jpg',NULL,1,'2016-11-07 21:20:56.590000','admin','ZKEASOFT','2016-03-10 21:05:32.213000','admin','ZKEASOFT','2016-11-07 21:20:56.590000'),(243,'ZKEASOFT','ZKEASOFT 提供优质的软件服务，现已完成上线的产品有EasyFrameWork开发框架，ZkeaCMS内容管理系统，我们坚持开源，开放原则，把软件服务做得更好。',NULL,NULL,NULL,3,NULL,'<div class=\"jumbotron\">\r\n<h1>关于ZKEASOFT</h1>\r\n<h3>ZKEASOFT&nbsp;提供优质的软件服务，我们坚持开源，开放原则，把软件服务做得更好。</h3>\r\n<h4>已开源作品：</h4>\r\n<ul>\r\n<li><a href=\"/easyframework\" target=\"_blank\">EasyFrameWork开发框架</a></li>\r\n<li><a href=\"/zkeacms\" target=\"_blank\">ZKEACMS内容管理系统</a></li>\r\n<li><a href=\"https://github.com/SeriaWei/BingWallpaper\" target=\"_blank\">下载必应（Bing）每天壁纸</a></li>\r\n<li><a href=\"http://code.taobao.org/p/UploadToTietuku/src/\" target=\"_blank\">贴图库Chrome插件</a></li>\r\n</ul>\r\n</div>\r\n<p><em>更多作品将陆续开源，敬请期待，也欢迎广大开发者加入我们，用微信扫描下面二维码关注我们。</em></p>\r\n<p><img src=\"http://www.zkea.net/Upload/Images/20160318/263801921375bdf2.jpg\" alt=\"\" width=\"258\" height=\"258\" /></p>',1,'~/images/09.jpg',NULL,1,'2016-11-08 21:20:56.590000','admin','ZKEASOFT','2016-03-10 21:05:32.213000','admin','ZKEASOFT','2016-11-08 21:20:56.590000'),(244,'ZKEASOFT','ZKEASOFT 提供优质的软件服务，现已完成上线的产品有EasyFrameWork开发框架，ZkeaCMS内容管理系统，我们坚持开源，开放原则，把软件服务做得更好。',NULL,NULL,NULL,3,NULL,'<div class=\"jumbotron\">\r\n<h1>关于ZKEASOFT</h1>\r\n<h3>ZKEASOFT&nbsp;提供优质的软件服务，我们坚持开源，开放原则，把软件服务做得更好。</h3>\r\n<h4>已开源作品：</h4>\r\n<ul>\r\n<li><a href=\"/easyframework\" target=\"_blank\">EasyFrameWork开发框架</a></li>\r\n<li><a href=\"/zkeacms\" target=\"_blank\">ZKEACMS内容管理系统</a></li>\r\n<li><a href=\"https://github.com/SeriaWei/BingWallpaper\" target=\"_blank\">下载必应（Bing）每天壁纸</a></li>\r\n<li><a href=\"http://code.taobao.org/p/UploadToTietuku/src/\" target=\"_blank\">贴图库Chrome插件</a></li>\r\n</ul>\r\n</div>\r\n<p><em>更多作品将陆续开源，敬请期待，也欢迎广大开发者加入我们，用微信扫描下面二维码关注我们。</em></p>\r\n<p><img src=\"http://www.zkea.net/Upload/Images/20160318/263801921375bdf2.jpg\" alt=\"\" width=\"258\" height=\"258\" /></p>',1,'~/images/09.jpg',NULL,1,'2016-11-09 21:20:56.590000','admin','ZKEASOFT','2016-03-10 21:05:32.213000','admin','ZKEASOFT','2016-11-09 21:20:56.590000'),(245,'ZKEASOFT','ZKEASOFT 提供优质的软件服务，现已完成上线的产品有EasyFrameWork开发框架，ZkeaCMS内容管理系统，我们坚持开源，开放原则，把软件服务做得更好。',NULL,NULL,NULL,3,NULL,'<div class=\"jumbotron\">\r\n<h1>关于ZKEASOFT</h1>\r\n<h3>ZKEASOFT&nbsp;提供优质的软件服务，我们坚持开源，开放原则，把软件服务做得更好。</h3>\r\n<h4>已开源作品：</h4>\r\n<ul>\r\n<li><a href=\"/easyframework\" target=\"_blank\">EasyFrameWork开发框架</a></li>\r\n<li><a href=\"/zkeacms\" target=\"_blank\">ZKEACMS内容管理系统</a></li>\r\n<li><a href=\"https://github.com/SeriaWei/BingWallpaper\" target=\"_blank\">下载必应（Bing）每天壁纸</a></li>\r\n<li><a href=\"http://code.taobao.org/p/UploadToTietuku/src/\" target=\"_blank\">贴图库Chrome插件</a></li>\r\n</ul>\r\n</div>\r\n<p><em>更多作品将陆续开源，敬请期待，也欢迎广大开发者加入我们，用微信扫描下面二维码关注我们。</em></p>\r\n<p><img src=\"http://www.zkea.net/Upload/Images/20160318/263801921375bdf2.jpg\" alt=\"\" width=\"258\" height=\"258\" /></p>',1,'~/images/09.jpg',NULL,1,'2016-11-10 21:20:56.590000','admin','ZKEASOFT','2016-03-10 21:05:32.213000','admin','ZKEASOFT','2016-11-10 21:20:56.590000'),(246,'ZKEASOFT','ZKEASOFT 提供优质的软件服务，现已完成上线的产品有EasyFrameWork开发框架，ZkeaCMS内容管理系统，我们坚持开源，开放原则，把软件服务做得更好。',NULL,NULL,NULL,3,NULL,'<div class=\"jumbotron\">\r\n<h1>关于ZKEASOFT</h1>\r\n<h3>ZKEASOFT&nbsp;提供优质的软件服务，我们坚持开源，开放原则，把软件服务做得更好。</h3>\r\n<h4>已开源作品：</h4>\r\n<ul>\r\n<li><a href=\"/easyframework\" target=\"_blank\">EasyFrameWork开发框架</a></li>\r\n<li><a href=\"/zkeacms\" target=\"_blank\">ZKEACMS内容管理系统</a></li>\r\n<li><a href=\"https://github.com/SeriaWei/BingWallpaper\" target=\"_blank\">下载必应（Bing）每天壁纸</a></li>\r\n<li><a href=\"http://code.taobao.org/p/UploadToTietuku/src/\" target=\"_blank\">贴图库Chrome插件</a></li>\r\n</ul>\r\n</div>\r\n<p><em>更多作品将陆续开源，敬请期待，也欢迎广大开发者加入我们，用微信扫描下面二维码关注我们。</em></p>\r\n<p><img src=\"http://www.zkea.net/Upload/Images/20160318/263801921375bdf2.jpg\" alt=\"\" width=\"258\" height=\"258\" /></p>',1,'~/images/09.jpg',NULL,1,'2016-11-11 21:20:56.590000','admin','ZKEASOFT','2016-03-10 21:05:32.213000','admin','ZKEASOFT','2016-11-11 21:20:56.590000'),(247,'ZKEASOFT','ZKEASOFT 提供优质的软件服务，现已完成上线的产品有EasyFrameWork开发框架，ZkeaCMS内容管理系统，我们坚持开源，开放原则，把软件服务做得更好。',NULL,NULL,NULL,3,NULL,'<div class=\"jumbotron\">\r\n<h1>关于ZKEASOFT</h1>\r\n<h3>ZKEASOFT&nbsp;提供优质的软件服务，我们坚持开源，开放原则，把软件服务做得更好。</h3>\r\n<h4>已开源作品：</h4>\r\n<ul>\r\n<li><a href=\"/easyframework\" target=\"_blank\">EasyFrameWork开发框架</a></li>\r\n<li><a href=\"/zkeacms\" target=\"_blank\">ZKEACMS内容管理系统</a></li>\r\n<li><a href=\"https://github.com/SeriaWei/BingWallpaper\" target=\"_blank\">下载必应（Bing）每天壁纸</a></li>\r\n<li><a href=\"http://code.taobao.org/p/UploadToTietuku/src/\" target=\"_blank\">贴图库Chrome插件</a></li>\r\n</ul>\r\n</div>\r\n<p><em>更多作品将陆续开源，敬请期待，也欢迎广大开发者加入我们，用微信扫描下面二维码关注我们。</em></p>\r\n<p><img src=\"http://www.zkea.net/Upload/Images/20160318/263801921375bdf2.jpg\" alt=\"\" width=\"258\" height=\"258\" /></p>',1,'~/images/09.jpg',NULL,1,'2016-11-12 21:20:56.590000','admin','ZKEASOFT','2016-03-10 21:05:32.213000','admin','ZKEASOFT','2016-11-12 21:20:56.590000'),(248,'ZKEASOFT','ZKEASOFT 提供优质的软件服务，现已完成上线的产品有EasyFrameWork开发框架，ZkeaCMS内容管理系统，我们坚持开源，开放原则，把软件服务做得更好。',NULL,NULL,NULL,3,NULL,'<div class=\"jumbotron\">\r\n<h1>关于ZKEASOFT</h1>\r\n<h3>ZKEASOFT&nbsp;提供优质的软件服务，我们坚持开源，开放原则，把软件服务做得更好。</h3>\r\n<h4>已开源作品：</h4>\r\n<ul>\r\n<li><a href=\"/easyframework\" target=\"_blank\">EasyFrameWork开发框架</a></li>\r\n<li><a href=\"/zkeacms\" target=\"_blank\">ZKEACMS内容管理系统</a></li>\r\n<li><a href=\"https://github.com/SeriaWei/BingWallpaper\" target=\"_blank\">下载必应（Bing）每天壁纸</a></li>\r\n<li><a href=\"http://code.taobao.org/p/UploadToTietuku/src/\" target=\"_blank\">贴图库Chrome插件</a></li>\r\n</ul>\r\n</div>\r\n<p><em>更多作品将陆续开源，敬请期待，也欢迎广大开发者加入我们，用微信扫描下面二维码关注我们。</em></p>\r\n<p><img src=\"http://www.zkea.net/Upload/Images/20160318/263801921375bdf2.jpg\" alt=\"\" width=\"258\" height=\"258\" /></p>',1,'~/images/09.jpg',NULL,1,'2016-11-13 21:20:56.590000','admin','ZKEASOFT','2016-03-10 21:05:32.213000','admin','ZKEASOFT','2016-11-13 21:20:56.590000'),(249,'ZKEASOFT','ZKEASOFT 提供优质的软件服务，现已完成上线的产品有EasyFrameWork开发框架，ZkeaCMS内容管理系统，我们坚持开源，开放原则，把软件服务做得更好。',NULL,NULL,NULL,3,NULL,'<div class=\"jumbotron\">\r\n<h1>关于ZKEASOFT</h1>\r\n<h3>ZKEASOFT&nbsp;提供优质的软件服务，我们坚持开源，开放原则，把软件服务做得更好。</h3>\r\n<h4>已开源作品：</h4>\r\n<ul>\r\n<li><a href=\"/easyframework\" target=\"_blank\">EasyFrameWork开发框架</a></li>\r\n<li><a href=\"/zkeacms\" target=\"_blank\">ZKEACMS内容管理系统</a></li>\r\n<li><a href=\"https://github.com/SeriaWei/BingWallpaper\" target=\"_blank\">下载必应（Bing）每天壁纸</a></li>\r\n<li><a href=\"http://code.taobao.org/p/UploadToTietuku/src/\" target=\"_blank\">贴图库Chrome插件</a></li>\r\n</ul>\r\n</div>\r\n<p><em>更多作品将陆续开源，敬请期待，也欢迎广大开发者加入我们，用微信扫描下面二维码关注我们。</em></p>\r\n<p><img src=\"http://www.zkea.net/Upload/Images/20160318/263801921375bdf2.jpg\" alt=\"\" width=\"258\" height=\"258\" /></p>',1,'~/images/09.jpg',NULL,1,'2016-11-14 21:20:56.590000','admin','ZKEASOFT','2016-03-10 21:05:32.213000','admin','ZKEASOFT','2016-11-14 21:20:56.590000'),(250,'ZKEASOFT','ZKEASOFT 提供优质的软件服务，现已完成上线的产品有EasyFrameWork开发框架，ZkeaCMS内容管理系统，我们坚持开源，开放原则，把软件服务做得更好。',NULL,NULL,NULL,3,NULL,'<div class=\"jumbotron\">\r\n<h1>关于ZKEASOFT</h1>\r\n<h3>ZKEASOFT&nbsp;提供优质的软件服务，我们坚持开源，开放原则，把软件服务做得更好。</h3>\r\n<h4>已开源作品：</h4>\r\n<ul>\r\n<li><a href=\"/easyframework\" target=\"_blank\">EasyFrameWork开发框架</a></li>\r\n<li><a href=\"/zkeacms\" target=\"_blank\">ZKEACMS内容管理系统</a></li>\r\n<li><a href=\"https://github.com/SeriaWei/BingWallpaper\" target=\"_blank\">下载必应（Bing）每天壁纸</a></li>\r\n<li><a href=\"http://code.taobao.org/p/UploadToTietuku/src/\" target=\"_blank\">贴图库Chrome插件</a></li>\r\n</ul>\r\n</div>\r\n<p><em>更多作品将陆续开源，敬请期待，也欢迎广大开发者加入我们，用微信扫描下面二维码关注我们。</em></p>\r\n<p><img src=\"http://www.zkea.net/Upload/Images/20160318/263801921375bdf2.jpg\" alt=\"\" width=\"258\" height=\"258\" /></p>',1,'~/images/09.jpg',NULL,1,'2016-11-15 21:20:56.590000','admin','ZKEASOFT','2016-03-10 21:05:32.213000','admin','ZKEASOFT','2016-11-15 21:20:56.590000'),(251,'ZKEASOFT','ZKEASOFT 提供优质的软件服务，现已完成上线的产品有EasyFrameWork开发框架，ZkeaCMS内容管理系统，我们坚持开源，开放原则，把软件服务做得更好。',NULL,NULL,NULL,3,NULL,'<div class=\"jumbotron\">\r\n<h1>关于ZKEASOFT</h1>\r\n<h3>ZKEASOFT&nbsp;提供优质的软件服务，我们坚持开源，开放原则，把软件服务做得更好。</h3>\r\n<h4>已开源作品：</h4>\r\n<ul>\r\n<li><a href=\"/easyframework\" target=\"_blank\">EasyFrameWork开发框架</a></li>\r\n<li><a href=\"/zkeacms\" target=\"_blank\">ZKEACMS内容管理系统</a></li>\r\n<li><a href=\"https://github.com/SeriaWei/BingWallpaper\" target=\"_blank\">下载必应（Bing）每天壁纸</a></li>\r\n<li><a href=\"http://code.taobao.org/p/UploadToTietuku/src/\" target=\"_blank\">贴图库Chrome插件</a></li>\r\n</ul>\r\n</div>\r\n<p><em>更多作品将陆续开源，敬请期待，也欢迎广大开发者加入我们，用微信扫描下面二维码关注我们。</em></p>\r\n<p><img src=\"http://www.zkea.net/Upload/Images/20160318/263801921375bdf2.jpg\" alt=\"\" width=\"258\" height=\"258\" /></p>',1,'~/images/09.jpg',NULL,1,'2016-11-16 21:20:56.590000','admin','ZKEASOFT','2016-03-10 21:05:32.213000','admin','ZKEASOFT','2016-11-16 21:20:56.590000'),(252,'ZKEASOFT','ZKEASOFT 提供优质的软件服务，现已完成上线的产品有EasyFrameWork开发框架，ZkeaCMS内容管理系统，我们坚持开源，开放原则，把软件服务做得更好。',NULL,NULL,NULL,3,NULL,'<div class=\"jumbotron\">\r\n<h1>关于ZKEASOFT</h1>\r\n<h3>ZKEASOFT&nbsp;提供优质的软件服务，我们坚持开源，开放原则，把软件服务做得更好。</h3>\r\n<h4>已开源作品：</h4>\r\n<ul>\r\n<li><a href=\"/easyframework\" target=\"_blank\">EasyFrameWork开发框架</a></li>\r\n<li><a href=\"/zkeacms\" target=\"_blank\">ZKEACMS内容管理系统</a></li>\r\n<li><a href=\"https://github.com/SeriaWei/BingWallpaper\" target=\"_blank\">下载必应（Bing）每天壁纸</a></li>\r\n<li><a href=\"http://code.taobao.org/p/UploadToTietuku/src/\" target=\"_blank\">贴图库Chrome插件</a></li>\r\n</ul>\r\n</div>\r\n<p><em>更多作品将陆续开源，敬请期待，也欢迎广大开发者加入我们，用微信扫描下面二维码关注我们。</em></p>\r\n<p><img src=\"http://www.zkea.net/Upload/Images/20160318/263801921375bdf2.jpg\" alt=\"\" width=\"258\" height=\"258\" /></p>',1,'~/images/09.jpg',NULL,1,'2016-11-17 21:20:56.590000','admin','ZKEASOFT','2016-03-10 21:05:32.213000','admin','ZKEASOFT','2016-11-17 21:20:56.590000'),(253,'ZKEASOFT','ZKEASOFT 提供优质的软件服务，现已完成上线的产品有EasyFrameWork开发框架，ZkeaCMS内容管理系统，我们坚持开源，开放原则，把软件服务做得更好。',NULL,NULL,NULL,3,NULL,'<div class=\"jumbotron\">\r\n<h1>关于ZKEASOFT</h1>\r\n<h3>ZKEASOFT&nbsp;提供优质的软件服务，我们坚持开源，开放原则，把软件服务做得更好。</h3>\r\n<h4>已开源作品：</h4>\r\n<ul>\r\n<li><a href=\"/easyframework\" target=\"_blank\">EasyFrameWork开发框架</a></li>\r\n<li><a href=\"/zkeacms\" target=\"_blank\">ZKEACMS内容管理系统</a></li>\r\n<li><a href=\"https://github.com/SeriaWei/BingWallpaper\" target=\"_blank\">下载必应（Bing）每天壁纸</a></li>\r\n<li><a href=\"http://code.taobao.org/p/UploadToTietuku/src/\" target=\"_blank\">贴图库Chrome插件</a></li>\r\n</ul>\r\n</div>\r\n<p><em>更多作品将陆续开源，敬请期待，也欢迎广大开发者加入我们，用微信扫描下面二维码关注我们。</em></p>\r\n<p><img src=\"http://www.zkea.net/Upload/Images/20160318/263801921375bdf2.jpg\" alt=\"\" width=\"258\" height=\"258\" /></p>',1,'~/images/09.jpg',NULL,1,'2016-11-18 21:20:56.590000','admin','ZKEASOFT','2016-03-10 21:05:32.213000','admin','ZKEASOFT','2016-11-18 21:20:56.590000'),(254,'ZKEASOFT','ZKEASOFT 提供优质的软件服务，现已完成上线的产品有EasyFrameWork开发框架，ZkeaCMS内容管理系统，我们坚持开源，开放原则，把软件服务做得更好。',NULL,NULL,NULL,3,NULL,'<div class=\"jumbotron\">\r\n<h1>关于ZKEASOFT</h1>\r\n<h3>ZKEASOFT&nbsp;提供优质的软件服务，我们坚持开源，开放原则，把软件服务做得更好。</h3>\r\n<h4>已开源作品：</h4>\r\n<ul>\r\n<li><a href=\"/easyframework\" target=\"_blank\">EasyFrameWork开发框架</a></li>\r\n<li><a href=\"/zkeacms\" target=\"_blank\">ZKEACMS内容管理系统</a></li>\r\n<li><a href=\"https://github.com/SeriaWei/BingWallpaper\" target=\"_blank\">下载必应（Bing）每天壁纸</a></li>\r\n<li><a href=\"http://code.taobao.org/p/UploadToTietuku/src/\" target=\"_blank\">贴图库Chrome插件</a></li>\r\n</ul>\r\n</div>\r\n<p><em>更多作品将陆续开源，敬请期待，也欢迎广大开发者加入我们，用微信扫描下面二维码关注我们。</em></p>\r\n<p><img src=\"http://www.zkea.net/Upload/Images/20160318/263801921375bdf2.jpg\" alt=\"\" width=\"258\" height=\"258\" /></p>',1,'~/images/09.jpg',NULL,1,'2016-11-19 21:20:56.590000','admin','ZKEASOFT','2016-03-10 21:05:32.213000','admin','ZKEASOFT','2016-11-19 21:20:56.590000'),(255,'ZKEASOFT','ZKEASOFT 提供优质的软件服务，现已完成上线的产品有EasyFrameWork开发框架，ZkeaCMS内容管理系统，我们坚持开源，开放原则，把软件服务做得更好。',NULL,NULL,NULL,3,NULL,'<div class=\"jumbotron\">\r\n<h1>关于ZKEASOFT</h1>\r\n<h3>ZKEASOFT&nbsp;提供优质的软件服务，我们坚持开源，开放原则，把软件服务做得更好。</h3>\r\n<h4>已开源作品：</h4>\r\n<ul>\r\n<li><a href=\"/easyframework\" target=\"_blank\">EasyFrameWork开发框架</a></li>\r\n<li><a href=\"/zkeacms\" target=\"_blank\">ZKEACMS内容管理系统</a></li>\r\n<li><a href=\"https://github.com/SeriaWei/BingWallpaper\" target=\"_blank\">下载必应（Bing）每天壁纸</a></li>\r\n<li><a href=\"http://code.taobao.org/p/UploadToTietuku/src/\" target=\"_blank\">贴图库Chrome插件</a></li>\r\n</ul>\r\n</div>\r\n<p><em>更多作品将陆续开源，敬请期待，也欢迎广大开发者加入我们，用微信扫描下面二维码关注我们。</em></p>\r\n<p><img src=\"http://www.zkea.net/Upload/Images/20160318/263801921375bdf2.jpg\" alt=\"\" width=\"258\" height=\"258\" /></p>',1,'~/images/09.jpg',NULL,1,'2016-11-20 21:20:56.590000','admin','ZKEASOFT','2016-03-10 21:05:32.213000','admin','ZKEASOFT','2016-11-20 21:20:56.590000'),(256,'ZKEASOFT','ZKEASOFT 提供优质的软件服务，现已完成上线的产品有EasyFrameWork开发框架，ZkeaCMS内容管理系统，我们坚持开源，开放原则，把软件服务做得更好。',NULL,NULL,NULL,3,NULL,'<div class=\"jumbotron\">\r\n<h1>关于ZKEASOFT</h1>\r\n<h3>ZKEASOFT&nbsp;提供优质的软件服务，我们坚持开源，开放原则，把软件服务做得更好。</h3>\r\n<h4>已开源作品：</h4>\r\n<ul>\r\n<li><a href=\"/easyframework\" target=\"_blank\">EasyFrameWork开发框架</a></li>\r\n<li><a href=\"/zkeacms\" target=\"_blank\">ZKEACMS内容管理系统</a></li>\r\n<li><a href=\"https://github.com/SeriaWei/BingWallpaper\" target=\"_blank\">下载必应（Bing）每天壁纸</a></li>\r\n<li><a href=\"http://code.taobao.org/p/UploadToTietuku/src/\" target=\"_blank\">贴图库Chrome插件</a></li>\r\n</ul>\r\n</div>\r\n<p><em>更多作品将陆续开源，敬请期待，也欢迎广大开发者加入我们，用微信扫描下面二维码关注我们。</em></p>\r\n<p><img src=\"http://www.zkea.net/Upload/Images/20160318/263801921375bdf2.jpg\" alt=\"\" width=\"258\" height=\"258\" /></p>',1,'~/images/09.jpg',NULL,1,'2016-11-21 21:20:56.590000','admin','ZKEASOFT','2016-03-10 21:05:32.213000','admin','ZKEASOFT','2016-11-21 21:20:56.590000'),(257,'ZKEASOFT','ZKEASOFT 提供优质的软件服务，现已完成上线的产品有EasyFrameWork开发框架，ZkeaCMS内容管理系统，我们坚持开源，开放原则，把软件服务做得更好。',NULL,NULL,NULL,3,NULL,'<div class=\"jumbotron\">\r\n<h1>关于ZKEASOFT</h1>\r\n<h3>ZKEASOFT&nbsp;提供优质的软件服务，我们坚持开源，开放原则，把软件服务做得更好。</h3>\r\n<h4>已开源作品：</h4>\r\n<ul>\r\n<li><a href=\"/easyframework\" target=\"_blank\">EasyFrameWork开发框架</a></li>\r\n<li><a href=\"/zkeacms\" target=\"_blank\">ZKEACMS内容管理系统</a></li>\r\n<li><a href=\"https://github.com/SeriaWei/BingWallpaper\" target=\"_blank\">下载必应（Bing）每天壁纸</a></li>\r\n<li><a href=\"http://code.taobao.org/p/UploadToTietuku/src/\" target=\"_blank\">贴图库Chrome插件</a></li>\r\n</ul>\r\n</div>\r\n<p><em>更多作品将陆续开源，敬请期待，也欢迎广大开发者加入我们，用微信扫描下面二维码关注我们。</em></p>\r\n<p><img src=\"http://www.zkea.net/Upload/Images/20160318/263801921375bdf2.jpg\" alt=\"\" width=\"258\" height=\"258\" /></p>',1,'~/images/09.jpg',NULL,1,'2016-11-22 21:20:56.590000','admin','ZKEASOFT','2016-03-10 21:05:32.213000','admin','ZKEASOFT','2016-11-22 21:20:56.590000'),(258,'ZKEASOFT','ZKEASOFT 提供优质的软件服务，现已完成上线的产品有EasyFrameWork开发框架，ZkeaCMS内容管理系统，我们坚持开源，开放原则，把软件服务做得更好。',NULL,NULL,NULL,3,NULL,'<div class=\"jumbotron\">\r\n<h1>关于ZKEASOFT</h1>\r\n<h3>ZKEASOFT&nbsp;提供优质的软件服务，我们坚持开源，开放原则，把软件服务做得更好。</h3>\r\n<h4>已开源作品：</h4>\r\n<ul>\r\n<li><a href=\"/easyframework\" target=\"_blank\">EasyFrameWork开发框架</a></li>\r\n<li><a href=\"/zkeacms\" target=\"_blank\">ZKEACMS内容管理系统</a></li>\r\n<li><a href=\"https://github.com/SeriaWei/BingWallpaper\" target=\"_blank\">下载必应（Bing）每天壁纸</a></li>\r\n<li><a href=\"http://code.taobao.org/p/UploadToTietuku/src/\" target=\"_blank\">贴图库Chrome插件</a></li>\r\n</ul>\r\n</div>\r\n<p><em>更多作品将陆续开源，敬请期待，也欢迎广大开发者加入我们，用微信扫描下面二维码关注我们。</em></p>\r\n<p><img src=\"http://www.zkea.net/Upload/Images/20160318/263801921375bdf2.jpg\" alt=\"\" width=\"258\" height=\"258\" /></p>',1,'~/images/09.jpg',NULL,1,'2016-11-23 21:20:56.590000','admin','ZKEASOFT','2016-03-10 21:05:32.213000','admin','ZKEASOFT','2016-11-23 21:20:56.590000'),(259,'ZKEASOFT','ZKEASOFT 提供优质的软件服务，现已完成上线的产品有EasyFrameWork开发框架，ZkeaCMS内容管理系统，我们坚持开源，开放原则，把软件服务做得更好。',NULL,NULL,NULL,3,NULL,'<div class=\"jumbotron\">\r\n<h1>关于ZKEASOFT</h1>\r\n<h3>ZKEASOFT&nbsp;提供优质的软件服务，我们坚持开源，开放原则，把软件服务做得更好。</h3>\r\n<h4>已开源作品：</h4>\r\n<ul>\r\n<li><a href=\"/easyframework\" target=\"_blank\">EasyFrameWork开发框架</a></li>\r\n<li><a href=\"/zkeacms\" target=\"_blank\">ZKEACMS内容管理系统</a></li>\r\n<li><a href=\"https://github.com/SeriaWei/BingWallpaper\" target=\"_blank\">下载必应（Bing）每天壁纸</a></li>\r\n<li><a href=\"http://code.taobao.org/p/UploadToTietuku/src/\" target=\"_blank\">贴图库Chrome插件</a></li>\r\n</ul>\r\n</div>\r\n<p><em>更多作品将陆续开源，敬请期待，也欢迎广大开发者加入我们，用微信扫描下面二维码关注我们。</em></p>\r\n<p><img src=\"http://www.zkea.net/Upload/Images/20160318/263801921375bdf2.jpg\" alt=\"\" width=\"258\" height=\"258\" /></p>',1,'~/images/09.jpg',NULL,1,'2016-11-24 21:20:56.590000','admin','ZKEASOFT','2016-03-10 21:05:32.213000','admin','ZKEASOFT','2016-11-24 21:20:56.590000'),(260,'ZKEASOFT','ZKEASOFT 提供优质的软件服务，现已完成上线的产品有EasyFrameWork开发框架，ZkeaCMS内容管理系统，我们坚持开源，开放原则，把软件服务做得更好。',NULL,NULL,NULL,3,NULL,'<div class=\"jumbotron\">\r\n<h1>关于ZKEASOFT</h1>\r\n<h3>ZKEASOFT&nbsp;提供优质的软件服务，我们坚持开源，开放原则，把软件服务做得更好。</h3>\r\n<h4>已开源作品：</h4>\r\n<ul>\r\n<li><a href=\"/easyframework\" target=\"_blank\">EasyFrameWork开发框架</a></li>\r\n<li><a href=\"/zkeacms\" target=\"_blank\">ZKEACMS内容管理系统</a></li>\r\n<li><a href=\"https://github.com/SeriaWei/BingWallpaper\" target=\"_blank\">下载必应（Bing）每天壁纸</a></li>\r\n<li><a href=\"http://code.taobao.org/p/UploadToTietuku/src/\" target=\"_blank\">贴图库Chrome插件</a></li>\r\n</ul>\r\n</div>\r\n<p><em>更多作品将陆续开源，敬请期待，也欢迎广大开发者加入我们，用微信扫描下面二维码关注我们。</em></p>\r\n<p><img src=\"http://www.zkea.net/Upload/Images/20160318/263801921375bdf2.jpg\" alt=\"\" width=\"258\" height=\"258\" /></p>',1,'~/images/09.jpg',NULL,1,'2016-11-25 21:20:56.590000','admin','ZKEASOFT','2016-03-10 21:05:32.213000','admin','ZKEASOFT','2016-11-25 21:20:56.590000'),(261,'ZKEASOFT','ZKEASOFT 提供优质的软件服务，现已完成上线的产品有EasyFrameWork开发框架，ZkeaCMS内容管理系统，我们坚持开源，开放原则，把软件服务做得更好。',NULL,NULL,NULL,3,NULL,'<div class=\"jumbotron\">\r\n<h1>关于ZKEASOFT</h1>\r\n<h3>ZKEASOFT&nbsp;提供优质的软件服务，我们坚持开源，开放原则，把软件服务做得更好。</h3>\r\n<h4>已开源作品：</h4>\r\n<ul>\r\n<li><a href=\"/easyframework\" target=\"_blank\">EasyFrameWork开发框架</a></li>\r\n<li><a href=\"/zkeacms\" target=\"_blank\">ZKEACMS内容管理系统</a></li>\r\n<li><a href=\"https://github.com/SeriaWei/BingWallpaper\" target=\"_blank\">下载必应（Bing）每天壁纸</a></li>\r\n<li><a href=\"http://code.taobao.org/p/UploadToTietuku/src/\" target=\"_blank\">贴图库Chrome插件</a></li>\r\n</ul>\r\n</div>\r\n<p><em>更多作品将陆续开源，敬请期待，也欢迎广大开发者加入我们，用微信扫描下面二维码关注我们。</em></p>\r\n<p><img src=\"http://www.zkea.net/Upload/Images/20160318/263801921375bdf2.jpg\" alt=\"\" width=\"258\" height=\"258\" /></p>',1,'~/images/09.jpg',NULL,1,'2016-11-26 21:20:56.590000','admin','ZKEASOFT','2016-03-10 21:05:32.213000','admin','ZKEASOFT','2016-11-26 21:20:56.590000'),(262,'ZKEASOFT','ZKEASOFT 提供优质的软件服务，现已完成上线的产品有EasyFrameWork开发框架，ZkeaCMS内容管理系统，我们坚持开源，开放原则，把软件服务做得更好。',NULL,NULL,NULL,3,NULL,'<div class=\"jumbotron\">\r\n<h1>关于ZKEASOFT</h1>\r\n<h3>ZKEASOFT&nbsp;提供优质的软件服务，我们坚持开源，开放原则，把软件服务做得更好。</h3>\r\n<h4>已开源作品：</h4>\r\n<ul>\r\n<li><a href=\"/easyframework\" target=\"_blank\">EasyFrameWork开发框架</a></li>\r\n<li><a href=\"/zkeacms\" target=\"_blank\">ZKEACMS内容管理系统</a></li>\r\n<li><a href=\"https://github.com/SeriaWei/BingWallpaper\" target=\"_blank\">下载必应（Bing）每天壁纸</a></li>\r\n<li><a href=\"http://code.taobao.org/p/UploadToTietuku/src/\" target=\"_blank\">贴图库Chrome插件</a></li>\r\n</ul>\r\n</div>\r\n<p><em>更多作品将陆续开源，敬请期待，也欢迎广大开发者加入我们，用微信扫描下面二维码关注我们。</em></p>\r\n<p><img src=\"http://www.zkea.net/Upload/Images/20160318/263801921375bdf2.jpg\" alt=\"\" width=\"258\" height=\"258\" /></p>',1,'~/images/09.jpg',NULL,1,'2016-11-27 21:20:56.590000','admin','ZKEASOFT','2016-03-10 21:05:32.213000','admin','ZKEASOFT','2016-11-27 21:20:56.590000'),(263,'ZKEASOFT','ZKEASOFT 提供优质的软件服务，现已完成上线的产品有EasyFrameWork开发框架，ZkeaCMS内容管理系统，我们坚持开源，开放原则，把软件服务做得更好。',NULL,NULL,NULL,3,NULL,'<div class=\"jumbotron\">\r\n<h1>关于ZKEASOFT</h1>\r\n<h3>ZKEASOFT&nbsp;提供优质的软件服务，我们坚持开源，开放原则，把软件服务做得更好。</h3>\r\n<h4>已开源作品：</h4>\r\n<ul>\r\n<li><a href=\"/easyframework\" target=\"_blank\">EasyFrameWork开发框架</a></li>\r\n<li><a href=\"/zkeacms\" target=\"_blank\">ZKEACMS内容管理系统</a></li>\r\n<li><a href=\"https://github.com/SeriaWei/BingWallpaper\" target=\"_blank\">下载必应（Bing）每天壁纸</a></li>\r\n<li><a href=\"http://code.taobao.org/p/UploadToTietuku/src/\" target=\"_blank\">贴图库Chrome插件</a></li>\r\n</ul>\r\n</div>\r\n<p><em>更多作品将陆续开源，敬请期待，也欢迎广大开发者加入我们，用微信扫描下面二维码关注我们。</em></p>\r\n<p><img src=\"http://www.zkea.net/Upload/Images/20160318/263801921375bdf2.jpg\" alt=\"\" width=\"258\" height=\"258\" /></p>',1,'~/images/09.jpg',NULL,1,'2016-11-28 21:20:56.590000','admin','ZKEASOFT','2016-03-10 21:05:32.213000','admin','ZKEASOFT','2016-11-28 21:20:56.590000'),(264,'ZKEASOFT','ZKEASOFT 提供优质的软件服务，现已完成上线的产品有EasyFrameWork开发框架，ZkeaCMS内容管理系统，我们坚持开源，开放原则，把软件服务做得更好。',NULL,NULL,NULL,3,NULL,'<div class=\"jumbotron\">\r\n<h1>关于ZKEASOFT</h1>\r\n<h3>ZKEASOFT&nbsp;提供优质的软件服务，我们坚持开源，开放原则，把软件服务做得更好。</h3>\r\n<h4>已开源作品：</h4>\r\n<ul>\r\n<li><a href=\"/easyframework\" target=\"_blank\">EasyFrameWork开发框架</a></li>\r\n<li><a href=\"/zkeacms\" target=\"_blank\">ZKEACMS内容管理系统</a></li>\r\n<li><a href=\"https://github.com/SeriaWei/BingWallpaper\" target=\"_blank\">下载必应（Bing）每天壁纸</a></li>\r\n<li><a href=\"http://code.taobao.org/p/UploadToTietuku/src/\" target=\"_blank\">贴图库Chrome插件</a></li>\r\n</ul>\r\n</div>\r\n<p><em>更多作品将陆续开源，敬请期待，也欢迎广大开发者加入我们，用微信扫描下面二维码关注我们。</em></p>\r\n<p><img src=\"http://www.zkea.net/Upload/Images/20160318/263801921375bdf2.jpg\" alt=\"\" width=\"258\" height=\"258\" /></p>',1,'~/images/09.jpg',NULL,1,'2016-11-29 21:20:56.590000','admin','ZKEASOFT','2016-03-10 21:05:32.213000','admin','ZKEASOFT','2016-11-29 21:20:56.590000'),(265,'ZKEASOFT','ZKEASOFT 提供优质的软件服务，现已完成上线的产品有EasyFrameWork开发框架，ZkeaCMS内容管理系统，我们坚持开源，开放原则，把软件服务做得更好。',NULL,NULL,NULL,3,NULL,'<div class=\"jumbotron\">\r\n<h1>关于ZKEASOFT</h1>\r\n<h3>ZKEASOFT&nbsp;提供优质的软件服务，我们坚持开源，开放原则，把软件服务做得更好。</h3>\r\n<h4>已开源作品：</h4>\r\n<ul>\r\n<li><a href=\"/easyframework\" target=\"_blank\">EasyFrameWork开发框架</a></li>\r\n<li><a href=\"/zkeacms\" target=\"_blank\">ZKEACMS内容管理系统</a></li>\r\n<li><a href=\"https://github.com/SeriaWei/BingWallpaper\" target=\"_blank\">下载必应（Bing）每天壁纸</a></li>\r\n<li><a href=\"http://code.taobao.org/p/UploadToTietuku/src/\" target=\"_blank\">贴图库Chrome插件</a></li>\r\n</ul>\r\n</div>\r\n<p><em>更多作品将陆续开源，敬请期待，也欢迎广大开发者加入我们，用微信扫描下面二维码关注我们。</em></p>\r\n<p><img src=\"http://www.zkea.net/Upload/Images/20160318/263801921375bdf2.jpg\" alt=\"\" width=\"258\" height=\"258\" /></p>',1,'~/images/09.jpg',NULL,1,'2016-11-30 21:20:56.590000','admin','ZKEASOFT','2016-03-10 21:05:32.213000','admin','ZKEASOFT','2016-11-30 21:20:56.590000'),(266,'ZKEASOFT','ZKEASOFT 提供优质的软件服务，现已完成上线的产品有EasyFrameWork开发框架，ZkeaCMS内容管理系统，我们坚持开源，开放原则，把软件服务做得更好。',NULL,NULL,NULL,3,NULL,'<div class=\"jumbotron\">\r\n<h1>关于ZKEASOFT</h1>\r\n<h3>ZKEASOFT&nbsp;提供优质的软件服务，我们坚持开源，开放原则，把软件服务做得更好。</h3>\r\n<h4>已开源作品：</h4>\r\n<ul>\r\n<li><a href=\"/easyframework\" target=\"_blank\">EasyFrameWork开发框架</a></li>\r\n<li><a href=\"/zkeacms\" target=\"_blank\">ZKEACMS内容管理系统</a></li>\r\n<li><a href=\"https://github.com/SeriaWei/BingWallpaper\" target=\"_blank\">下载必应（Bing）每天壁纸</a></li>\r\n<li><a href=\"http://code.taobao.org/p/UploadToTietuku/src/\" target=\"_blank\">贴图库Chrome插件</a></li>\r\n</ul>\r\n</div>\r\n<p><em>更多作品将陆续开源，敬请期待，也欢迎广大开发者加入我们，用微信扫描下面二维码关注我们。</em></p>\r\n<p><img src=\"http://www.zkea.net/Upload/Images/20160318/263801921375bdf2.jpg\" alt=\"\" width=\"258\" height=\"258\" /></p>',1,'~/images/09.jpg',NULL,1,'2016-12-01 21:20:56.590000','admin','ZKEASOFT','2016-03-10 21:05:32.213000','admin','ZKEASOFT','2016-12-01 21:20:56.590000'),(267,'ZKEASOFT','ZKEASOFT 提供优质的软件服务，现已完成上线的产品有EasyFrameWork开发框架，ZkeaCMS内容管理系统，我们坚持开源，开放原则，把软件服务做得更好。',NULL,NULL,NULL,3,NULL,'<div class=\"jumbotron\">\r\n<h1>关于ZKEASOFT</h1>\r\n<h3>ZKEASOFT&nbsp;提供优质的软件服务，我们坚持开源，开放原则，把软件服务做得更好。</h3>\r\n<h4>已开源作品：</h4>\r\n<ul>\r\n<li><a href=\"/easyframework\" target=\"_blank\">EasyFrameWork开发框架</a></li>\r\n<li><a href=\"/zkeacms\" target=\"_blank\">ZKEACMS内容管理系统</a></li>\r\n<li><a href=\"https://github.com/SeriaWei/BingWallpaper\" target=\"_blank\">下载必应（Bing）每天壁纸</a></li>\r\n<li><a href=\"http://code.taobao.org/p/UploadToTietuku/src/\" target=\"_blank\">贴图库Chrome插件</a></li>\r\n</ul>\r\n</div>\r\n<p><em>更多作品将陆续开源，敬请期待，也欢迎广大开发者加入我们，用微信扫描下面二维码关注我们。</em></p>\r\n<p><img src=\"http://www.zkea.net/Upload/Images/20160318/263801921375bdf2.jpg\" alt=\"\" width=\"258\" height=\"258\" /></p>',1,'~/images/09.jpg',NULL,1,'2016-12-02 21:20:56.590000','admin','ZKEASOFT','2016-03-10 21:05:32.213000','admin','ZKEASOFT','2016-12-02 21:20:56.590000'),(268,'ZKEASOFT','ZKEASOFT 提供优质的软件服务，现已完成上线的产品有EasyFrameWork开发框架，ZkeaCMS内容管理系统，我们坚持开源，开放原则，把软件服务做得更好。',NULL,NULL,NULL,3,NULL,'<div class=\"jumbotron\">\r\n<h1>关于ZKEASOFT</h1>\r\n<h3>ZKEASOFT&nbsp;提供优质的软件服务，我们坚持开源，开放原则，把软件服务做得更好。</h3>\r\n<h4>已开源作品：</h4>\r\n<ul>\r\n<li><a href=\"/easyframework\" target=\"_blank\">EasyFrameWork开发框架</a></li>\r\n<li><a href=\"/zkeacms\" target=\"_blank\">ZKEACMS内容管理系统</a></li>\r\n<li><a href=\"https://github.com/SeriaWei/BingWallpaper\" target=\"_blank\">下载必应（Bing）每天壁纸</a></li>\r\n<li><a href=\"http://code.taobao.org/p/UploadToTietuku/src/\" target=\"_blank\">贴图库Chrome插件</a></li>\r\n</ul>\r\n</div>\r\n<p><em>更多作品将陆续开源，敬请期待，也欢迎广大开发者加入我们，用微信扫描下面二维码关注我们。</em></p>\r\n<p><img src=\"http://www.zkea.net/Upload/Images/20160318/263801921375bdf2.jpg\" alt=\"\" width=\"258\" height=\"258\" /></p>',1,'~/images/09.jpg',NULL,1,'2016-12-03 21:20:56.590000','admin','ZKEASOFT','2016-03-10 21:05:32.213000','admin','ZKEASOFT','2016-12-03 21:20:56.590000'),(269,'ZKEASOFT','ZKEASOFT 提供优质的软件服务，现已完成上线的产品有EasyFrameWork开发框架，ZkeaCMS内容管理系统，我们坚持开源，开放原则，把软件服务做得更好。',NULL,NULL,1,3,NULL,'<div class=\"jumbotron\">\r\n<h1>关于ZKEASOFT</h1>\r\n<h3>ZKEASOFT&nbsp;提供优质的软件服务，我们坚持开源，开放原则，把软件服务做得更好。</h3>\r\n<h4>已开源作品：</h4>\r\n<ul>\r\n<li><a href=\"/easyframework\" target=\"_blank\">EasyFrameWork开发框架</a></li>\r\n<li><a href=\"/zkeacms\" target=\"_blank\">ZKEACMS内容管理系统</a></li>\r\n<li><a href=\"https://github.com/SeriaWei/BingWallpaper\" target=\"_blank\">下载必应（Bing）每天壁纸</a></li>\r\n<li><a href=\"http://code.taobao.org/p/UploadToTietuku/src/\" target=\"_blank\">贴图库Chrome插件</a></li>\r\n</ul>\r\n</div>\r\n<p><em>更多作品将陆续开源，敬请期待，也欢迎广大开发者加入我们，用微信扫描下面二维码关注我们。</em></p>\r\n<p><img src=\"http://www.zkea.net/Upload/Images/20160318/263801921375bdf2.jpg\" alt=\"\" width=\"258\" height=\"258\" /></p>',1,'~/images/09.jpg',NULL,1,'2016-12-04 21:20:56.590000','admin','ZKEASOFT','2016-03-10 21:05:32.213000','admin','ZKEASOFT','2017-10-15 16:51:31.730000'),(270,'ZKEASOFT','ZKEASOFT 提供优质的软件服务，现已完成上线的产品有EasyFrameWork开发框架，ZkeaCMS内容管理系统，我们坚持开源，开放原则，把软件服务做得更好。',NULL,NULL,NULL,3,NULL,'<div class=\"jumbotron\">\r\n<h1>关于ZKEASOFT</h1>\r\n<h3>ZKEASOFT&nbsp;提供优质的软件服务，我们坚持开源，开放原则，把软件服务做得更好。</h3>\r\n<h4>已开源作品：</h4>\r\n<ul>\r\n<li><a href=\"/easyframework\" target=\"_blank\">EasyFrameWork开发框架</a></li>\r\n<li><a href=\"/zkeacms\" target=\"_blank\">ZKEACMS内容管理系统</a></li>\r\n<li><a href=\"https://github.com/SeriaWei/BingWallpaper\" target=\"_blank\">下载必应（Bing）每天壁纸</a></li>\r\n<li><a href=\"http://code.taobao.org/p/UploadToTietuku/src/\" target=\"_blank\">贴图库Chrome插件</a></li>\r\n</ul>\r\n</div>\r\n<p><em>更多作品将陆续开源，敬请期待，也欢迎广大开发者加入我们，用微信扫描下面二维码关注我们。</em></p>\r\n<p><img src=\"http://www.zkea.net/Upload/Images/20160318/263801921375bdf2.jpg\" alt=\"\" width=\"258\" height=\"258\" /></p>',1,'~/images/09.jpg',NULL,1,'2016-12-05 21:20:56.590000','admin','ZKEASOFT','2016-03-10 21:05:32.213000','admin','ZKEASOFT','2016-12-05 21:20:56.590000'),(271,'ZKEASOFT','ZKEASOFT 提供优质的软件服务，现已完成上线的产品有EasyFrameWork开发框架，ZkeaCMS内容管理系统，我们坚持开源，开放原则，把软件服务做得更好。',NULL,NULL,3,3,NULL,'<div class=\"jumbotron\">\r\n<h1>关于ZKEASOFT</h1>\r\n<h3>ZKEASOFT&nbsp;提供优质的软件服务，我们坚持开源，开放原则，把软件服务做得更好。</h3>\r\n<h4>已开源作品：</h4>\r\n<ul>\r\n<li><a href=\"/easyframework\" target=\"_blank\">EasyFrameWork开发框架</a></li>\r\n<li><a href=\"/zkeacms\" target=\"_blank\">ZKEACMS内容管理系统</a></li>\r\n<li><a href=\"https://github.com/SeriaWei/BingWallpaper\" target=\"_blank\">下载必应（Bing）每天壁纸</a></li>\r\n<li><a href=\"http://code.taobao.org/p/UploadToTietuku/src/\" target=\"_blank\">贴图库Chrome插件</a></li>\r\n</ul>\r\n</div>\r\n<p><em>更多作品将陆续开源，敬请期待，也欢迎广大开发者加入我们，用微信扫描下面二维码关注我们。</em></p>\r\n<p><img src=\"http://www.zkea.net/Upload/Images/20160318/263801921375bdf2.jpg\" alt=\"\" width=\"258\" height=\"258\" /></p>',1,'~/images/09.jpg',NULL,1,'2016-12-06 21:20:56.590000','admin','ZKEASOFT','2016-03-10 21:05:32.213000','admin','ZKEASOFT','2017-11-17 15:38:52.067000');
/*!40000 ALTER TABLE `article` ENABLE KEYS */;
UNLOCK TABLES;

--
-- Table structure for table `articledetailwidget`
--

DROP TABLE IF EXISTS `articledetailwidget`;
/*!40101 SET @saved_cs_client     = @@character_set_client */;
/*!40101 SET character_set_client = utf8 */;
CREATE TABLE `articledetailwidget` (
  `ID` varchar(100) NOT NULL,
  `CustomerClass` varchar(255) DEFAULT NULL,
  PRIMARY KEY (`ID`),
  CONSTRAINT `FK_ArticleDetailWidget_Widget` FOREIGN KEY (`ID`) REFERENCES `cms_widgetbase` (`ID`) ON DELETE NO ACTION ON UPDATE NO ACTION
) ENGINE=InnoDB DEFAULT CHARSET=utf8;
/*!40101 SET character_set_client = @saved_cs_client */;

--
-- Dumping data for table `articledetailwidget`
--

LOCK TABLES `articledetailwidget` WRITE;
/*!40000 ALTER TABLE `articledetailwidget` DISABLE KEYS */;
INSERT INTO `articledetailwidget` VALUES ('546218739ff04231b769734b3d91a398',NULL),('e8fd1019bab045e5927ec30abaaa1aba',NULL);
/*!40000 ALTER TABLE `articledetailwidget` ENABLE KEYS */;
UNLOCK TABLES;

--
-- Table structure for table `articlelistwidget`
--

DROP TABLE IF EXISTS `articlelistwidget`;
/*!40101 SET @saved_cs_client     = @@character_set_client */;
/*!40101 SET character_set_client = utf8 */;
CREATE TABLE `articlelistwidget` (
  `ID` varchar(100) NOT NULL,
  `ArticleTypeID` int(11) DEFAULT NULL,
  `DetailPageUrl` varchar(255) DEFAULT NULL,
  `IsPageable` tinyint(1) NOT NULL,
  `PageSize` int(11) DEFAULT NULL,
  PRIMARY KEY (`ID`),
  CONSTRAINT `FK_ArticleListWidget_Widget` FOREIGN KEY (`ID`) REFERENCES `cms_widgetbase` (`ID`) ON DELETE NO ACTION ON UPDATE NO ACTION
) ENGINE=InnoDB DEFAULT CHARSET=utf8;
/*!40101 SET character_set_client = @saved_cs_client */;

--
-- Dumping data for table `articlelistwidget`
--

LOCK TABLES `articlelistwidget` WRITE;
/*!40000 ALTER TABLE `articlelistwidget` DISABLE KEYS */;
INSERT INTO `articlelistwidget` VALUES ('416c5402962b41548c83fabaa5492b42',1,'~/article/detail',1,5),('ca9f8809636d448cbd4f3beb418465b3',1,'~/article/detail',1,5);
/*!40000 ALTER TABLE `articlelistwidget` ENABLE KEYS */;
UNLOCK TABLES;

--
-- Table structure for table `articlesummarywidget`
--

DROP TABLE IF EXISTS `articlesummarywidget`;
/*!40101 SET @saved_cs_client     = @@character_set_client */;
/*!40101 SET character_set_client = utf8 */;
CREATE TABLE `articlesummarywidget` (
  `ID` varchar(100) NOT NULL,
  `SubTitle` varchar(255) DEFAULT NULL,
  `Style` varchar(255) DEFAULT NULL,
  `DetailLink` varchar(255) DEFAULT NULL,
  `Summary` longtext,
  PRIMARY KEY (`ID`),
  CONSTRAINT `FK_ArticleSummaryWidget_Widget` FOREIGN KEY (`ID`) REFERENCES `cms_widgetbase` (`ID`) ON DELETE NO ACTION ON UPDATE NO ACTION
) ENGINE=InnoDB DEFAULT CHARSET=utf8;
/*!40101 SET character_set_client = @saved_cs_client */;

--
-- Dumping data for table `articlesummarywidget`
--

LOCK TABLES `articlesummarywidget` WRITE;
/*!40000 ALTER TABLE `articlesummarywidget` DISABLE KEYS */;
INSERT INTO `articlesummarywidget` VALUES ('8c5b69f614b641c0a5f7a8e318de8df3','ZKEACMS 简介','bs-callout-default','https://github.com/SeriaWei/ZKEACMS.Core','<p><a href=\"https://github.com/SeriaWei/ASP.NET-MVC-CMS\" target=\"_blank\" rel=\"noopener\">ZKEACMS</a> Core 是基于.Net Core开发的开源CMS，在您开始使用之前，为了保障您的权益，请先查看我们的开源协议<a href=\"http://www.zkea.net/licenses\" target=\"_blank\" rel=\"noopener\">http://www.zkea.net/licenses</a>。</p>\r\n<p>ZKEACMS是一个内容管理软件，ZKEACMS的主旨在于快速创建页面和自定义页面内容。无论您是专业的开发人员还是普通的用户，都可以快速上手使用ZKEACMS。</p>\r\n<p>ZKEACMS使用可视化编辑设计，所见即所得，可直接在页面上设计你要的页面。</p>\r\n<p>架设环境：.Net Core 2.0</p>\r\n<h3>旗舰版</h3>\r\n<p>体验地址：<a href=\"http://demo.zkea.net\" target=\"_blank\" rel=\"noopener\">http://demo.zkea.net</a></p>\r\n<h3>建站系统</h3>\r\n<p>基于ZKEACMS的云建站系统</p>\r\n<p><a href=\"http://www.zkea.net/cloud\" target=\"_blank\" rel=\"noopener\">http://www.zkea.net/cloud</a></p>\r\n<p></p>'),('cd21a7bf68b44f6e8d178b153288a26e','ZKEACMS 简介','bs-callout-default','https://github.com/SeriaWei/ZKEACMS.Core','<p><a href=\"https://github.com/SeriaWei/ASP.NET-MVC-CMS\" target=\"_blank\" rel=\"noopener\">ZKEACMS</a> Core 是基于.Net Core开发的开源CMS，在您开始使用之前，为了保障您的权益，请先查看我们的开源协议<a href=\"http://www.zkea.net/licenses\" target=\"_blank\" rel=\"noopener\">http://www.zkea.net/licenses</a>。</p>\r\n<p>ZKEACMS是一个内容管理软件，ZKEACMS的主旨在于快速创建页面和自定义页面内容。无论您是专业的开发人员还是普通的用户，都可以快速上手使用ZKEACMS。</p>\r\n<p>ZKEACMS使用可视化编辑设计，所见即所得，可直接在页面上设计你要的页面。</p>\r\n<p>架设环境：.Net Core 2.0</p>\r\n<h3>旗舰版</h3>\r\n<p>体验地址：<a href=\"http://demo.zkea.net\" target=\"_blank\" rel=\"noopener\">http://demo.zkea.net</a></p>\r\n<h3>建站系统</h3>\r\n<p>基于ZKEACMS的云建站系统</p>\r\n<p><a href=\"http://www.zkea.net/cloud\" target=\"_blank\" rel=\"noopener\">http://www.zkea.net/cloud</a></p>\r\n<p></p>');
/*!40000 ALTER TABLE `articlesummarywidget` ENABLE KEYS */;
UNLOCK TABLES;

--
-- Table structure for table `articletopwidget`
--

DROP TABLE IF EXISTS `articletopwidget`;
/*!40101 SET @saved_cs_client     = @@character_set_client */;
/*!40101 SET character_set_client = utf8 */;
CREATE TABLE `articletopwidget` (
  `ID` varchar(100) NOT NULL,
  `ArticleTypeID` int(11) DEFAULT NULL,
  `Tops` int(11) DEFAULT NULL,
  `SubTitle` varchar(255) DEFAULT NULL,
  `MoreLink` varchar(255) DEFAULT NULL,
  `DetailPageUrl` varchar(255) DEFAULT NULL,
  PRIMARY KEY (`ID`),
  CONSTRAINT `FK_ArticleTopWidget_Widget` FOREIGN KEY (`ID`) REFERENCES `cms_widgetbase` (`ID`) ON DELETE NO ACTION ON UPDATE NO ACTION
) ENGINE=InnoDB DEFAULT CHARSET=utf8;
/*!40101 SET character_set_client = @saved_cs_client */;

--
-- Dumping data for table `articletopwidget`
--

LOCK TABLES `articletopwidget` WRITE;
/*!40000 ALTER TABLE `articletopwidget` DISABLE KEYS */;
/*!40000 ALTER TABLE `articletopwidget` ENABLE KEYS */;
UNLOCK TABLES;

--
-- Table structure for table `articletype`
--

DROP TABLE IF EXISTS `articletype`;
/*!40101 SET @saved_cs_client     = @@character_set_client */;
/*!40101 SET character_set_client = utf8 */;
CREATE TABLE `articletype` (
  `ID` int(11) NOT NULL AUTO_INCREMENT,
  `Title` varchar(255) DEFAULT NULL,
  `Description` varchar(255) DEFAULT NULL,
  `ParentID` int(11) DEFAULT NULL,
  `Status` int(11) DEFAULT NULL,
  `CreateBy` varchar(50) DEFAULT NULL,
  `CreatebyName` varchar(100) DEFAULT NULL,
  `CreateDate` datetime(6) DEFAULT NULL,
  `LastUpdateBy` varchar(50) DEFAULT NULL,
  `LastUpdateByName` varchar(100) DEFAULT NULL,
  `LastUpdateDate` datetime(6) DEFAULT NULL,
  PRIMARY KEY (`ID`)
) ENGINE=InnoDB AUTO_INCREMENT=4 DEFAULT CHARSET=utf8;
/*!40101 SET character_set_client = @saved_cs_client */;

--
-- Dumping data for table `articletype`
--

LOCK TABLES `articletype` WRITE;
/*!40000 ALTER TABLE `articletype` DISABLE KEYS */;
INSERT INTO `articletype` VALUES (1,'新闻',NULL,0,1,'admin','ZKEASOFT','2016-03-10 13:50:18.000000','admin','ZKEASOFT','2017-10-15 18:18:33.430000'),(2,'公司新闻',NULL,1,1,'admin','ZKEASOFT','2016-03-10 13:50:24.000000','admin','ZKEASOFT','2017-10-15 18:18:39.733000'),(3,'行业新闻',NULL,1,1,'admin','ZKEASOFT','2016-03-10 13:50:29.000000','admin','ZKEASOFT','2017-10-15 18:18:46.063000');
/*!40000 ALTER TABLE `articletype` ENABLE KEYS */;
UNLOCK TABLES;

--
-- Table structure for table `articletypewidget`
--

DROP TABLE IF EXISTS `articletypewidget`;
/*!40101 SET @saved_cs_client     = @@character_set_client */;
/*!40101 SET character_set_client = utf8 */;
CREATE TABLE `articletypewidget` (
  `ID` varchar(100) NOT NULL,
  `ArticleTypeID` int(11) DEFAULT NULL,
  `TargetPage` varchar(255) DEFAULT NULL,
  PRIMARY KEY (`ID`),
  KEY `FK_ArticleTypeWidget_ArticleType` (`ArticleTypeID`),
  CONSTRAINT `FK_ArticleTypeWidget_ArticleType` FOREIGN KEY (`ArticleTypeID`) REFERENCES `articletype` (`ID`) ON DELETE NO ACTION ON UPDATE NO ACTION,
  CONSTRAINT `FK_ArticleTypeWidget_Widget` FOREIGN KEY (`ID`) REFERENCES `cms_widgetbase` (`ID`) ON DELETE NO ACTION ON UPDATE NO ACTION
) ENGINE=InnoDB DEFAULT CHARSET=utf8;
/*!40101 SET character_set_client = @saved_cs_client */;

--
-- Dumping data for table `articletypewidget`
--

LOCK TABLES `articletypewidget` WRITE;
/*!40000 ALTER TABLE `articletypewidget` DISABLE KEYS */;
INSERT INTO `articletypewidget` VALUES ('8df64186d2fd4d63a9f9bb3b6e34cd2a',1,NULL),('de8d94fd51cb4e73b00518dbb2f134d3',1,NULL);
/*!40000 ALTER TABLE `articletypewidget` ENABLE KEYS */;
UNLOCK TABLES;

--
-- Table structure for table `basket`
--

DROP TABLE IF EXISTS `basket`;
/*!40101 SET @saved_cs_client     = @@character_set_client */;
/*!40101 SET character_set_client = utf8 */;
CREATE TABLE `basket` (
  `ID` int(11) NOT NULL AUTO_INCREMENT,
  `UserId` varchar(50) NOT NULL,
  `ImageUrl` varchar(500) NOT NULL,
  `Quantity` int(11) NOT NULL,
  `Price` decimal(18,4) NOT NULL,
  `ProductId` int(11) NOT NULL,
  `PromoCode` varchar(50) DEFAULT NULL,
  `Title` varchar(200) NOT NULL,
  `Description` varchar(500) DEFAULT NULL,
  `Status` int(11) DEFAULT NULL,
  `CreateBy` varchar(50) DEFAULT NULL,
  `CreatebyName` varchar(100) DEFAULT NULL,
  `CreateDate` datetime(6) DEFAULT NULL,
  `LastUpdateBy` varchar(50) DEFAULT NULL,
  `LastUpdateByName` varchar(100) DEFAULT NULL,
  `LastUpdateDate` datetime(6) DEFAULT NULL,
  PRIMARY KEY (`ID`)
) ENGINE=InnoDB DEFAULT CHARSET=utf8;
/*!40101 SET character_set_client = @saved_cs_client */;

--
-- Dumping data for table `basket`
--

LOCK TABLES `basket` WRITE;
/*!40000 ALTER TABLE `basket` DISABLE KEYS */;
/*!40000 ALTER TABLE `basket` ENABLE KEYS */;
UNLOCK TABLES;

--
-- Table structure for table `carousel`
--

DROP TABLE IF EXISTS `carousel`;
/*!40101 SET @saved_cs_client     = @@character_set_client */;
/*!40101 SET character_set_client = utf8 */;
CREATE TABLE `carousel` (
  `ID` int(11) NOT NULL AUTO_INCREMENT,
  `Title` varchar(255) DEFAULT NULL,
  `Height` int(11) DEFAULT NULL,
  `Description` varchar(255) DEFAULT NULL,
  `Status` int(11) DEFAULT NULL,
  `CreateBy` varchar(50) DEFAULT NULL,
  `CreatebyName` varchar(100) DEFAULT NULL,
  `CreateDate` datetime(6) DEFAULT NULL,
  `LastUpdateBy` varchar(50) DEFAULT NULL,
  `LastUpdateByName` varchar(100) DEFAULT NULL,
  `LastUpdateDate` datetime(6) DEFAULT NULL,
  PRIMARY KEY (`ID`)
) ENGINE=InnoDB AUTO_INCREMENT=2 DEFAULT CHARSET=utf8;
/*!40101 SET character_set_client = @saved_cs_client */;

--
-- Dumping data for table `carousel`
--

LOCK TABLES `carousel` WRITE;
/*!40000 ALTER TABLE `carousel` DISABLE KEYS */;
INSERT INTO `carousel` VALUES (1,'示例',NULL,NULL,1,'admin','ZKEASOFT','2016-03-27 15:14:17.203000','admin','ZKEASOFT','2016-03-27 15:17:54.050000');
/*!40000 ALTER TABLE `carousel` ENABLE KEYS */;
UNLOCK TABLES;

--
-- Table structure for table `carouselitem`
--

DROP TABLE IF EXISTS `carouselitem`;
/*!40101 SET @saved_cs_client     = @@character_set_client */;
/*!40101 SET character_set_client = utf8 */;
CREATE TABLE `carouselitem` (
  `ID` int(11) NOT NULL AUTO_INCREMENT,
  `Title` varchar(255) DEFAULT NULL,
  `CarouselID` int(11) DEFAULT NULL,
  `CarouselWidgetID` varchar(100) DEFAULT NULL,
  `TargetLink` varchar(255) DEFAULT NULL,
  `ImageUrl` varchar(255) DEFAULT NULL,
  `Description` varchar(255) DEFAULT NULL,
  `Status` int(11) DEFAULT NULL,
  `CreateBy` varchar(50) DEFAULT NULL,
  `CreatebyName` varchar(100) DEFAULT NULL,
  `CreateDate` datetime(6) DEFAULT NULL,
  `LastUpdateBy` varchar(50) DEFAULT NULL,
  `LastUpdateByName` varchar(100) DEFAULT NULL,
  `LastUpdateDate` datetime(6) DEFAULT NULL,
  PRIMARY KEY (`ID`),
  KEY `FK_CarouselItem_CarouselWidget` (`CarouselWidgetID`),
  CONSTRAINT `FK_CarouselItem_CarouselWidget` FOREIGN KEY (`CarouselWidgetID`) REFERENCES `carouselwidget` (`ID`) ON DELETE NO ACTION ON UPDATE NO ACTION
) ENGINE=InnoDB AUTO_INCREMENT=4 DEFAULT CHARSET=utf8;
/*!40101 SET character_set_client = @saved_cs_client */;

--
-- Dumping data for table `carouselitem`
--

LOCK TABLES `carouselitem` WRITE;
/*!40000 ALTER TABLE `carouselitem` DISABLE KEYS */;
INSERT INTO `carouselitem` VALUES (1,'图1',1,NULL,'http://www.zkea.net/zkeacms/donate','~/images/bg1.jpg',NULL,1,'admin','ZKEASOFT','2016-03-27 15:14:17.217000','admin','ZKEASOFT','2016-03-27 15:17:54.053000'),(2,'图2',1,NULL,'http://www.zkea.net/zkeacms/donate','~/images/bg2.jpg',NULL,1,'admin','ZKEASOFT','2016-03-27 15:14:17.570000','admin','ZKEASOFT','2016-03-27 15:17:54.420000'),(3,'图3',1,NULL,'http://www.zkea.net/zkeacms/donate','~/images/bg3.jpg',NULL,1,'admin','ZKEASOFT','2016-03-27 15:14:17.573000','admin','ZKEASOFT','2016-03-27 15:17:54.433000');
/*!40000 ALTER TABLE `carouselitem` ENABLE KEYS */;
UNLOCK TABLES;

--
-- Table structure for table `carouselwidget`
--

DROP TABLE IF EXISTS `carouselwidget`;
/*!40101 SET @saved_cs_client     = @@character_set_client */;
/*!40101 SET character_set_client = utf8 */;
CREATE TABLE `carouselwidget` (
  `ID` varchar(100) NOT NULL,
  `CarouselID` int(11) DEFAULT NULL,
  PRIMARY KEY (`ID`),
  KEY `FK_CarouselWidget_Carousel` (`CarouselID`),
  CONSTRAINT `FK_CarouselWidget_Carousel` FOREIGN KEY (`CarouselID`) REFERENCES `carousel` (`ID`) ON DELETE NO ACTION ON UPDATE NO ACTION,
  CONSTRAINT `FK_CarouselWidget_Widget` FOREIGN KEY (`ID`) REFERENCES `cms_widgetbase` (`ID`) ON DELETE NO ACTION ON UPDATE NO ACTION
) ENGINE=InnoDB DEFAULT CHARSET=utf8;
/*!40101 SET character_set_client = @saved_cs_client */;

--
-- Dumping data for table `carouselwidget`
--

LOCK TABLES `carouselwidget` WRITE;
/*!40000 ALTER TABLE `carouselwidget` DISABLE KEYS */;
INSERT INTO `carouselwidget` VALUES ('19350341920b4827bf2a4e458ad24a58',1),('41e075ab1b89453388494a539eec55b9',1);
/*!40000 ALTER TABLE `carouselwidget` ENABLE KEYS */;
UNLOCK TABLES;

--
-- Table structure for table `cms_layout`
--

DROP TABLE IF EXISTS `cms_layout`;
/*!40101 SET @saved_cs_client     = @@character_set_client */;
/*!40101 SET character_set_client = utf8 */;
CREATE TABLE `cms_layout` (
  `ID` varchar(100) NOT NULL,
  `LayoutName` varchar(255) DEFAULT NULL,
  `Title` varchar(255) DEFAULT NULL,
  `ContainerClass` varchar(255) DEFAULT NULL,
  `Status` int(11) DEFAULT NULL,
  `Description` longtext,
  `Script` varchar(255) DEFAULT NULL,
  `Style` varchar(255) DEFAULT NULL,
  `CreateBy` varchar(50) DEFAULT NULL,
  `CreatebyName` varchar(100) DEFAULT NULL,
  `CreateDate` datetime(6) DEFAULT NULL,
  `LastUpdateBy` varchar(50) DEFAULT NULL,
  `LastUpdateByName` varchar(100) DEFAULT NULL,
  `LastUpdateDate` datetime(6) DEFAULT NULL,
  `ImageUrl` varchar(255) DEFAULT NULL,
  `ImageThumbUrl` varchar(255) DEFAULT NULL,
  `Theme` varchar(255) DEFAULT NULL,
  PRIMARY KEY (`ID`)
) ENGINE=InnoDB DEFAULT CHARSET=utf8;
/*!40101 SET character_set_client = @saved_cs_client */;

--
-- Dumping data for table `cms_layout`
--

LOCK TABLES `cms_layout` WRITE;
/*!40000 ALTER TABLE `cms_layout` DISABLE KEYS */;
INSERT INTO `cms_layout` VALUES ('0846a33e56bf45d5aae602ef40d87444','其它',NULL,'container',1,NULL,NULL,NULL,'admin','ZKEASOFT','2016-03-10 21:06:44.200000','admin','ZKEASOFT','2016-03-10 21:06:44.200000','~/images/layout.jpg','~/images/layout.jpg','Default'),('1dae90cf6a8547538cc0c369b9943c01','默认',NULL,'container',1,NULL,NULL,NULL,'admin',NULL,'2015-08-31 11:56:31.750000','admin',NULL,'2015-08-31 11:56:31.750000','~/images/layout.jpg','~/images/layout.jpg','Default');
/*!40000 ALTER TABLE `cms_layout` ENABLE KEYS */;
UNLOCK TABLES;

--
-- Table structure for table `cms_layouthtml`
--

DROP TABLE IF EXISTS `cms_layouthtml`;
/*!40101 SET @saved_cs_client     = @@character_set_client */;
/*!40101 SET character_set_client = utf8 */;
CREATE TABLE `cms_layouthtml` (
  `LayoutHtmlId` int(11) NOT NULL AUTO_INCREMENT,
  `LayoutId` varchar(100) NOT NULL,
  `Html` longtext,
  `CreateBy` varchar(50) DEFAULT NULL,
  `CreatebyName` varchar(100) DEFAULT NULL,
  `CreateDate` datetime(6) DEFAULT NULL,
  `LastUpdateBy` varchar(50) DEFAULT NULL,
  `LastUpdateByName` varchar(100) DEFAULT NULL,
  `LastUpdateDate` datetime(6) DEFAULT NULL,
  PRIMARY KEY (`LayoutHtmlId`),
  KEY `FK_CMS_LayoutHtml_CMS_Layout` (`LayoutId`),
  CONSTRAINT `FK_CMS_LayoutHtml_CMS_Layout` FOREIGN KEY (`LayoutId`) REFERENCES `cms_layout` (`ID`) ON DELETE NO ACTION ON UPDATE NO ACTION
) ENGINE=InnoDB AUTO_INCREMENT=219 DEFAULT CHARSET=utf8;
/*!40101 SET character_set_client = @saved_cs_client */;

--
-- Dumping data for table `cms_layouthtml`
--

LOCK TABLES `cms_layouthtml` WRITE;
/*!40000 ALTER TABLE `cms_layouthtml` DISABLE KEYS */;
INSERT INTO `cms_layouthtml` VALUES (127,'0846a33e56bf45d5aae602ef40d87444','<div class=\"container main\"><div class=\"additional row\"><div class=\"additional col-md-12\"><div class=\"colContent row\"><div class=\"additional zone\">','admin','ZKEASOFT','2016-05-14 15:01:53.283000','admin','ZKEASOFT','2016-05-14 15:01:53.283000'),(128,'0846a33e56bf45d5aae602ef40d87444','<zone>','admin','ZKEASOFT','2016-05-14 15:01:53.293000','admin','ZKEASOFT','2016-05-14 15:01:53.293000'),(129,'0846a33e56bf45d5aae602ef40d87444','be7a1e6a999b4264aab2b5ac593909a8','admin','ZKEASOFT','2016-05-14 15:01:53.297000','admin','ZKEASOFT','2016-05-14 15:01:53.297000'),(130,'0846a33e56bf45d5aae602ef40d87444','</zone>','admin','ZKEASOFT','2016-05-14 15:01:53.300000','admin','ZKEASOFT','2016-05-14 15:01:53.300000'),(131,'0846a33e56bf45d5aae602ef40d87444','</div></div></div></div><div class=\"additional row\"><div class=\"additional col-md-12\"><div class=\"colContent row\"><div class=\"additional zone\">','admin','ZKEASOFT','2016-05-14 15:01:53.303000','admin','ZKEASOFT','2016-05-14 15:01:53.303000'),(132,'0846a33e56bf45d5aae602ef40d87444','<zone>','admin','ZKEASOFT','2016-05-14 15:01:53.303000','admin','ZKEASOFT','2016-05-14 15:01:53.303000'),(133,'0846a33e56bf45d5aae602ef40d87444','6bba8443507f4273b2b61048f7c71f40','admin','ZKEASOFT','2016-05-14 15:01:53.307000','admin','ZKEASOFT','2016-05-14 15:01:53.307000'),(134,'0846a33e56bf45d5aae602ef40d87444','</zone>','admin','ZKEASOFT','2016-05-14 15:01:53.307000','admin','ZKEASOFT','2016-05-14 15:01:53.307000'),(135,'0846a33e56bf45d5aae602ef40d87444','</div></div></div></div><div class=\"additional row\"><div class=\"additional col-md-8\"><div class=\"colContent row\"><div class=\"additional zone\">','admin','ZKEASOFT','2016-05-14 15:01:53.307000','admin','ZKEASOFT','2016-05-14 15:01:53.307000'),(136,'0846a33e56bf45d5aae602ef40d87444','<zone>','admin','ZKEASOFT','2016-05-14 15:01:53.310000','admin','ZKEASOFT','2016-05-14 15:01:53.310000'),(137,'0846a33e56bf45d5aae602ef40d87444','c7bcd0a9d172432bafbf9f5a986685f2','admin','ZKEASOFT','2016-05-14 15:01:53.310000','admin','ZKEASOFT','2016-05-14 15:01:53.310000'),(138,'0846a33e56bf45d5aae602ef40d87444','</zone>','admin','ZKEASOFT','2016-05-14 15:01:53.310000','admin','ZKEASOFT','2016-05-14 15:01:53.310000'),(139,'0846a33e56bf45d5aae602ef40d87444','</div></div></div><div class=\"additional col-md-4\"><div class=\"colContent row\"><div class=\"additional zone\">','admin','ZKEASOFT','2016-05-14 15:01:53.313000','admin','ZKEASOFT','2016-05-14 15:01:53.313000'),(140,'0846a33e56bf45d5aae602ef40d87444','<zone>','admin','ZKEASOFT','2016-05-14 15:01:53.317000','admin','ZKEASOFT','2016-05-14 15:01:53.317000'),(141,'0846a33e56bf45d5aae602ef40d87444','85b6e66b7b3345e9a482af084da307d3','admin','ZKEASOFT','2016-05-14 15:01:53.317000','admin','ZKEASOFT','2016-05-14 15:01:53.317000'),(142,'0846a33e56bf45d5aae602ef40d87444','</zone>','admin','ZKEASOFT','2016-05-14 15:01:53.317000','admin','ZKEASOFT','2016-05-14 15:01:53.317000'),(143,'0846a33e56bf45d5aae602ef40d87444','</div></div></div></div><div class=\"additional row\"><div class=\"additional col-md-12\"><div class=\"colContent row\"><div class=\"additional zone\">','admin','ZKEASOFT','2016-05-14 15:01:53.320000','admin','ZKEASOFT','2016-05-14 15:01:53.320000'),(144,'0846a33e56bf45d5aae602ef40d87444','<zone>','admin','ZKEASOFT','2016-05-14 15:01:53.320000','admin','ZKEASOFT','2016-05-14 15:01:53.320000'),(145,'0846a33e56bf45d5aae602ef40d87444','1c232c2d572f415082e74771e37e3580','admin','ZKEASOFT','2016-05-14 15:01:53.320000','admin','ZKEASOFT','2016-05-14 15:01:53.320000'),(146,'0846a33e56bf45d5aae602ef40d87444','</zone>','admin','ZKEASOFT','2016-05-14 15:01:53.320000','admin','ZKEASOFT','2016-05-14 15:01:53.320000'),(147,'0846a33e56bf45d5aae602ef40d87444','</div></div></div></div></div>','admin','ZKEASOFT','2016-05-14 15:01:53.323000','admin','ZKEASOFT','2016-05-14 15:01:53.323000'),(198,'1dae90cf6a8547538cc0c369b9943c01','<div class=\"main custom-style container\" style=\"\"><div class=\"additional row\"><div class=\"additional col-md-12\"><div class=\"colContent row\"><div class=\"additional zone\">','admin','ZKEASOFT','2016-06-02 19:33:37.883000','admin','ZKEASOFT','2016-06-02 19:33:37.883000'),(199,'1dae90cf6a8547538cc0c369b9943c01','<zone>','admin','ZKEASOFT','2016-06-02 19:33:37.887000','admin','ZKEASOFT','2016-06-02 19:33:37.887000'),(200,'1dae90cf6a8547538cc0c369b9943c01','40a562598d3a44a98646519094631628','admin','ZKEASOFT','2016-06-02 19:33:37.890000','admin','ZKEASOFT','2016-06-02 19:33:37.890000'),(201,'1dae90cf6a8547538cc0c369b9943c01','</zone>','admin','ZKEASOFT','2016-06-02 19:33:37.890000','admin','ZKEASOFT','2016-06-02 19:33:37.890000'),(202,'1dae90cf6a8547538cc0c369b9943c01','</div></div></div></div></div><div class=\"container main custom-style\"><div class=\"additional row\"><div class=\"additional col-md-12\"><div class=\"colContent row\"><div class=\"additional zone\">','admin','ZKEASOFT','2016-06-02 19:33:37.893000','admin','ZKEASOFT','2016-06-02 19:33:37.893000'),(203,'1dae90cf6a8547538cc0c369b9943c01','<zone>','admin','ZKEASOFT','2016-06-02 19:33:37.897000','admin','ZKEASOFT','2016-06-02 19:33:37.897000'),(204,'1dae90cf6a8547538cc0c369b9943c01','d5f02570e4814439acc86a1874cb8f07','admin','ZKEASOFT','2016-06-02 19:33:37.897000','admin','ZKEASOFT','2016-06-02 19:33:37.897000'),(205,'1dae90cf6a8547538cc0c369b9943c01','</zone>','admin','ZKEASOFT','2016-06-02 19:33:37.897000','admin','ZKEASOFT','2016-06-02 19:33:37.897000'),(206,'1dae90cf6a8547538cc0c369b9943c01','</div></div></div></div><div class=\"additional row\"><div class=\"additional col-md-6\"><div class=\"colContent row\"><div class=\"additional zone\">','admin','ZKEASOFT','2016-06-02 19:33:37.900000','admin','ZKEASOFT','2016-06-02 19:33:37.900000'),(207,'1dae90cf6a8547538cc0c369b9943c01','<zone>','admin','ZKEASOFT','2016-06-02 19:33:37.900000','admin','ZKEASOFT','2016-06-02 19:33:37.900000'),(208,'1dae90cf6a8547538cc0c369b9943c01','4cf5d05f2b954a7e8904713ad6781a61','admin','ZKEASOFT','2016-06-02 19:33:37.900000','admin','ZKEASOFT','2016-06-02 19:33:37.900000'),(209,'1dae90cf6a8547538cc0c369b9943c01','</zone>','admin','ZKEASOFT','2016-06-02 19:33:37.900000','admin','ZKEASOFT','2016-06-02 19:33:37.900000'),(210,'1dae90cf6a8547538cc0c369b9943c01','</div></div></div><div class=\"additional col-md-6\"><div class=\"colContent row\"><div class=\"additional zone\">','admin','ZKEASOFT','2016-06-02 19:33:37.903000','admin','ZKEASOFT','2016-06-02 19:33:37.903000'),(211,'1dae90cf6a8547538cc0c369b9943c01','<zone>','admin','ZKEASOFT','2016-06-02 19:33:37.903000','admin','ZKEASOFT','2016-06-02 19:33:37.903000'),(212,'1dae90cf6a8547538cc0c369b9943c01','3ca302874c164b7b9691ca948300417b','admin','ZKEASOFT','2016-06-02 19:33:37.903000','admin','ZKEASOFT','2016-06-02 19:33:37.903000'),(213,'1dae90cf6a8547538cc0c369b9943c01','</zone>','admin','ZKEASOFT','2016-06-02 19:33:37.907000','admin','ZKEASOFT','2016-06-02 19:33:37.907000'),(214,'1dae90cf6a8547538cc0c369b9943c01','</div></div></div></div><div class=\"additional row\"><div class=\"additional col-md-12\"><div class=\"colContent row\"><div class=\"additional zone\">','admin','ZKEASOFT','2016-06-02 19:33:37.907000','admin','ZKEASOFT','2016-06-02 19:33:37.907000'),(215,'1dae90cf6a8547538cc0c369b9943c01','<zone>','admin','ZKEASOFT','2016-06-02 19:33:37.910000','admin','ZKEASOFT','2016-06-02 19:33:37.910000'),(216,'1dae90cf6a8547538cc0c369b9943c01','7fe7ceb43d734faca8a21e78185995d6','admin','ZKEASOFT','2016-06-02 19:33:37.910000','admin','ZKEASOFT','2016-06-02 19:33:37.910000'),(217,'1dae90cf6a8547538cc0c369b9943c01','</zone>','admin','ZKEASOFT','2016-06-02 19:33:37.910000','admin','ZKEASOFT','2016-06-02 19:33:37.910000'),(218,'1dae90cf6a8547538cc0c369b9943c01','</div></div></div></div></div>','admin','ZKEASOFT','2016-06-02 19:33:37.913000','admin','ZKEASOFT','2016-06-02 19:33:37.913000');
/*!40000 ALTER TABLE `cms_layouthtml` ENABLE KEYS */;
UNLOCK TABLES;

--
-- Table structure for table `cms_media`
--

DROP TABLE IF EXISTS `cms_media`;
/*!40101 SET @saved_cs_client     = @@character_set_client */;
/*!40101 SET character_set_client = utf8 */;
CREATE TABLE `cms_media` (
  `ID` varchar(50) NOT NULL,
  `ParentID` varchar(50) DEFAULT NULL,
  `Title` varchar(50) DEFAULT NULL,
  `MediaType` int(11) DEFAULT NULL,
  `Url` varchar(100) DEFAULT NULL,
  `Status` int(11) DEFAULT NULL,
  `CreateBy` varchar(50) DEFAULT NULL,
  `CreatebyName` varchar(100) DEFAULT NULL,
  `CreateDate` datetime(6) DEFAULT NULL,
  `LastUpdateBy` varchar(50) DEFAULT NULL,
  `LastUpdateByName` varchar(100) DEFAULT NULL,
  `LastUpdateDate` datetime(6) DEFAULT NULL,
  `Description` varchar(500) DEFAULT NULL,
  PRIMARY KEY (`ID`)
) ENGINE=InnoDB DEFAULT CHARSET=utf8;
/*!40101 SET character_set_client = @saved_cs_client */;

--
-- Dumping data for table `cms_media`
--

LOCK TABLES `cms_media` WRITE;
/*!40000 ALTER TABLE `cms_media` DISABLE KEYS */;
INSERT INTO `cms_media` VALUES ('6056810a7ede46bb94b55b2756323640','#','图片',1,NULL,NULL,'admin','ZKEASOFT','2016-04-01 21:42:14.960000','admin','ZKEASOFT','2016-04-01 21:42:14.960000',NULL);
/*!40000 ALTER TABLE `cms_media` ENABLE KEYS */;
UNLOCK TABLES;

--
-- Table structure for table `cms_message`
--

DROP TABLE IF EXISTS `cms_message`;
/*!40101 SET @saved_cs_client     = @@character_set_client */;
/*!40101 SET character_set_client = utf8 */;
CREATE TABLE `cms_message` (
  `ID` int(11) NOT NULL AUTO_INCREMENT,
  `Title` varchar(50) DEFAULT NULL,
  `Email` varchar(50) NOT NULL,
  `PostMessage` longtext NOT NULL,
  `Reply` longtext,
  `Status` int(11) DEFAULT NULL,
  `CreateBy` varchar(50) DEFAULT NULL,
  `CreatebyName` varchar(100) DEFAULT NULL,
  `CreateDate` datetime(6) DEFAULT NULL,
  `LastUpdateBy` varchar(50) DEFAULT NULL,
  `LastUpdateByName` varchar(100) DEFAULT NULL,
  `LastUpdateDate` datetime(6) DEFAULT NULL,
  `Description` varchar(200) DEFAULT NULL,
  PRIMARY KEY (`ID`)
) ENGINE=InnoDB AUTO_INCREMENT=3 DEFAULT CHARSET=utf8;
/*!40101 SET character_set_client = @saved_cs_client */;

--
-- Dumping data for table `cms_message`
--

LOCK TABLES `cms_message` WRITE;
/*!40000 ALTER TABLE `cms_message` DISABLE KEYS */;
INSERT INTO `cms_message` VALUES (1,'ZKEASOFT','zkea@zkea.net','ZKEACMS是基于ASP.NET MVC4开发的开源CMS，提供免费下载学习使用。','KEACMS使用可视化编辑设计，所见即所得，可直接在页面上设计你要的页面。',1,'admin','ZKEASOFT','2017-03-19 21:02:34.260000','admin','ZKEASOFT','2017-03-19 21:02:34.260000',NULL),(2,'ZKEASOFT','zkea@zkea.net','ZKEACMS使用可视化编辑设计','ZKEACMS是一个内容管理软件（网站），不仅只是管理内容，更是重新定义了布局、页面和组件，让用户可以自由规划页面的布局，页面和内容。',1,'admin','ZKEASOFT','2017-03-19 21:03:09.967000','admin','ZKEASOFT','2017-03-19 21:03:09.967000',NULL);
/*!40000 ALTER TABLE `cms_message` ENABLE KEYS */;
UNLOCK TABLES;

--
-- Table structure for table `cms_page`
--

DROP TABLE IF EXISTS `cms_page`;
/*!40101 SET @saved_cs_client     = @@character_set_client */;
/*!40101 SET character_set_client = utf8 */;
CREATE TABLE `cms_page` (
  `ID` varchar(100) NOT NULL,
  `ReferencePageID` varchar(100) DEFAULT NULL,
  `IsPublishedPage` tinyint(1) DEFAULT NULL,
  `ParentId` varchar(100) DEFAULT NULL,
  `PageName` varchar(100) DEFAULT NULL,
  `IsHomePage` tinyint(1) NOT NULL,
  `Url` varchar(255) DEFAULT NULL,
  `LayoutId` varchar(100) DEFAULT NULL,
  `Title` varchar(255) DEFAULT NULL,
  `Content` longtext,
  `DisplayOrder` int(11) DEFAULT NULL,
  `Description` longtext,
  `Status` int(11) DEFAULT NULL,
  `IsPublish` tinyint(1) NOT NULL,
  `PublishDate` datetime(6) DEFAULT NULL,
  `MetaKeyWorlds` varchar(255) DEFAULT NULL,
  `MetaDescription` varchar(255) DEFAULT NULL,
  `Script` varchar(255) DEFAULT NULL,
  `Style` varchar(255) DEFAULT NULL,
  `CreateBy` varchar(50) DEFAULT NULL,
  `CreatebyName` varchar(100) DEFAULT NULL,
  `CreateDate` datetime(6) DEFAULT NULL,
  `LastUpdateBy` varchar(50) DEFAULT NULL,
  `LastUpdateByName` varchar(100) DEFAULT NULL,
  `LastUpdateDate` datetime(6) DEFAULT NULL,
  PRIMARY KEY (`ID`),
  KEY `FK_CMS_Page_CMS_Layout` (`LayoutId`),
  CONSTRAINT `FK_CMS_Page_CMS_Layout` FOREIGN KEY (`LayoutId`) REFERENCES `cms_layout` (`ID`) ON DELETE NO ACTION ON UPDATE NO ACTION
) ENGINE=InnoDB DEFAULT CHARSET=utf8;
/*!40101 SET character_set_client = @saved_cs_client */;

--
-- Dumping data for table `cms_page`
--

LOCK TABLES `cms_page` WRITE;
/*!40000 ALTER TABLE `cms_page` DISABLE KEYS */;
INSERT INTO `cms_page` VALUES ('068c85b8de8744e7a81b1d1010583308','9d84599edb2443439a53e8d906815c8f',1,'#','产品',0,'~/product','0846a33e56bf45d5aae602ef40d87444','产品',NULL,4,NULL,1,0,'2016-05-15 20:56:40.843000',NULL,NULL,NULL,NULL,'admin','ZKEASOFT','2016-05-15 20:56:40.843000','admin','ZKEASOFT','2016-05-15 20:56:40.843000'),('0880a4dfdc184ff99b88c88325716d1b',NULL,0,'#','主页',1,'~/index','1dae90cf6a8547538cc0c369b9943c01','欢迎使用ZKEACMS进行创作',NULL,1,NULL,1,1,'2017-10-15 18:11:36.267000',NULL,NULL,NULL,NULL,'admin',NULL,'2015-08-31 13:27:16.110000','admin','ZKEASOFT','2017-10-15 18:11:36.267000'),('1c93b61690ce49d7af8e1ea45ac58eb9',NULL,0,'#','联系我们',0,'~/contact','1dae90cf6a8547538cc0c369b9943c01',' 联系我们',NULL,7,NULL,1,1,'2017-03-19 21:05:28.837000',' 联系我们',' 联系我们',NULL,NULL,'admin','ZKEASOFT','2017-03-19 21:03:50.763000','admin','ZKEASOFT','2017-03-19 21:05:16.280000'),('4b889b430aa44517bbad38a57c745cc5','a8d73e29b1eb4b7ea43420e2b6bf2c1b',1,'9d84599edb2443439a53e8d906815c8f','产品详细',0,'~/product/detail','0846a33e56bf45d5aae602ef40d87444',NULL,NULL,1,NULL,1,0,'2016-03-10 23:24:38.777000',NULL,NULL,NULL,NULL,'admin','ZKEASOFT','2016-03-10 23:24:38.780000','admin','ZKEASOFT','2016-03-10 23:24:38.780000'),('50fa3579e7434555a22f095dcb4ea35e','0880a4dfdc184ff99b88c88325716d1b',1,'#','主页',1,'~/index','1dae90cf6a8547538cc0c369b9943c01','欢迎使用ZKEACMS进行创作',NULL,1,NULL,1,0,'2017-10-15 18:11:36.273000',NULL,NULL,NULL,NULL,'admin','ZKEASOFT','2017-10-15 18:11:36.277000','admin','ZKEASOFT','2017-10-15 18:11:36.810000'),('534e07f396b14b7584a833d270356cb7','1c93b61690ce49d7af8e1ea45ac58eb9',1,'#','联系我们',0,'~/contact','1dae90cf6a8547538cc0c369b9943c01',' 联系我们',NULL,7,NULL,1,0,'2017-03-19 21:05:30.803000',' 联系我们',' 联系我们',NULL,NULL,'admin','ZKEASOFT','2017-03-19 21:05:30.833000','admin','ZKEASOFT','2017-03-19 21:05:31.050000'),('9ce910ba45a24fd2af804d6d0de7bba3','be49e3ec3b5a4f5eae3edaf8ba64f185',1,'#','问卷调查',0,'~/questionnaire','1dae90cf6a8547538cc0c369b9943c01','问卷调查 | ZKEASOFT',NULL,5,NULL,1,0,'2017-10-15 18:20:42.203000',NULL,NULL,NULL,NULL,'admin','ZKEASOFT','2017-10-15 18:20:42.207000','admin','ZKEASOFT','2017-10-15 18:20:42.217000'),('9d84599edb2443439a53e8d906815c8f',NULL,0,'#','产品',0,'~/product','0846a33e56bf45d5aae602ef40d87444','产品',NULL,4,NULL,1,1,'2016-05-15 20:56:40.763000',NULL,NULL,NULL,NULL,'admin','ZKEASOFT','2016-03-10 23:18:10.430000','admin','ZKEASOFT','2016-05-14 15:01:42.697000'),('a3d735320eb04c63bf3258d7b44e30f8',NULL,0,'e371628aa3ff46c3a167f121c7a3f32b','文章详细',0,'~/article/detail','0846a33e56bf45d5aae602ef40d87444',NULL,NULL,1,NULL,1,1,'2016-03-11 11:51:37.107000',NULL,NULL,NULL,NULL,'admin','ZKEASOFT','2016-03-10 21:24:03.240000','admin','ZKEASOFT','2016-03-11 11:50:39.167000'),('a8d73e29b1eb4b7ea43420e2b6bf2c1b',NULL,0,'9d84599edb2443439a53e8d906815c8f','产品详细',0,'~/product/detail','0846a33e56bf45d5aae602ef40d87444',NULL,NULL,1,NULL,1,1,'2016-03-10 23:24:38.743000',NULL,NULL,NULL,NULL,'admin','ZKEASOFT','2016-03-10 23:20:11.263000','admin','ZKEASOFT','2016-03-10 23:24:38.737000'),('bcfac5dc92a5407a927179780ad91f59','a3d735320eb04c63bf3258d7b44e30f8',1,'e371628aa3ff46c3a167f121c7a3f32b','文章详细',0,'~/article/detail','0846a33e56bf45d5aae602ef40d87444',NULL,NULL,1,NULL,1,0,'2016-03-11 11:51:37.130000',NULL,NULL,NULL,NULL,'admin','ZKEASOFT','2016-03-11 11:51:37.137000','admin','ZKEASOFT','2016-03-11 11:51:37.137000'),('be49e3ec3b5a4f5eae3edaf8ba64f185',NULL,0,'#','问卷调查',0,'~/questionnaire','1dae90cf6a8547538cc0c369b9943c01','问卷调查 | ZKEASOFT',NULL,5,NULL,1,1,'2017-10-15 18:20:42.193000',NULL,NULL,NULL,NULL,'admin','ZKEASOFT','2017-10-15 17:58:52.057000','admin','ZKEASOFT','2017-10-15 18:20:42.193000'),('d070f202bb2f45ddbd35f0a7cfee1dfa','e371628aa3ff46c3a167f121c7a3f32b',1,'#','文章',0,'~/article','0846a33e56bf45d5aae602ef40d87444','文章',NULL,3,NULL,1,0,'2017-10-15 18:11:44.947000',NULL,NULL,NULL,NULL,'admin','ZKEASOFT','2017-10-15 18:11:44.947000','admin','ZKEASOFT','2017-10-15 18:11:45.367000'),('e371628aa3ff46c3a167f121c7a3f32b',NULL,0,'#','文章',0,'~/article','0846a33e56bf45d5aae602ef40d87444','文章',NULL,3,NULL,1,1,'2017-10-15 18:11:44.940000',NULL,NULL,NULL,NULL,'admin','ZKEASOFT','2016-03-09 12:45:01.000000','admin','ZKEASOFT','2017-10-15 18:11:44.940000');
/*!40000 ALTER TABLE `cms_page` ENABLE KEYS */;
UNLOCK TABLES;

--
-- Table structure for table `cms_redirection`
--

DROP TABLE IF EXISTS `cms_redirection`;
/*!40101 SET @saved_cs_client     = @@character_set_client */;
/*!40101 SET character_set_client = utf8 */;
CREATE TABLE `cms_redirection` (
  `ID` int(11) NOT NULL AUTO_INCREMENT,
  `Title` varchar(200) NOT NULL,
  `InComingUrl` varchar(500) NOT NULL,
  `DestinationURL` varchar(500) NOT NULL,
  `IsPermanent` tinyint(1) NOT NULL,
  `Description` varchar(500) DEFAULT NULL,
  `Status` int(11) DEFAULT NULL,
  `CreateBy` varchar(50) DEFAULT NULL,
  `CreatebyName` varchar(100) DEFAULT NULL,
  `CreateDate` datetime(6) DEFAULT NULL,
  `LastUpdateBy` varchar(50) DEFAULT NULL,
  `LastUpdateByName` varchar(100) DEFAULT NULL,
  `LastUpdateDate` datetime(6) DEFAULT NULL,
  PRIMARY KEY (`ID`)
) ENGINE=InnoDB AUTO_INCREMENT=2 DEFAULT CHARSET=utf8;
/*!40101 SET character_set_client = @saved_cs_client */;

--
-- Dumping data for table `cms_redirection`
--

LOCK TABLES `cms_redirection` WRITE;
/*!40000 ALTER TABLE `cms_redirection` DISABLE KEYS */;
INSERT INTO `cms_redirection` VALUES (1,'默认','~/','~/index',0,NULL,1,'admin','ZKEASOFT','2017-08-14 14:58:06.000000','admin','ZKEASOFT','2017-08-14 15:53:01.387000');
/*!40000 ALTER TABLE `cms_redirection` ENABLE KEYS */;
UNLOCK TABLES;

--
-- Table structure for table `cms_theme`
--

DROP TABLE IF EXISTS `cms_theme`;
/*!40101 SET @saved_cs_client     = @@character_set_client */;
/*!40101 SET character_set_client = utf8 */;
CREATE TABLE `cms_theme` (
  `ID` varchar(100) NOT NULL,
  `Title` varchar(50) DEFAULT NULL,
  `Url` varchar(100) DEFAULT NULL,
  `UrlDebugger` varchar(100) DEFAULT NULL,
  `Thumbnail` varchar(100) DEFAULT NULL,
  `IsActived` tinyint(1) DEFAULT NULL,
  `Status` int(11) DEFAULT NULL,
  `Description` varchar(500) DEFAULT NULL,
  `CreateBy` varchar(50) DEFAULT NULL,
  `CreatebyName` varchar(100) DEFAULT NULL,
  `CreateDate` datetime(6) DEFAULT NULL,
  `LastUpdateBy` varchar(50) DEFAULT NULL,
  `LastUpdateByName` varchar(100) DEFAULT NULL,
  `LastUpdateDate` datetime(6) DEFAULT NULL,
  PRIMARY KEY (`ID`)
) ENGINE=InnoDB DEFAULT CHARSET=utf8;
/*!40101 SET character_set_client = @saved_cs_client */;

--
-- Dumping data for table `cms_theme`
--

LOCK TABLES `cms_theme` WRITE;
/*!40000 ALTER TABLE `cms_theme` DISABLE KEYS */;
INSERT INTO `cms_theme` VALUES ('Default','默认','~/themes/Default/css/Theme.min.css','~/themes/Default/css/Theme.css','~/themes/Default/thumbnail.jpg',1,1,NULL,'admin','ZKEASOFT','2016-04-04 22:17:10.790000','admin','ZKEASOFT','2016-04-04 22:21:01.487000');
/*!40000 ALTER TABLE `cms_theme` ENABLE KEYS */;
UNLOCK TABLES;

--
-- Table structure for table `cms_widgetbase`
--

DROP TABLE IF EXISTS `cms_widgetbase`;
/*!40101 SET @saved_cs_client     = @@character_set_client */;
/*!40101 SET character_set_client = utf8 */;
CREATE TABLE `cms_widgetbase` (
  `ID` varchar(100) NOT NULL,
  `WidgetName` varchar(255) DEFAULT NULL,
  `Title` varchar(255) DEFAULT NULL,
  `Position` int(11) DEFAULT NULL,
  `LayoutId` varchar(100) DEFAULT NULL,
  `PageId` varchar(100) DEFAULT NULL,
  `ZoneId` varchar(100) DEFAULT NULL,
  `PartialView` varchar(255) DEFAULT NULL,
  `AssemblyName` varchar(255) DEFAULT NULL,
  `ServiceTypeName` varchar(255) DEFAULT NULL,
  `ViewModelTypeName` varchar(255) DEFAULT NULL,
  `FormView` varchar(255) DEFAULT NULL,
  `StyleClass` varchar(1000) DEFAULT NULL,
  `CreateBy` varchar(50) DEFAULT NULL,
  `CreatebyName` varchar(100) DEFAULT NULL,
  `CreateDate` datetime(6) DEFAULT NULL,
  `LastUpdateBy` varchar(50) DEFAULT NULL,
  `LastUpdateByName` varchar(100) DEFAULT NULL,
  `LastUpdateDate` datetime(6) DEFAULT NULL,
  `Description` longtext,
  `Status` int(11) DEFAULT NULL,
  `IsTemplate` tinyint(1) DEFAULT '0',
  `Thumbnail` varchar(200) DEFAULT NULL,
  `IsSystem` tinyint(1) DEFAULT '0',
  `ExtendData` longtext,
  PRIMARY KEY (`ID`)
) ENGINE=InnoDB DEFAULT CHARSET=utf8;
/*!40101 SET character_set_client = @saved_cs_client */;

--
-- Dumping data for table `cms_widgetbase`
--

LOCK TABLES `cms_widgetbase` WRITE;
/*!40000 ALTER TABLE `cms_widgetbase` DISABLE KEYS */;
INSERT INTO `cms_widgetbase` VALUES ('00f62c5acfe840e0bee3ca2979f0f025','图片右',NULL,9,NULL,NULL,NULL,'Widget.Section','ZKEACMS.SectionWidget','ZKEACMS.SectionWidget.Service.SectionWidgetService','ZKEACMS.SectionWidget.Models.SectionWidget','SectionWidgetForm',NULL,'admin','ZKEASOFT','2016-03-09 14:13:55.010000','admin','ZKEASOFT','2016-06-29 14:13:22.937000',NULL,NULL,1,'~/images/template%20(6).png',1,NULL),('01b59004dd1e4f68afa98c9c80d86f4c','表单',NULL,1,NULL,'be49e3ec3b5a4f5eae3edaf8ba64f185','d5f02570e4814439acc86a1874cb8f07','Widget.Form','ZKEACMS.FormGenerator','ZKEACMS.FormGenerator.Service.FormWidgetService','ZKEACMS.FormGenerator.Models.FormWidget',NULL,'','admin','ZKEASOFT','2017-10-15 17:59:05.133000','admin','ZKEASOFT','2017-10-15 18:20:39.980000',NULL,NULL,0,NULL,0,'{\"FormID\":\"5ed56d90ac154e73befa6fbc981ae3ae\",\"CustomClass\":\"\",\"CustomStyle\":\"\",\"ActionType\":1}'),('02dd343bb4f24322bcf3daf8ada7565d','留言箱',NULL,2,NULL,'534e07f396b14b7584a833d270356cb7','d5f02570e4814439acc86a1874cb8f07','Widget.MessageBox','ZKEACMS.Message','ZKEACMS.Message.Service.MessageBoxWidgetService','ZKEACMS.Message.Models.MessageBoxWidget',NULL,NULL,'admin','ZKEASOFT','2017-03-19 21:05:31.030000','admin','ZKEASOFT','2017-03-19 21:05:31.030000',NULL,NULL,0,'~/Plugins/ZKEACMS.Message/Content/Image/Widget.MessageBox.png',0,'{\"ID\":\"02dd343bb4f24322bcf3daf8ada7565d\",\"WidgetName\":\"留言箱\",\"Position\":2,\"LayoutID\":null,\"PageID\":\"534e07f396b14b7584a833d270356cb7\",\"ZoneID\":\"d5f02570e4814439acc86a1874cb8f07\",\"IsTemplate\":false,\"Thumbnail\":null,\"IsSystem\":false,\"PartialView\":\"Widget.MessageBox\",\"AssemblyName\":\"Easy.CMS.Message\",\"ServiceTypeName\":\"Easy.CMS.Message.Service.MessageBoxWidgetService\",\"ViewModelTypeName\":\"Easy.CMS.Message.Models.MessageBoxWidget\",\"FormView\":null,\"StyleClass\":null,\"CustomClass\":\"\",\"CustomStyle\":\"\",\"ExtendData\":null,\"ExtendFields\":[],\"Title\":null,\"Description\":null,\"Status\":null,\"CreateBy\":\"admin\",\"CreatebyName\":\"ZKEASOFT\",\"CreateDate\":\"2017-03-19T21:04:44.953\",\"LastUpdateBy\":\"admin\",\"LastUpdateByName\":\"ZKEASOFT\",\"LastUpdateDate\":\"2017-03-19T21:04:44.953\",\"ActionType\":1}'),('062018a8e5cf48b4a0d90296e7f4e965','分隔符',NULL,2,NULL,'9d84599edb2443439a53e8d906815c8f','6bba8443507f4273b2b61048f7c71f40','Widget.HTML','ZKEACMS','ZKEACMS.Common.Service.HtmlWidgetService','ZKEACMS.Common.Models.HtmlWidget',NULL,NULL,'admin','ZKEASOFT','2016-03-11 10:01:58.757000','admin','ZKEASOFT','2016-03-11 10:01:58.757000',NULL,NULL,0,'~/images/Widget.HTML.png',0,NULL),('09617f6142934daaadee6cfb9df6d66f','段落',NULL,4,NULL,NULL,NULL,'Widget.HTML','ZKEACMS','ZKEACMS.Common.Service.HtmlWidgetService','ZKEACMS.Common.Models.HtmlWidget',NULL,NULL,'admin','ZKEASOFT','2016-03-09 13:53:07.263000','admin','ZKEASOFT','2016-03-24 10:49:44.100000',NULL,NULL,1,'~/images/template%20(2).png',1,NULL),('0f66ab8ff0df44e2b5e57fd8d8c5d8ff','文字三列',NULL,8,NULL,NULL,NULL,'Widget.Section','ZKEACMS.SectionWidget','ZKEACMS.SectionWidget.Service.SectionWidgetService','ZKEACMS.SectionWidget.Models.SectionWidget','SectionWidgetForm',NULL,'admin','ZKEASOFT','2016-03-09 21:23:51.277000','admin','ZKEASOFT','2016-06-29 14:12:54.387000',NULL,NULL,1,'~/images/template (15).png',1,NULL),('155c6511dd9c4cc1b3ccb27d5ad4b8ab','表单',NULL,1,NULL,'9ce910ba45a24fd2af804d6d0de7bba3','d5f02570e4814439acc86a1874cb8f07','Widget.Form','ZKEACMS.FormGenerator','ZKEACMS.FormGenerator.Service.FormWidgetService','ZKEACMS.FormGenerator.Models.FormWidget',NULL,'','admin','ZKEASOFT','2017-10-15 18:20:42.213000','admin','ZKEASOFT','2017-10-15 18:20:42.213000',NULL,NULL,0,NULL,0,'{\"FormID\":\"5ed56d90ac154e73befa6fbc981ae3ae\",\"CustomClass\":\"\",\"CustomStyle\":\"\",\"ActionType\":1}'),('19350341920b4827bf2a4e458ad24a58','焦点图',NULL,1,NULL,'0880a4dfdc184ff99b88c88325716d1b','d5f02570e4814439acc86a1874cb8f07','Widget.Carousel','ZKEACMS','ZKEACMS.Common.Service.CarouselWidgetService','ZKEACMS.Common.Models.CarouselWidget',NULL,NULL,'admin','ZKEASOFT','2016-03-27 15:14:34.677000','admin','ZKEASOFT','2017-03-21 22:44:54.987000',NULL,NULL,0,'~/images/Widget.Carousel.png',0,NULL),('1fb967867e3b440e86336bc5a51e8719','图例三（圆）',NULL,17,NULL,NULL,NULL,'Widget.Section','ZKEACMS.SectionWidget','ZKEACMS.SectionWidget.Service.SectionWidgetService','ZKEACMS.SectionWidget.Models.SectionWidget','SectionWidgetForm','align-center image-circle','admin','ZKEASOFT','2016-03-09 14:40:26.767000','admin','ZKEASOFT','2016-06-29 14:19:30.777000',NULL,NULL,1,'~/images/template%20(12).png',1,NULL),('2b3eb61307d24c50a6b3aaa75db3810e','图片左',NULL,11,NULL,NULL,NULL,'Widget.Section','ZKEACMS.SectionWidget','ZKEACMS.SectionWidget.Service.SectionWidgetService','ZKEACMS.SectionWidget.Models.SectionWidget','SectionWidgetForm',NULL,'admin','ZKEASOFT','2016-03-09 14:06:17.637000','admin','ZKEASOFT','2016-06-29 14:14:54.330000',NULL,NULL,1,'~/images/template%20(5).png',1,NULL),('2b510992f0174e668ca53116434e065c','图片',NULL,1,NULL,'e371628aa3ff46c3a167f121c7a3f32b','6bba8443507f4273b2b61048f7c71f40','Widget.Image','ZKEACMS','ZKEACMS.Common.Service.ImageWidgetService','ZKEACMS.Common.Models.ImageWidget',NULL,NULL,'admin','ZKEASOFT','2016-03-10 23:15:37.333000','admin','ZKEASOFT','2017-10-15 18:00:21.587000',NULL,NULL,0,'~/images/Widget.Image.png',0,NULL),('3017aef0eabc451b81daebe6bae68857','图片',NULL,1,NULL,'d070f202bb2f45ddbd35f0a7cfee1dfa','6bba8443507f4273b2b61048f7c71f40','Widget.Image','ZKEACMS','ZKEACMS.Common.Service.ImageWidgetService','ZKEACMS.Common.Models.ImageWidget',NULL,NULL,'admin','ZKEASOFT','2017-10-15 18:11:44.950000','admin','ZKEASOFT','2017-10-15 18:11:44.950000',NULL,NULL,0,'~/images/Widget.Image.png',0,NULL),('34567e55bacd40dbaf9794d5032dd26e','留言板',NULL,4,NULL,'534e07f396b14b7584a833d270356cb7','d5f02570e4814439acc86a1874cb8f07','Widget.Message','ZKEACMS.Message','ZKEACMS.Message.Service.MessageWidgetService','ZKEACMS.Message.Models.MessageWidget',NULL,NULL,'admin','ZKEASOFT','2017-03-19 21:05:30.977000','admin','ZKEASOFT','2017-03-19 21:05:30.977000',NULL,NULL,0,'~/Plugins/ZKEACMS.Message/Content/Image/Widget.Message.png',0,'{\"FormView\":null,\"ExtendData\":null,\"Description\":null,\"Status\":null,\"CreateBy\":\"admin\",\"CreatebyName\":\"ZKEASOFT\",\"CreateDate\":\"2017-03-19T21:04:56.38\",\"LastUpdateBy\":\"admin\",\"LastUpdateByName\":\"ZKEASOFT\",\"LastUpdateDate\":\"2017-03-19T21:04:56.38\",\"ActionType\":1,\"ID\":\"34567e55bacd40dbaf9794d5032dd26e\",\"WidgetName\":\"留言板\",\"Position\":4,\"LayoutID\":null,\"PageID\":\"534e07f396b14b7584a833d270356cb7\",\"ZoneID\":\"d5f02570e4814439acc86a1874cb8f07\",\"IsTemplate\":false,\"Thumbnail\":null,\"IsSystem\":false,\"PartialView\":\"Widget.Message\",\"AssemblyName\":\"Easy.CMS.Message\",\"ServiceTypeName\":\"Easy.CMS.Message.Service.MessageWidgetService\",\"ViewModelTypeName\":\"Easy.CMS.Message.Models.MessageWidget\",\"StyleClass\":null,\"CustomClass\":\"\",\"CustomStyle\":\"\",\"ExtendFields\":[],\"Title\":null}'),('3466e616139645d2b1e1d9935d231922','产品类别','产品类别',1,NULL,'068c85b8de8744e7a81b1d1010583308','85b6e66b7b3345e9a482af084da307d3','Widget.ProductCategory','ZKEACMS.Product','ZKEACMS.Product.Service.ProductCategoryWidgetService','ZKEACMS.Product.Models.ProductCategoryWidget',NULL,NULL,'admin','ZKEASOFT','2016-05-15 20:56:40.877000','admin','ZKEASOFT','2016-05-15 20:56:40.877000',NULL,NULL,0,'~/Plugins/ZKEACMS.Product/Content/Image/Widget.ProductCategory.png',0,NULL),('34af73e7363d40ca9fbf866b679847a1','欢迎使用ZKEACMS进行创作',NULL,1,'0846a33e56bf45d5aae602ef40d87444',NULL,'be7a1e6a999b4264aab2b5ac593909a8','Widget.HTML','ZKEACMS','ZKEACMS.Common.Service.HtmlWidgetService','ZKEACMS.Common.Models.HtmlWidget',NULL,'header','admin','ZKEASOFT','2016-03-10 21:10:21.277000','admin','ZKEASOFT','2016-03-10 21:10:21.277000',NULL,NULL,0,'~/images/Widget.HTML.png',0,NULL),('357a58069e8047a289e10b920061d57d','分隔符',NULL,3,NULL,'534e07f396b14b7584a833d270356cb7','d5f02570e4814439acc86a1874cb8f07','Widget.HTML','ZKEACMS','ZKEACMS.Common.Service.HtmlWidgetService','ZKEACMS.Common.Models.HtmlWidget',NULL,NULL,'admin','ZKEASOFT','2017-03-19 21:05:30.900000','admin','ZKEASOFT','2017-03-19 21:05:30.900000',NULL,NULL,0,'~/images/Widget.HTML.png',0,NULL),('3b8beb945c9f4c9390a6122d8b4788d5','分隔符',NULL,2,NULL,'d070f202bb2f45ddbd35f0a7cfee1dfa','6bba8443507f4273b2b61048f7c71f40','Widget.HTML','ZKEACMS','ZKEACMS.Common.Service.HtmlWidgetService','ZKEACMS.Common.Models.HtmlWidget',NULL,NULL,'admin','ZKEASOFT','2017-10-15 18:11:45.347000','admin','ZKEASOFT','2017-10-15 18:11:45.347000',NULL,NULL,0,'~/images/Widget.HTML.png',0,NULL),('3e3783f4b7ca421488f2bf08d32fe2f0','分隔符',NULL,2,NULL,'068c85b8de8744e7a81b1d1010583308','6bba8443507f4273b2b61048f7c71f40','Widget.HTML','ZKEACMS','ZKEACMS.Common.Service.HtmlWidgetService','ZKEACMS.Common.Models.HtmlWidget',NULL,NULL,'admin','ZKEASOFT','2016-05-15 20:56:40.850000','admin','ZKEASOFT','2016-05-15 20:56:40.850000',NULL,NULL,0,'~/images/Widget.HTML.png',0,NULL),('416c5402962b41548c83fabaa5492b42','文章列表',NULL,1,NULL,'e371628aa3ff46c3a167f121c7a3f32b','c7bcd0a9d172432bafbf9f5a986685f2','Widget.ArticleList','ZKEACMS.Article','ZKEACMS.Article.Service.ArticleListWidgetService','ZKEACMS.Article.Models.ArticleListWidget',NULL,NULL,'admin','ZKEASOFT','2016-03-10 21:20:31.667000','admin','ZKEASOFT','2016-03-11 11:51:20.640000',NULL,NULL,0,'~/Plugins/ZKEACMS.Article/Content/Image/Widget.ArticleList.png',0,NULL),('41e075ab1b89453388494a539eec55b9','焦点图',NULL,1,NULL,'50fa3579e7434555a22f095dcb4ea35e','d5f02570e4814439acc86a1874cb8f07','Widget.Carousel','ZKEACMS','ZKEACMS.Common.Service.CarouselWidgetService','ZKEACMS.Common.Models.CarouselWidget',NULL,NULL,'admin','ZKEASOFT','2017-10-15 18:11:36.633000','admin','ZKEASOFT','2017-10-15 18:11:36.633000',NULL,NULL,0,'~/images/Widget.Carousel.png',0,NULL),('43bb869688ee4752a3127dd19ccc6caa','图片',NULL,1,NULL,'1c93b61690ce49d7af8e1ea45ac58eb9','d5f02570e4814439acc86a1874cb8f07','Widget.Image','ZKEACMS','ZKEACMS.Common.Service.ImageWidgetService','ZKEACMS.Common.Models.ImageWidget',NULL,NULL,'admin','ZKEASOFT','2017-03-19 21:04:20.407000','admin','ZKEASOFT','2017-03-19 21:04:29.773000',NULL,NULL,0,'~/images/Widget.Image.png',0,NULL),('481574ebc98b4cdf9a07e3f20c1ab78d','图片左（圆）',NULL,12,NULL,NULL,NULL,'Widget.Section','ZKEACMS.SectionWidget','ZKEACMS.SectionWidget.Service.SectionWidgetService','ZKEACMS.SectionWidget.Models.SectionWidget','SectionWidgetForm','image-circle','admin','ZKEASOFT','2016-03-09 14:15:48.870000','admin','ZKEASOFT','2016-06-29 14:15:23.317000',NULL,NULL,1,'~/images/template%20(7).png',1,NULL),('4d67b2d10f4a425586e3b1115f7f7072','分隔符',NULL,3,NULL,'1c93b61690ce49d7af8e1ea45ac58eb9','d5f02570e4814439acc86a1874cb8f07','Widget.HTML','ZKEACMS','ZKEACMS.Common.Service.HtmlWidgetService','ZKEACMS.Common.Models.HtmlWidget',NULL,NULL,'admin','ZKEASOFT','2017-03-19 21:05:15.683000','admin','ZKEASOFT','2017-03-19 21:05:15.683000',NULL,NULL,0,'~/images/Widget.HTML.png',0,NULL),('50f810582d28440eb3bdff9ee5b1ef24','图片左（平分）',NULL,13,NULL,NULL,NULL,'Widget.HTML','ZKEACMS','ZKEACMS.Common.Service.HtmlWidgetService','ZKEACMS.Common.Models.HtmlWidget',NULL,NULL,'admin','ZKEASOFT','2016-03-09 21:36:23.247000','admin','ZKEASOFT','2016-06-29 14:16:05.733000',NULL,NULL,1,'~/images/template (17).png',1,NULL),('546218739ff04231b769734b3d91a398','文章内容',NULL,1,NULL,'bcfac5dc92a5407a927179780ad91f59','6bba8443507f4273b2b61048f7c71f40','Widget.ArticleDetail','ZKEACMS.Article','ZKEACMS.Article.Service.ArticleDetailWidgetService','ZKEACMS.Article.Models.ArticleDetailWidget',NULL,NULL,'admin','ZKEASOFT','2016-03-11 11:51:37.173000','admin','ZKEASOFT','2016-03-11 11:51:37.173000',NULL,NULL,0,'~/Plugins/ZKEACMS.Article/Content/Image/Widget.ArticleDetail.png',0,NULL),('55b73e54fd054de4847960bdac350c6d','图例二（圆）',NULL,15,NULL,NULL,NULL,'Widget.Section','ZKEACMS.SectionWidget','ZKEACMS.SectionWidget.Service.SectionWidgetService','ZKEACMS.SectionWidget.Models.SectionWidget','SectionWidgetForm','align-center image-circle','admin','ZKEASOFT','2016-03-09 14:33:40.533000','admin','ZKEASOFT','2016-06-29 14:17:49.737000',NULL,NULL,1,'~/images/template%20(10).png',1,NULL),('56991d0ff59d4c1db27aff3a50fcb382','页头',NULL,2,NULL,NULL,NULL,'Widget.HTML','ZKEACMS','ZKEACMS.Common.Service.HtmlWidgetService','ZKEACMS.Common.Models.HtmlWidget',NULL,NULL,'admin','ZKEASOFT','2016-03-09 13:51:35.577000','admin','ZKEASOFT','2016-06-29 14:10:19.703000',NULL,NULL,1,'~/images/template%20(1).png',1,NULL),('5d1624483b974f6298d727580e6fb636','导航',NULL,2,'0846a33e56bf45d5aae602ef40d87444',NULL,'be7a1e6a999b4264aab2b5ac593909a8','Widget.Navigation','ZKEACMS','ZKEACMS.Common.Service.NavigationWidgetService','ZKEACMS.Common.Models.NavigationWidget',NULL,NULL,'admin','ZKEASOFT','2016-03-10 21:26:53.067000','admin','ZKEASOFT','2016-03-10 21:26:53.067000',NULL,NULL,0,'~/images/Widget.Navigation.png',0,NULL),('604b2461f7c545e28dbb21fb15def5c7','相关链接','相关链接',1,NULL,'0880a4dfdc184ff99b88c88325716d1b','4cf5d05f2b954a7e8904713ad6781a61','Widget.Section','ZKEACMS.SectionWidget','ZKEACMS.SectionWidget.Service.SectionWidgetService','ZKEACMS.SectionWidget.Models.SectionWidget','SectionWidgetForm',NULL,'admin',NULL,'2015-09-01 10:13:42.000000','admin','ZKEASOFT','2017-10-15 17:18:36.063000',NULL,0,0,'~/images/Widget.Section.png',0,NULL),('62ca3b6b6ea644b4a64501021b02f13b','分隔符',NULL,2,NULL,'e371628aa3ff46c3a167f121c7a3f32b','6bba8443507f4273b2b61048f7c71f40','Widget.HTML','ZKEACMS','ZKEACMS.Common.Service.HtmlWidgetService','ZKEACMS.Common.Models.HtmlWidget',NULL,NULL,'admin','ZKEASOFT','2016-03-10 23:16:08.137000','admin','ZKEASOFT','2017-10-15 18:00:21.613000',NULL,NULL,0,'~/images/Widget.HTML.png',0,NULL),('6bb06e46293c46f084e83751a0832d36','产品列表',NULL,1,NULL,'068c85b8de8744e7a81b1d1010583308','c7bcd0a9d172432bafbf9f5a986685f2','Widget.ProductList','ZKEACMS.Product','ZKEACMS.Product.Service.ProductListWidgetService','ZKEACMS.Product.Models.ProductListWidget',NULL,NULL,'admin','ZKEASOFT','2016-05-15 20:56:40.867000','admin','ZKEASOFT','2016-05-15 20:56:40.867000',NULL,NULL,0,'~/Plugins/ZKEACMS.Product/Content/Image/Widget.ProductList.png',0,NULL),('6e823603a6854772bf2c242e35ab99fb','版权申明',NULL,1,'1dae90cf6a8547538cc0c369b9943c01',NULL,'7fe7ceb43d734faca8a21e78185995d6','Widget.HTML','ZKEACMS','ZKEACMS.Common.Service.HtmlWidgetService','ZKEACMS.Common.Models.HtmlWidget',NULL,'footer','admin','ZKEASOFT','2016-03-27 15:21:18.803000','admin','ZKEASOFT','2016-03-27 15:21:18.803000',NULL,NULL,0,'~/images/Widget.HTML.png',0,NULL),('7679a5060035444d85fe49dc3c02cada','图片',NULL,1,NULL,'534e07f396b14b7584a833d270356cb7','d5f02570e4814439acc86a1874cb8f07','Widget.Image','ZKEACMS','ZKEACMS.Common.Service.ImageWidgetService','ZKEACMS.Common.Models.ImageWidget',NULL,NULL,'admin','ZKEASOFT','2017-03-19 21:05:30.853000','admin','ZKEASOFT','2017-03-19 21:05:30.853000',NULL,NULL,0,'~/images/Widget.Image.png',0,NULL),('787d9ad849dd40d0905f22ae072d8507','产品内容',NULL,1,NULL,'a8d73e29b1eb4b7ea43420e2b6bf2c1b','6bba8443507f4273b2b61048f7c71f40','Widget.ProductDetail','ZKEACMS.Product','ZKEACMS.Product.Service.ProductDetailWidgetService','ZKEACMS.Product.Models.ProductDetailWidget',NULL,NULL,'admin','ZKEASOFT','2016-03-10 23:20:19.903000','admin','ZKEASOFT','2016-03-10 23:20:19.903000',NULL,NULL,0,'~/Plugins/ZKEACMS.Product/Content/Image/Widget.ProductDetail.png',0,NULL),('7e7a1d5b8d644333a7b3341509fc960f','注册用户','注册用户',2,NULL,'50fa3579e7434555a22f095dcb4ea35e','3ca302874c164b7b9691ca948300417b','Widget.Section','ZKEACMS.SectionWidget','ZKEACMS.SectionWidget.Service.SectionWidgetService','ZKEACMS.SectionWidget.Models.SectionWidget','SectionWidgetForm',NULL,'admin','ZKEASOFT','2017-10-15 18:11:36.773000','admin','ZKEASOFT','2017-10-15 18:11:36.773000',NULL,NULL,0,NULL,0,NULL),('7f77f09c3fcd4d498a4aa3b1c9508d7d','注册用户','注册用户',2,NULL,'0880a4dfdc184ff99b88c88325716d1b','3ca302874c164b7b9691ca948300417b','Widget.Section','ZKEACMS.SectionWidget','ZKEACMS.SectionWidget.Service.SectionWidgetService','ZKEACMS.SectionWidget.Models.SectionWidget','SectionWidgetForm',NULL,'admin','ZKEASOFT','2017-10-15 17:03:14.000000','admin','ZKEASOFT','2017-10-15 17:04:42.893000',NULL,NULL,0,NULL,0,NULL),('80f365c7991a49a0b04aa11006018814','网站管理','后台管理',1,NULL,'0880a4dfdc184ff99b88c88325716d1b','3ca302874c164b7b9691ca948300417b','Widget.Section','ZKEACMS.SectionWidget','ZKEACMS.SectionWidget.Service.SectionWidgetService','ZKEACMS.SectionWidget.Models.SectionWidget','SectionWidgetForm',NULL,'admin',NULL,'2015-09-01 10:09:22.000000','admin','ZKEASOFT','2017-10-15 17:03:50.207000',NULL,0,0,NULL,0,NULL),('88ab49212dee47bba878a52bec86f501','网站管理','后台管理',1,NULL,'50fa3579e7434555a22f095dcb4ea35e','3ca302874c164b7b9691ca948300417b','Widget.Section','ZKEACMS.SectionWidget','ZKEACMS.SectionWidget.Service.SectionWidgetService','ZKEACMS.SectionWidget.Models.SectionWidget','SectionWidgetForm',NULL,'admin','ZKEASOFT','2017-10-15 18:11:36.793000','admin','ZKEASOFT','2017-10-15 18:11:36.793000',NULL,0,0,NULL,0,NULL),('8c5b69f614b641c0a5f7a8e318de8df3','ZKEACMS 简介',NULL,3,NULL,'0880a4dfdc184ff99b88c88325716d1b','d5f02570e4814439acc86a1874cb8f07','Widget.ArticleSummary','ZKEACMS.Article','ZKEACMS.Article.Service.ArticleSummaryWidgetService','ZKEACMS.Article.Models.ArticleSummaryWidget',NULL,NULL,'admin',NULL,'2015-09-01 09:54:38.000000','admin','ZKEASOFT','2017-10-15 17:12:08.850000',NULL,0,0,NULL,0,NULL),('8cc061c2e2514ef9b85bbecdec3f84ab','分隔符',NULL,5,NULL,NULL,NULL,'Widget.HTML','ZKEACMS','ZKEACMS.Common.Service.HtmlWidgetService','ZKEACMS.Common.Models.HtmlWidget',NULL,NULL,'admin','ZKEASOFT','2016-03-09 13:55:12.377000','admin','ZKEASOFT','2016-03-09 13:55:12.377000',NULL,NULL,1,'~/images/template%20(3).png',1,NULL),('8df64186d2fd4d63a9f9bb3b6e34cd2a','文章类别','文章类别',1,NULL,'e371628aa3ff46c3a167f121c7a3f32b','85b6e66b7b3345e9a482af084da307d3','Widget.ArticleType','ZKEACMS.Article','ZKEACMS.Article.Service.ArticleTypeWidgetService','ZKEACMS.Article.Models.ArticleTypeWidget',NULL,NULL,'admin','ZKEASOFT','2016-03-10 21:21:20.527000','admin','ZKEASOFT','2016-05-15 21:04:35.783000',NULL,NULL,0,'~/Plugins/ZKEACMS.Article/Content/Image/Widget.ArticleType.png',0,NULL),('8ea46d2923ad4d62958c565b19bb172d','图片',NULL,1,NULL,'068c85b8de8744e7a81b1d1010583308','6bba8443507f4273b2b61048f7c71f40','Widget.Image','ZKEACMS','ZKEACMS.Common.Service.ImageWidgetService','ZKEACMS.Common.Models.ImageWidget',NULL,NULL,'admin','ZKEASOFT','2016-05-15 20:56:40.857000','admin','ZKEASOFT','2016-05-15 20:56:40.857000',NULL,NULL,0,'~/images/Widget.Image.png',0,NULL),('942b4ac54f3e4dfca006172bf4122da4','留言板',NULL,4,NULL,'1c93b61690ce49d7af8e1ea45ac58eb9','d5f02570e4814439acc86a1874cb8f07','Widget.Message','ZKEACMS.Message','ZKEACMS.Message.Service.MessageWidgetService','ZKEACMS.Message.Models.MessageWidget',NULL,NULL,'admin','ZKEASOFT','2017-03-19 21:04:56.380000','admin','ZKEASOFT','2017-03-19 21:04:56.380000',NULL,NULL,0,'~/Plugins/ZKEACMS.Message/Content/Image/Widget.Message.png',0,'{\"FormView\":null,\"ExtendData\":null,\"Description\":null,\"Status\":null,\"CreateBy\":null,\"CreatebyName\":null,\"CreateDate\":null,\"LastUpdateBy\":null,\"LastUpdateByName\":null,\"LastUpdateDate\":null,\"ActionType\":1,\"ID\":\"942b4ac54f3e4dfca006172bf4122da4\",\"WidgetName\":\"留言板\",\"Position\":1,\"LayoutID\":null,\"PageID\":\"1c93b61690ce49d7af8e1ea45ac58eb9\",\"ZoneID\":\"3ca302874c164b7b9691ca948300417b\",\"IsTemplate\":false,\"Thumbnail\":null,\"IsSystem\":false,\"PartialView\":\"Widget.Message\",\"AssemblyName\":\"Easy.CMS.Message\",\"ServiceTypeName\":\"Easy.CMS.Message.Service.MessageWidgetService\",\"ViewModelTypeName\":\"Easy.CMS.Message.Models.MessageWidget\",\"StyleClass\":null,\"CustomClass\":\"\",\"CustomStyle\":\"\",\"ExtendFields\":null,\"Title\":null}'),('94624262dc00460cbbc1e0f51711e712','产品内容',NULL,1,NULL,'4b889b430aa44517bbad38a57c745cc5','6bba8443507f4273b2b61048f7c71f40','Widget.ProductDetail','ZKEACMS.Product','ZKEACMS.Product.Service.ProductDetailWidgetService','ZKEACMS.Product.Models.ProductDetailWidget',NULL,NULL,'admin','ZKEASOFT','2016-03-10 23:24:38.783000','admin','ZKEASOFT','2016-03-10 23:24:38.783000',NULL,NULL,0,'~/Plugins/ZKEACMS.Product/Content/Image/Widget.ProductDetail.png',0,NULL),('a64ad266b3bd4e0eb4e2df09b550fe55','留言箱',NULL,2,NULL,'1c93b61690ce49d7af8e1ea45ac58eb9','d5f02570e4814439acc86a1874cb8f07','Widget.MessageBox','ZKEACMS.Message','ZKEACMS.Message.Service.MessageBoxWidgetService','ZKEACMS.Message.Models.MessageBoxWidget',NULL,NULL,'admin','ZKEASOFT','2017-03-19 21:04:44.953000','admin','ZKEASOFT','2017-03-19 21:04:44.953000',NULL,NULL,0,'~/Plugins/ZKEACMS.Message/Content/Image/Widget.MessageBox.png',0,'{\"ID\":\"a64ad266b3bd4e0eb4e2df09b550fe55\",\"WidgetName\":\"留言箱\",\"Position\":1,\"LayoutID\":null,\"PageID\":\"1c93b61690ce49d7af8e1ea45ac58eb9\",\"ZoneID\":\"4cf5d05f2b954a7e8904713ad6781a61\",\"IsTemplate\":false,\"Thumbnail\":null,\"IsSystem\":false,\"PartialView\":\"Widget.MessageBox\",\"AssemblyName\":\"Easy.CMS.Message\",\"ServiceTypeName\":\"Easy.CMS.Message.Service.MessageBoxWidgetService\",\"ViewModelTypeName\":\"Easy.CMS.Message.Models.MessageBoxWidget\",\"FormView\":null,\"StyleClass\":null,\"CustomClass\":\"\",\"CustomStyle\":\"\",\"ExtendData\":null,\"ExtendFields\":null,\"Title\":null,\"Description\":null,\"Status\":null,\"CreateBy\":null,\"CreatebyName\":null,\"CreateDate\":null,\"LastUpdateBy\":null,\"LastUpdateByName\":null,\"LastUpdateDate\":null,\"ActionType\":1}'),('b568ff7f4a894870adaf9afadf787bf9','图例二',NULL,14,NULL,NULL,NULL,'Widget.Section','ZKEACMS.SectionWidget','ZKEACMS.SectionWidget.Service.SectionWidgetService','ZKEACMS.SectionWidget.Models.SectionWidget','SectionWidgetForm',NULL,'admin','ZKEASOFT','2016-03-09 14:20:29.887000','admin','ZKEASOFT','2016-06-29 14:16:58.140000',NULL,NULL,1,'~/images/template%20(9).png',1,NULL),('bb7dab4f077745ef8b5b425eaabb423c','巨幕',NULL,1,NULL,NULL,NULL,'Widget.HTML','ZKEACMS','ZKEACMS.Common.Service.HtmlWidgetService','ZKEACMS.Common.Models.HtmlWidget',NULL,NULL,'admin','ZKEASOFT','2016-03-09 21:28:47.827000','admin','ZKEASOFT','2016-06-29 14:09:41.597000',NULL,NULL,1,'~/images/template (16).png',1,NULL),('c090c0ec3b28478bbfb1e7166a6c5819','欢迎使用ZKEACMS进行创作',NULL,1,'1dae90cf6a8547538cc0c369b9943c01',NULL,'40a562598d3a44a98646519094631628','Widget.HTML','ZKEACMS','ZKEACMS.Common.Service.HtmlWidgetService','ZKEACMS.Common.Models.HtmlWidget',NULL,'header','admin','ZKEASOFT','2016-03-01 10:35:19.327000','admin','ZKEASOFT','2016-03-01 10:35:28.090000',NULL,NULL,0,'~/images/Widget.HTML.png',0,NULL),('c1736950fd8c46beb8b05f5d9010556c','导航',NULL,2,'1dae90cf6a8547538cc0c369b9943c01',NULL,'40a562598d3a44a98646519094631628','Widget.Navigation','ZKEACMS','ZKEACMS.Common.Service.NavigationWidgetService','ZKEACMS.Common.Models.NavigationWidget',NULL,NULL,'admin','ZKEASOFT','2016-03-01 10:35:46.863000','admin','ZKEASOFT','2016-03-10 21:54:45.747000',NULL,NULL,0,'~/images/Widget.Navigation.png',0,NULL),('ca9f8809636d448cbd4f3beb418465b3','文章列表',NULL,1,NULL,'d070f202bb2f45ddbd35f0a7cfee1dfa','c7bcd0a9d172432bafbf9f5a986685f2','Widget.ArticleList','ZKEACMS.Article','ZKEACMS.Article.Service.ArticleListWidgetService','ZKEACMS.Article.Models.ArticleListWidget',NULL,NULL,'admin','ZKEASOFT','2017-10-15 18:11:45.317000','admin','ZKEASOFT','2017-10-15 18:11:45.317000',NULL,NULL,0,'~/Plugins/ZKEACMS.Article/Content/Image/Widget.ArticleList.png',0,NULL),('cc908601eb5544b2a3855b84e99645bc','版权申明',NULL,1,'0846a33e56bf45d5aae602ef40d87444',NULL,'1c232c2d572f415082e74771e37e3580','Widget.HTML','ZKEACMS','ZKEACMS.Common.Service.HtmlWidgetService','ZKEACMS.Common.Models.HtmlWidget',NULL,'footer','admin','ZKEASOFT','2016-03-27 15:20:38.730000','admin','ZKEASOFT','2016-03-27 15:20:58.557000',NULL,NULL,0,'~/images/Widget.HTML.png',0,NULL),('cd21a7bf68b44f6e8d178b153288a26e','ZKEACMS 简介',NULL,3,NULL,'50fa3579e7434555a22f095dcb4ea35e','d5f02570e4814439acc86a1874cb8f07','Widget.ArticleSummary','ZKEACMS.Article','ZKEACMS.Article.Service.ArticleSummaryWidgetService','ZKEACMS.Article.Models.ArticleSummaryWidget',NULL,NULL,'admin','ZKEASOFT','2017-10-15 18:11:36.807000','admin','ZKEASOFT','2017-10-15 18:11:36.807000',NULL,0,0,NULL,0,NULL),('de8d94fd51cb4e73b00518dbb2f134d3','文章类别','文章类别',1,NULL,'d070f202bb2f45ddbd35f0a7cfee1dfa','85b6e66b7b3345e9a482af084da307d3','Widget.ArticleType','ZKEACMS.Article','ZKEACMS.Article.Service.ArticleTypeWidgetService','ZKEACMS.Article.Models.ArticleTypeWidget',NULL,NULL,'admin','ZKEASOFT','2017-10-15 18:11:45.367000','admin','ZKEASOFT','2017-10-15 18:11:45.367000',NULL,NULL,0,'~/Plugins/ZKEACMS.Article/Content/Image/Widget.ArticleType.png',0,NULL),('e0783dbbcc564322a1f2e3ca2833dbd4','相关链接','相关链接',1,NULL,'50fa3579e7434555a22f095dcb4ea35e','4cf5d05f2b954a7e8904713ad6781a61','Widget.Section','ZKEACMS.SectionWidget','ZKEACMS.SectionWidget.Service.SectionWidgetService','ZKEACMS.SectionWidget.Models.SectionWidget','SectionWidgetForm',NULL,'admin','ZKEASOFT','2017-10-15 18:11:36.733000','admin','ZKEASOFT','2017-10-15 18:11:36.733000',NULL,0,0,'~/images/Widget.Section.png',0,NULL),('e5ba6adb117440959757b98e4289430f','图片',NULL,1,NULL,'9d84599edb2443439a53e8d906815c8f','6bba8443507f4273b2b61048f7c71f40','Widget.Image','ZKEACMS','ZKEACMS.Common.Service.ImageWidgetService','ZKEACMS.Common.Models.ImageWidget',NULL,NULL,'admin','ZKEASOFT','2016-03-10 23:31:24.887000','admin','ZKEASOFT','2016-03-27 15:16:41.790000',NULL,NULL,0,'~/images/Widget.Image.png',0,NULL),('e88916cc41b3465b9ae954bafac5f796','产品列表',NULL,1,NULL,'9d84599edb2443439a53e8d906815c8f','c7bcd0a9d172432bafbf9f5a986685f2','Widget.ProductList','ZKEACMS.Product','ZKEACMS.Product.Service.ProductListWidgetService','ZKEACMS.Product.Models.ProductListWidget',NULL,NULL,'admin','ZKEASOFT','2016-03-10 23:18:21.907000','admin','ZKEASOFT','2016-03-10 23:31:03.770000',NULL,NULL,0,'~/Plugins/ZKEACMS.Product/Content/Image/Widget.ProductList.png',0,NULL),('e8fd1019bab045e5927ec30abaaa1aba','文章内容',NULL,1,NULL,'a3d735320eb04c63bf3258d7b44e30f8','6bba8443507f4273b2b61048f7c71f40','Widget.ArticleDetail','ZKEACMS.Article','ZKEACMS.Article.Service.ArticleDetailWidgetService','ZKEACMS.Article.Models.ArticleDetailWidget',NULL,NULL,'admin','ZKEASOFT','2016-03-10 21:24:12.857000','admin','ZKEASOFT','2016-03-10 21:24:12.857000',NULL,NULL,0,'~/Plugins/ZKEACMS.Article/Content/Image/Widget.ArticleDetail.png',0,NULL),('eb7657f5bcbd4e98977a42950936e7ac','产品类别','产品类别',1,NULL,'9d84599edb2443439a53e8d906815c8f','85b6e66b7b3345e9a482af084da307d3','Widget.ProductCategory','ZKEACMS.Product','ZKEACMS.Product.Service.ProductCategoryWidgetService','ZKEACMS.Product.Models.ProductCategoryWidget',NULL,NULL,'admin','ZKEASOFT','2016-03-10 23:28:35.323000','admin','ZKEASOFT','2016-05-15 20:56:37.497000',NULL,NULL,0,'~/Plugins/ZKEACMS.Product/Content/Image/Widget.ProductCategory.png',0,NULL),('ed837392097f4e60b812bc57111dd762','图例三',NULL,16,NULL,NULL,NULL,'Widget.Section','ZKEACMS.SectionWidget','ZKEACMS.SectionWidget.Service.SectionWidgetService','ZKEACMS.SectionWidget.Models.SectionWidget','SectionWidgetForm',NULL,'admin','ZKEASOFT','2016-03-09 14:36:24.463000','admin','ZKEASOFT','2016-06-29 14:18:22.983000',NULL,NULL,1,'~/images/template%20(11).png',1,NULL),('f41174cfa4d247f4974c47f4d2b000fd','文字二列',NULL,7,NULL,NULL,NULL,'Widget.Section','ZKEACMS.SectionWidget','ZKEACMS.SectionWidget.Service.SectionWidgetService','ZKEACMS.SectionWidget.Models.SectionWidget','SectionWidgetForm',NULL,'admin','ZKEASOFT','2016-03-09 21:21:37.693000','admin','ZKEASOFT','2016-06-29 14:11:06.067000',NULL,NULL,1,'~/images/template (14).png',1,NULL),('f6de0d62d3974ee2bf2ded3fbbc82c2b','间距',NULL,6,NULL,NULL,NULL,'Widget.HTML','ZKEACMS','ZKEACMS.Common.Service.HtmlWidgetService','ZKEACMS.Common.Models.HtmlWidget',NULL,NULL,'admin','ZKEASOFT','2016-03-09 14:00:46.400000','admin','ZKEASOFT','2016-03-09 14:08:21.673000',NULL,NULL,1,'~/images/template%20(4).png',1,NULL),('f6f11ba2fec844de883acf0a1fe3eb89','图片右（圆）',NULL,10,NULL,NULL,NULL,'Widget.Section','ZKEACMS.SectionWidget','ZKEACMS.SectionWidget.Service.SectionWidgetService','ZKEACMS.SectionWidget.Models.SectionWidget','SectionWidgetForm','image-circle','admin','ZKEASOFT','2016-03-09 14:15:44.227000','admin','ZKEASOFT','2016-06-29 14:13:44.223000',NULL,NULL,1,'~/images/template%20(8).png',1,NULL),('fee7f4d7d7e641b0bfa74491a543d245','图片',NULL,3,NULL,NULL,NULL,'Widget.Image','ZKEACMS','ZKEACMS.Common.Service.ImageWidgetService','ZKEACMS.Common.Models.ImageWidget',NULL,NULL,'admin','ZKEASOFT','2016-03-09 21:14:46.133000','admin','ZKEASOFT','2016-03-09 21:14:46.133000',NULL,NULL,1,'~/images/template (13).png',1,NULL);
/*!40000 ALTER TABLE `cms_widgetbase` ENABLE KEYS */;
UNLOCK TABLES;

--
-- Table structure for table `cms_widgettemplate`
--

DROP TABLE IF EXISTS `cms_widgettemplate`;
/*!40101 SET @saved_cs_client     = @@character_set_client */;
/*!40101 SET character_set_client = utf8 */;
CREATE TABLE `cms_widgettemplate` (
  `ID` int(11) NOT NULL AUTO_INCREMENT,
  `Title` varchar(255) DEFAULT NULL,
  `GroupName` varchar(255) DEFAULT NULL,
  `PartialView` varchar(255) DEFAULT NULL,
  `AssemblyName` varchar(255) DEFAULT NULL,
  `ServiceTypeName` varchar(255) DEFAULT NULL,
  `ViewModelTypeName` varchar(255) DEFAULT NULL,
  `Thumbnail` varchar(100) DEFAULT NULL,
  `Order` int(11) DEFAULT NULL,
  `Description` longtext,
  `Status` int(11) DEFAULT NULL,
  `FormView` varchar(255) DEFAULT NULL,
  `StyleClass` varchar(255) DEFAULT NULL,
  `CreateBy` varchar(50) DEFAULT NULL,
  `CreatebyName` varchar(100) DEFAULT NULL,
  `CreateDate` datetime(6) DEFAULT NULL,
  `LastUpdateBy` varchar(50) DEFAULT NULL,
  `LastUpdateByName` varchar(100) DEFAULT NULL,
  `LastUpdateDate` datetime(6) DEFAULT NULL,
  PRIMARY KEY (`ID`)
) ENGINE=InnoDB AUTO_INCREMENT=23 DEFAULT CHARSET=utf8;
/*!40101 SET character_set_client = @saved_cs_client */;

--
-- Dumping data for table `cms_widgettemplate`
--

LOCK TABLES `cms_widgettemplate` WRITE;
/*!40000 ALTER TABLE `cms_widgettemplate` DISABLE KEYS */;
INSERT INTO `cms_widgettemplate` VALUES (1,'HTML','1.通用','Widget.HTML','ZKEACMS','ZKEACMS.Common.Service.HtmlWidgetService','ZKEACMS.Common.Models.HtmlWidget','~/images/Widget.HTML.png',1,NULL,1,NULL,NULL,NULL,NULL,NULL,NULL,NULL,NULL),(2,'导航','1.通用','Widget.Navigation','ZKEACMS','ZKEACMS.Common.Service.NavigationWidgetService','ZKEACMS.Common.Models.NavigationWidget','~/images/Widget.Navigation.png',2,NULL,1,NULL,NULL,NULL,NULL,NULL,NULL,NULL,NULL),(3,'文章列表','2.文章','Widget.ArticleList','ZKEACMS.Article','ZKEACMS.Article.Service.ArticleListWidgetService','ZKEACMS.Article.Models.ArticleListWidget','~/Plugins/ZKEACMS.Article/Content/Image/Widget.ArticleList.png',1,NULL,1,NULL,NULL,NULL,NULL,NULL,NULL,NULL,NULL),(4,'文章内容','2.文章','Widget.ArticleDetail','ZKEACMS.Article','ZKEACMS.Article.Service.ArticleDetailWidgetService','ZKEACMS.Article.Models.ArticleDetailWidget','~/Plugins/ZKEACMS.Article/Content/Image/Widget.ArticleDetail.png',3,NULL,1,NULL,NULL,NULL,NULL,NULL,NULL,NULL,NULL),(5,'焦点图','1.通用','Widget.Carousel','ZKEACMS','ZKEACMS.Common.Service.CarouselWidgetService','ZKEACMS.Common.Models.CarouselWidget','~/images/Widget.Carousel.png',3,NULL,1,NULL,NULL,NULL,NULL,NULL,NULL,NULL,NULL),(6,'置顶文章','2.文章','Widget.ArticleTops','ZKEACMS.Article','ZKEACMS.Article.Service.ArticleTopWidgetService','ZKEACMS.Article.Models.ArticleTopWidget','~/Plugins/ZKEACMS.Article/Content/Image/Widget.ArticleTops.png',4,NULL,1,NULL,NULL,NULL,NULL,NULL,NULL,NULL,NULL),(7,'文章概览','2.文章','Widget.ArticleSummary','ZKEACMS.Article','ZKEACMS.Article.Service.ArticleSummaryWidgetService','ZKEACMS.Article.Models.ArticleSummaryWidget','~/Plugins/ZKEACMS.Article/Content/Image/Widget.ArticleSummary.png',5,NULL,1,NULL,NULL,NULL,NULL,NULL,NULL,NULL,NULL),(9,'产品列表','3.产品','Widget.ProductList','ZKEACMS.Product','ZKEACMS.Product.Service.ProductListWidgetService','ZKEACMS.Product.Models.ProductListWidget','~/Plugins/ZKEACMS.Product/Content/Image/Widget.ProductList.png',1,NULL,1,NULL,NULL,NULL,NULL,NULL,NULL,NULL,NULL),(10,'产品类别','3.产品','Widget.ProductCategory','ZKEACMS.Product','ZKEACMS.Product.Service.ProductCategoryWidgetService','ZKEACMS.Product.Models.ProductCategoryWidget','~/Plugins/ZKEACMS.Product/Content/Image/Widget.ProductCategory.png',2,NULL,1,NULL,NULL,NULL,NULL,NULL,NULL,NULL,NULL),(11,'文章类别','2.文章','Widget.ArticleType','ZKEACMS.Article','ZKEACMS.Article.Service.ArticleTypeWidgetService','ZKEACMS.Article.Models.ArticleTypeWidget','~/Plugins/ZKEACMS.Article/Content/Image/Widget.ArticleType.png',2,NULL,1,NULL,NULL,NULL,NULL,NULL,NULL,NULL,NULL),(12,'图片','1.通用','Widget.Image','ZKEACMS','ZKEACMS.Common.Service.ImageWidgetService','ZKEACMS.Common.Models.ImageWidget','~/images/Widget.Image.png',4,NULL,1,NULL,NULL,NULL,NULL,NULL,NULL,NULL,NULL),(13,'产品内容','3.产品','Widget.ProductDetail','ZKEACMS.Product','ZKEACMS.Product.Service.ProductDetailWidgetService','ZKEACMS.Product.Models.ProductDetailWidget','~/Plugins/ZKEACMS.Product/Content/Image/Widget.ProductDetail.png',3,NULL,1,NULL,NULL,NULL,NULL,NULL,NULL,NULL,NULL),(14,'自定义','1.通用','Widget.Section','ZKEACMS.SectionWidget','ZKEACMS.SectionWidget.Service.SectionWidgetService','ZKEACMS.SectionWidget.Models.SectionWidget','~/images/Widget.Section.png',6,NULL,1,'SectionWidgetForm',NULL,NULL,NULL,NULL,NULL,NULL,NULL),(15,'脚本','1.通用','Widget.Script','ZKEACMS','ZKEACMS.Common.Service.ScriptWidgetService','ZKEACMS.Common.Models.ScriptWidget','~/images/Widget.Script.png',7,NULL,1,NULL,NULL,NULL,NULL,NULL,NULL,NULL,NULL),(16,'视频','1.通用','Widget.Video','ZKEACMS','ZKEACMS.Common.Service.VideoWidgetService','ZKEACMS.Common.Models.VideoWidget','~/images/Widget.Video.png',5,NULL,1,NULL,NULL,NULL,NULL,NULL,NULL,NULL,NULL),(18,'样式','1.通用','Widget.StyleSheet','ZKEACMS','ZKEACMS.Common.Service.StyleSheetWidgetService','ZKEACMS.Common.Models.StyleSheetWidget','~/images/Widget.StyleSheet.png',8,'',1,NULL,NULL,NULL,NULL,NULL,NULL,NULL,NULL),(19,'留言板','1.通用','Widget.Message','ZKEACMS.Message','ZKEACMS.Message.Service.MessageWidgetService','ZKEACMS.Message.Models.MessageWidget','~/Plugins/ZKEACMS.Message/Content/Image/Widget.Message.png',9,'',1,NULL,NULL,NULL,NULL,NULL,NULL,NULL,NULL),(20,'留言内容','1.通用','Widget.MessageBox','ZKEACMS.Message','ZKEACMS.Message.Service.MessageBoxWidgetService','ZKEACMS.Message.Models.MessageBoxWidget','~/Plugins/ZKEACMS.Message/Content/Image/Widget.MessageBox.png',10,'',1,NULL,NULL,NULL,NULL,NULL,NULL,NULL,NULL),(21,'路径导航','1.通用','Widget.Breadcrumb','ZKEACMS','ZKEACMS.Common.Service.BreadcrumbWidgetService','ZKEACMS.Common.Models.BreadcrumbWidget','~/images/Widget.Breadcrumb.png',11,'',1,NULL,NULL,NULL,NULL,NULL,NULL,NULL,NULL),(22,'表单','1.通用','Widget.Form','ZKEACMS.FormGenerator','ZKEACMS.FormGenerator.Service.FormWidgetService','ZKEACMS.FormGenerator.Models.FormWidget','~/Plugins/ZKEACMS.FormGenerator/Content/images/Widget.Form.png',12,NULL,1,NULL,NULL,NULL,NULL,NULL,NULL,NULL,NULL);
/*!40000 ALTER TABLE `cms_widgettemplate` ENABLE KEYS */;
UNLOCK TABLES;

--
-- Table structure for table `cms_zone`
--

DROP TABLE IF EXISTS `cms_zone`;
/*!40101 SET @saved_cs_client     = @@character_set_client */;
/*!40101 SET character_set_client = utf8 */;
CREATE TABLE `cms_zone` (
  `ID` varchar(100) NOT NULL,
  `LayoutId` varchar(100) DEFAULT NULL,
  `ZoneName` varchar(255) DEFAULT NULL,
  `Title` varchar(255) DEFAULT NULL,
  `CreateBy` varchar(50) DEFAULT NULL,
  `CreatebyName` varchar(100) DEFAULT NULL,
  `CreateDate` datetime(6) DEFAULT NULL,
  `LastUpdateBy` varchar(50) DEFAULT NULL,
  `LastUpdateByName` varchar(100) DEFAULT NULL,
  `LastUpdateDate` datetime(6) DEFAULT NULL,
  `Description` longtext,
  `Status` int(11) DEFAULT NULL,
  `HeadingCode` varchar(100) DEFAULT NULL,
  PRIMARY KEY (`ID`),
  KEY `FK_CMS_Zone_CMS_Layout` (`LayoutId`),
  CONSTRAINT `FK_CMS_Zone_CMS_Layout` FOREIGN KEY (`LayoutId`) REFERENCES `cms_layout` (`ID`) ON DELETE NO ACTION ON UPDATE NO ACTION
) ENGINE=InnoDB DEFAULT CHARSET=utf8;
/*!40101 SET character_set_client = @saved_cs_client */;

--
-- Dumping data for table `cms_zone`
--

LOCK TABLES `cms_zone` WRITE;
/*!40000 ALTER TABLE `cms_zone` DISABLE KEYS */;
INSERT INTO `cms_zone` VALUES ('1c232c2d572f415082e74771e37e3580','0846a33e56bf45d5aae602ef40d87444','版权',NULL,'admin','ZKEASOFT','2016-03-10 21:08:20.893000','admin','ZKEASOFT','2016-05-14 15:01:53.270000',NULL,NULL,'1c232c2d572f415082e74771e37e3580'),('3ca302874c164b7b9691ca948300417b','1dae90cf6a8547538cc0c369b9943c01','内容右',NULL,'admin',NULL,'2015-08-31 11:58:54.257000','admin','ZKEASOFT','2016-06-02 19:33:37.833000',NULL,NULL,'3ca302874c164b7b9691ca948300417b'),('40a562598d3a44a98646519094631628','1dae90cf6a8547538cc0c369b9943c01','顶部',NULL,'admin',NULL,'2015-08-31 11:58:54.253000','admin','ZKEASOFT','2016-06-02 19:33:37.813000',NULL,NULL,'40a562598d3a44a98646519094631628'),('4cf5d05f2b954a7e8904713ad6781a61','1dae90cf6a8547538cc0c369b9943c01','内容左',NULL,'admin',NULL,'2015-08-31 11:58:54.257000','admin','ZKEASOFT','2016-06-02 19:33:37.830000',NULL,NULL,'4cf5d05f2b954a7e8904713ad6781a61'),('6bba8443507f4273b2b61048f7c71f40','0846a33e56bf45d5aae602ef40d87444','焦点',NULL,'admin','ZKEASOFT','2016-03-10 21:08:20.887000','admin','ZKEASOFT','2016-05-14 15:01:53.260000',NULL,NULL,'6bba8443507f4273b2b61048f7c71f40'),('7fe7ceb43d734faca8a21e78185995d6','1dae90cf6a8547538cc0c369b9943c01','底部',NULL,'admin',NULL,'2015-08-31 11:58:54.260000','admin','ZKEASOFT','2016-06-02 19:33:37.837000',NULL,NULL,'7fe7ceb43d734faca8a21e78185995d6'),('85b6e66b7b3345e9a482af084da307d3','0846a33e56bf45d5aae602ef40d87444','其它',NULL,'admin','ZKEASOFT','2016-03-10 21:08:20.890000','admin','ZKEASOFT','2016-05-14 15:01:53.270000',NULL,NULL,'85b6e66b7b3345e9a482af084da307d3'),('be7a1e6a999b4264aab2b5ac593909a8','0846a33e56bf45d5aae602ef40d87444','导航',NULL,'admin','ZKEASOFT','2016-03-10 21:08:20.527000','admin','ZKEASOFT','2016-05-14 15:01:52.893000',NULL,NULL,'be7a1e6a999b4264aab2b5ac593909a8'),('c7bcd0a9d172432bafbf9f5a986685f2','0846a33e56bf45d5aae602ef40d87444','主内容',NULL,'admin','ZKEASOFT','2016-03-10 21:08:20.893000','admin','ZKEASOFT','2016-05-14 15:01:53.263000',NULL,NULL,'c7bcd0a9d172432bafbf9f5a986685f2'),('d5f02570e4814439acc86a1874cb8f07','1dae90cf6a8547538cc0c369b9943c01','主内容',NULL,'admin',NULL,'2015-08-31 11:58:54.257000','admin','ZKEASOFT','2016-06-02 19:33:37.823000',NULL,NULL,'d5f02570e4814439acc86a1874cb8f07');
/*!40000 ALTER TABLE `cms_zone` ENABLE KEYS */;
UNLOCK TABLES;

--
-- Table structure for table `dataarchived`
--

DROP TABLE IF EXISTS `dataarchived`;
/*!40101 SET @saved_cs_client     = @@character_set_client */;
/*!40101 SET character_set_client = utf8 */;
CREATE TABLE `dataarchived` (
  `ID` varchar(100) NOT NULL,
  `Data` longtext,
  `Title` varchar(50) DEFAULT NULL,
  `Description` varchar(500) DEFAULT NULL,
  `Status` int(11) DEFAULT NULL,
  `CreateBy` varchar(50) DEFAULT NULL,
  `CreatebyName` varchar(100) DEFAULT NULL,
  `CreateDate` datetime(6) DEFAULT NULL,
  `LastUpdateBy` varchar(50) DEFAULT NULL,
  `LastUpdateByName` varchar(100) DEFAULT NULL,
  `LastUpdateDate` datetime(6) DEFAULT NULL,
  PRIMARY KEY (`ID`)
) ENGINE=InnoDB DEFAULT CHARSET=utf8;
/*!40101 SET character_set_client = @saved_cs_client */;

--
-- Dumping data for table `dataarchived`
--

LOCK TABLES `dataarchived` WRITE;
/*!40000 ALTER TABLE `dataarchived` DISABLE KEYS */;
/*!40000 ALTER TABLE `dataarchived` ENABLE KEYS */;
UNLOCK TABLES;

--
-- Table structure for table `datadictionary`
--

DROP TABLE IF EXISTS `datadictionary`;
/*!40101 SET @saved_cs_client     = @@character_set_client */;
/*!40101 SET character_set_client = utf8 */;
CREATE TABLE `datadictionary` (
  `ID` int(11) NOT NULL AUTO_INCREMENT,
  `DicName` varchar(255) DEFAULT NULL,
  `Title` varchar(255) DEFAULT NULL,
  `DicValue` varchar(255) DEFAULT NULL,
  `Order` int(11) DEFAULT NULL,
  `Pid` int(11) DEFAULT NULL,
  `IsSystem` tinyint(1) NOT NULL,
  `ImageUrl` varchar(255) DEFAULT NULL,
  `ImageThumbUrl` varchar(255) DEFAULT NULL,
  `Description` longtext,
  `Status` int(11) DEFAULT NULL,
  `CreateBy` varchar(50) DEFAULT NULL,
  `CreatebyName` varchar(100) DEFAULT NULL,
  `CreateDate` datetime(6) DEFAULT NULL,
  `LastUpdateBy` varchar(50) DEFAULT NULL,
  `LastUpdateByName` varchar(100) DEFAULT NULL,
  `LastUpdateDate` datetime(6) DEFAULT NULL,
  PRIMARY KEY (`ID`)
) ENGINE=InnoDB AUTO_INCREMENT=28 DEFAULT CHARSET=utf8;
/*!40101 SET character_set_client = @saved_cs_client */;

--
-- Dumping data for table `datadictionary`
--

LOCK TABLES `datadictionary` WRITE;
/*!40000 ALTER TABLE `datadictionary` DISABLE KEYS */;
INSERT INTO `datadictionary` VALUES (1,'RecordStatus','有效','1',1,0,1,NULL,NULL,NULL,0,NULL,NULL,NULL,NULL,NULL,NULL),(2,'RecordStatus','无效','2',2,0,1,NULL,NULL,NULL,0,NULL,NULL,NULL,NULL,NULL,NULL),(3,'ArticleCategory','新闻','1',1,0,1,NULL,NULL,NULL,0,NULL,NULL,NULL,NULL,NULL,NULL),(4,'ArticleCategory','公司新闻','2',2,3,1,NULL,NULL,NULL,0,NULL,NULL,NULL,NULL,NULL,NULL),(5,'ArticleCategory','行业新闻','3',3,3,1,NULL,NULL,NULL,0,NULL,NULL,NULL,NULL,NULL,NULL),(6,'UserEntity@Sex','男','1',1,0,1,NULL,NULL,NULL,0,NULL,NULL,NULL,NULL,NULL,NULL),(7,'UserEntity@Sex','女','2',2,0,1,NULL,NULL,NULL,0,NULL,NULL,NULL,NULL,NULL,NULL),(8,'UserEntity@MaritalStatus','未婚','1',1,0,1,NULL,NULL,NULL,0,NULL,NULL,NULL,NULL,NULL,NULL),(9,'UserEntity@MaritalStatus','已婚','2',2,0,1,NULL,NULL,NULL,0,NULL,NULL,NULL,NULL,NULL,NULL),(11,'UserEntity@UserTypeCD','后台管理员','1',1,0,1,NULL,NULL,NULL,0,NULL,NULL,NULL,NULL,NULL,NULL),(12,'ArticleTopWidget@PartialView','默认','Widget.ArticleTops',1,0,1,NULL,NULL,NULL,0,NULL,NULL,NULL,NULL,NULL,NULL),(13,'ArticleListWidget@PartialView','默认','Widget.ArticleList',1,0,1,NULL,NULL,NULL,0,NULL,NULL,NULL,NULL,NULL,NULL),(14,'ArticleListWidget@PartialView','横幅','Widget.ArticleList-Snippet',2,0,1,NULL,NULL,NULL,0,NULL,NULL,NULL,NULL,NULL,NULL),(15,'ProductListWidget@PartialView','默认','Widget.ProductList',1,0,1,NULL,NULL,NULL,0,NULL,NULL,NULL,NULL,NULL,NULL),(16,'ProductListWidget@Columns','3 列','col-xs-12 col-sm-6 col-md-4',1,0,1,NULL,NULL,NULL,0,NULL,NULL,NULL,NULL,NULL,NULL),(17,'ProductListWidget@Columns','4 列','col-xs-12 col-sm-6 col-md-4 col-lg-3',1,0,1,NULL,NULL,NULL,0,NULL,NULL,NULL,NULL,NULL,NULL),(18,'CarouselWidget@PartialView','默认','Widget.Carousel',1,0,1,NULL,NULL,NULL,0,NULL,NULL,NULL,NULL,NULL,NULL),(19,'ArticleSummaryWidget@Style','默认','bs-callout-default',1,0,1,NULL,NULL,NULL,0,NULL,NULL,NULL,NULL,NULL,NULL),(20,'ArticleSummaryWidget@Style','危险','bs-callout-danger',1,0,1,NULL,NULL,NULL,0,NULL,NULL,NULL,NULL,NULL,NULL),(21,'ArticleSummaryWidget@Style','警告','bs-callout-warning',1,0,1,NULL,NULL,NULL,0,NULL,NULL,NULL,NULL,NULL,NULL),(22,'ArticleSummaryWidget@Style','信息','bs-callout-info',1,0,1,NULL,NULL,NULL,0,NULL,NULL,NULL,NULL,NULL,NULL),(23,'ArticleSummaryWidget@Style','成功','bs-callout-success',1,0,1,NULL,NULL,NULL,0,NULL,NULL,NULL,NULL,NULL,NULL),(24,'ArticleSummaryWidget@PartialView','默认','Widget.ArticleSummary',1,0,1,NULL,NULL,NULL,0,NULL,NULL,NULL,NULL,NULL,NULL),(25,'ProductCategoryWidget@PartialView','默认','Widget.ProductCategory',1,0,1,NULL,NULL,NULL,0,NULL,NULL,NULL,NULL,NULL,NULL),(26,'ArticleTypeWidget@PartialView','默认','Widget.ArticleType',1,0,1,NULL,NULL,NULL,0,NULL,NULL,NULL,NULL,NULL,NULL),(27,'UserEntity@UserTypeCD','前端用户','2',2,0,1,NULL,NULL,NULL,0,NULL,NULL,NULL,NULL,NULL,NULL);
/*!40000 ALTER TABLE `datadictionary` ENABLE KEYS */;
UNLOCK TABLES;

--
-- Table structure for table `extendfield`
--

DROP TABLE IF EXISTS `extendfield`;
/*!40101 SET @saved_cs_client     = @@character_set_client */;
/*!40101 SET character_set_client = utf8 */;
CREATE TABLE `extendfield` (
  `ID` int(11) NOT NULL AUTO_INCREMENT,
  `Title` varchar(255) DEFAULT NULL,
  `Value` longtext,
  `OwnerModule` varchar(50) DEFAULT NULL,
  `OwnerID` varchar(100) DEFAULT NULL,
  `Status` int(11) DEFAULT NULL,
  `CreateBy` varchar(50) DEFAULT NULL,
  `CreatebyName` varchar(100) DEFAULT NULL,
  `CreateDate` datetime(6) DEFAULT NULL,
  `LastUpdateBy` varchar(50) DEFAULT NULL,
  `LastUpdateByName` varchar(100) DEFAULT NULL,
  `LastUpdateDate` datetime(6) DEFAULT NULL,
  `Description` varchar(255) DEFAULT NULL,
  PRIMARY KEY (`ID`)
) ENGINE=InnoDB DEFAULT CHARSET=utf8;
/*!40101 SET character_set_client = @saved_cs_client */;

--
-- Dumping data for table `extendfield`
--

LOCK TABLES `extendfield` WRITE;
/*!40000 ALTER TABLE `extendfield` DISABLE KEYS */;
/*!40000 ALTER TABLE `extendfield` ENABLE KEYS */;
UNLOCK TABLES;

--
-- Table structure for table `formdata`
--

DROP TABLE IF EXISTS `formdata`;
/*!40101 SET @saved_cs_client     = @@character_set_client */;
/*!40101 SET character_set_client = utf8 */;
CREATE TABLE `formdata` (
  `ID` int(11) NOT NULL AUTO_INCREMENT,
  `Title` varchar(500) DEFAULT NULL,
  `FormId` varchar(50) NOT NULL,
  `Status` int(11) DEFAULT NULL,
  `Description` varchar(500) DEFAULT NULL,
  `CreateBy` varchar(50) DEFAULT NULL,
  `CreatebyName` varchar(100) DEFAULT NULL,
  `CreateDate` datetime(6) DEFAULT NULL,
  `LastUpdateBy` varchar(50) DEFAULT NULL,
  `LastUpdateByName` varchar(100) DEFAULT NULL,
  `LastUpdateDate` datetime(6) DEFAULT NULL,
  PRIMARY KEY (`ID`)
) ENGINE=InnoDB DEFAULT CHARSET=utf8;
/*!40101 SET character_set_client = @saved_cs_client */;

--
-- Dumping data for table `formdata`
--

LOCK TABLES `formdata` WRITE;
/*!40000 ALTER TABLE `formdata` DISABLE KEYS */;
/*!40000 ALTER TABLE `formdata` ENABLE KEYS */;
UNLOCK TABLES;

--
-- Table structure for table `formdataitem`
--

DROP TABLE IF EXISTS `formdataitem`;
/*!40101 SET @saved_cs_client     = @@character_set_client */;
/*!40101 SET character_set_client = utf8 */;
CREATE TABLE `formdataitem` (
  `ID` int(11) NOT NULL AUTO_INCREMENT,
  `FormDataId` int(11) NOT NULL,
  `FieldId` varchar(50) DEFAULT NULL,
  `FieldText` varchar(1000) DEFAULT NULL,
  `FieldValue` longtext,
  `OptionValue` varchar(50) DEFAULT NULL,
  `CreateBy` varchar(50) DEFAULT NULL,
  `CreatebyName` varchar(100) DEFAULT NULL,
  `CreateDate` datetime(6) DEFAULT NULL,
  `LastUpdateBy` varchar(50) DEFAULT NULL,
  `LastUpdateByName` varchar(100) DEFAULT NULL,
  `LastUpdateDate` datetime(6) DEFAULT NULL,
  PRIMARY KEY (`ID`)
) ENGINE=InnoDB DEFAULT CHARSET=utf8;
/*!40101 SET character_set_client = @saved_cs_client */;

--
-- Dumping data for table `formdataitem`
--

LOCK TABLES `formdataitem` WRITE;
/*!40000 ALTER TABLE `formdataitem` DISABLE KEYS */;
/*!40000 ALTER TABLE `formdataitem` ENABLE KEYS */;
UNLOCK TABLES;

--
-- Table structure for table `forms`
--

DROP TABLE IF EXISTS `forms`;
/*!40101 SET @saved_cs_client     = @@character_set_client */;
/*!40101 SET character_set_client = utf8 */;
CREATE TABLE `forms` (
  `ID` varchar(50) NOT NULL,
  `Title` varchar(500) DEFAULT NULL,
  `FieldsData` longtext,
  `Status` int(11) DEFAULT NULL,
  `Description` varchar(500) DEFAULT NULL,
  `CreateBy` varchar(50) DEFAULT NULL,
  `CreatebyName` varchar(100) DEFAULT NULL,
  `CreateDate` datetime(6) DEFAULT NULL,
  `LastUpdateBy` varchar(50) DEFAULT NULL,
  `LastUpdateByName` varchar(100) DEFAULT NULL,
  `LastUpdateDate` datetime(6) DEFAULT NULL,
  PRIMARY KEY (`ID`)
) ENGINE=InnoDB DEFAULT CHARSET=utf8;
/*!40101 SET character_set_client = @saved_cs_client */;

--
-- Dumping data for table `forms`
--

LOCK TABLES `forms` WRITE;
/*!40000 ALTER TABLE `forms` DISABLE KEYS */;
INSERT INTO `forms` VALUES ('5ed56d90ac154e73befa6fbc981ae3ae','问卷调查','[{\"ID\":\"f05da60a6e3b448fadbf7c5c040a7d5c\",\"Name\":\"Label\",\"DisplayName\":\"一个简单的问卷调查\",\"Value\":null,\"Description\":\"欢迎您使用ZKEACMS，这是一个自定义表单\",\"Placeholder\":\"\",\"IsRequired\":false,\"Size\":4,\"Column\":\"col-md-12\",\"FieldOptions\":null,\"AdditionalSettings\":null},{\"ID\":\"41481e6eefa048feae380460b0cd5661\",\"Name\":\"SingleLine\",\"DisplayName\":\"姓名\",\"Value\":null,\"Description\":\"\",\"Placeholder\":\"\",\"IsRequired\":true,\"Size\":4,\"Column\":\"col-md-6\",\"FieldOptions\":null,\"AdditionalSettings\":null},{\"ID\":\"bfd1418684a64890a7099f764baa24b3\",\"Name\":\"Number\",\"DisplayName\":\"电话\",\"Value\":null,\"Description\":\"\",\"Placeholder\":\"\",\"IsRequired\":true,\"Size\":4,\"Column\":\"col-md-6\",\"FieldOptions\":null,\"AdditionalSettings\":null},{\"ID\":\"7e635c8fdd124b6b94f037d3bf112bc0\",\"Name\":\"Email\",\"DisplayName\":\"邮箱地址\",\"Value\":null,\"Description\":\"\",\"Placeholder\":\"\",\"IsRequired\":true,\"Size\":4,\"Column\":\"col-md-4\",\"FieldOptions\":null,\"AdditionalSettings\":null},{\"ID\":\"4d61bb5f733c47778975cc6cfbc84123\",\"Name\":\"SingleLine\",\"DisplayName\":\"QQ\",\"Value\":null,\"Description\":\"\",\"Placeholder\":\"\",\"IsRequired\":false,\"Size\":4,\"Column\":\"col-md-4\",\"FieldOptions\":null,\"AdditionalSettings\":null},{\"ID\":\"b85aeb9beaf64f509726f16ba582ec3c\",\"Name\":\"SingleLine\",\"DisplayName\":\"微信\",\"Value\":null,\"Description\":\"\",\"Placeholder\":\"\",\"IsRequired\":false,\"Size\":4,\"Column\":\"col-md-4\",\"FieldOptions\":null,\"AdditionalSettings\":null},{\"ID\":\"a2aea72c496e4a458265f7ceadb3653a\",\"Name\":\"Address\",\"DisplayName\":\"省份地址\",\"Value\":null,\"Description\":\"\",\"Placeholder\":null,\"IsRequired\":true,\"Size\":4,\"Column\":\"col-md-12\",\"FieldOptions\":null,\"AdditionalSettings\":null},{\"ID\":\"0932ca1f1f7f4af098d51e4b1ac18b94\",\"Name\":\"SingleLine\",\"DisplayName\":\"详细地址\",\"Value\":null,\"Description\":\"\",\"Placeholder\":\"\",\"IsRequired\":false,\"Size\":4,\"Column\":\"col-md-12\",\"FieldOptions\":null,\"AdditionalSettings\":null},{\"ID\":\"572c61930769464d97f3d31771ecf65e\",\"Name\":\"Radio\",\"DisplayName\":\"您从哪里了解到ZKEACMS\",\"Value\":null,\"Description\":\"\",\"Placeholder\":null,\"IsRequired\":true,\"Size\":4,\"Column\":\"col-md-12\",\"FieldOptions\":[{\"DisplayText\":\"搜索引擎\",\"Value\":\"70a915caf7a84e9086d5dbdf26ed3053\"},{\"DisplayText\":\"博客园\",\"Value\":\"419a7d1d91974282af5c26688fbe0e8c\"},{\"DisplayText\":\"朋友介绍\",\"Value\":\"227f6d2f6b39479aaf2d5b79dbefdc5c\"},{\"DisplayText\":\"其它论坛\",\"Value\":\"ef50fb3bccf74d6487320e53781fb1ec\"}],\"AdditionalSettings\":null},{\"ID\":\"845830a5c8be4b81866a8cef83049899\",\"Name\":\"Checkbox\",\"DisplayName\":\"您一般使用ZKEACMS做什么\",\"Value\":null,\"Description\":\"\",\"Placeholder\":null,\"IsRequired\":false,\"Size\":4,\"Column\":\"col-md-12\",\"FieldOptions\":[{\"DisplayText\":\"网站\",\"Value\":\"5f0fbb9faa0343e0958a896fe3cead4f\"},{\"DisplayText\":\"博客\",\"Value\":\"65902e51d35142019c4aab8badff9e35\"},{\"DisplayText\":\"其它\",\"Value\":\"944343b3ed904b94a9db6950dbdcccf3\"}],\"AdditionalSettings\":null},{\"ID\":\"2fe6e4baf01e4cb897986991c920df56\",\"Name\":\"Dropdown\",\"DisplayName\":\"您觉得ZKEACMS怎么样\",\"Value\":null,\"Description\":\"\",\"Placeholder\":null,\"IsRequired\":false,\"Size\":4,\"Column\":\"col-md-12\",\"FieldOptions\":[{\"DisplayText\":\"很不错\",\"Value\":\"fc3929826e364318b7a3436d991fb097\"},{\"DisplayText\":\"还可以\",\"Value\":\"619e09c2864b41ae81f4f90e7cab92ba\"},{\"DisplayText\":\"有待提高\",\"Value\":\"fd1279a07150490f9a1f69c85298e22c\"},{\"DisplayText\":\"不怎么样\",\"Value\":\"ef19983754504a9482232dd6be01f34d\"}],\"AdditionalSettings\":null},{\"ID\":\"2868de2d8e9b4d269da891342e6dc95b\",\"Name\":\"Paragraph\",\"DisplayName\":\"您的意见或建议\",\"Value\":null,\"Description\":\"\",\"Placeholder\":\"\",\"IsRequired\":false,\"Size\":4,\"Column\":\"col-md-12\",\"FieldOptions\":null,\"AdditionalSettings\":null}]',NULL,'',NULL,NULL,NULL,'admin','ZKEASOFT','2017-10-15 18:07:58.013000');
/*!40000 ALTER TABLE `forms` ENABLE KEYS */;
UNLOCK TABLES;

--
-- Table structure for table `htmlwidget`
--

DROP TABLE IF EXISTS `htmlwidget`;
/*!40101 SET @saved_cs_client     = @@character_set_client */;
/*!40101 SET character_set_client = utf8 */;
CREATE TABLE `htmlwidget` (
  `ID` varchar(100) NOT NULL,
  `HTML` longtext,
  PRIMARY KEY (`ID`),
  CONSTRAINT `FK_HtmlWidget_Widget` FOREIGN KEY (`ID`) REFERENCES `cms_widgetbase` (`ID`) ON DELETE NO ACTION ON UPDATE NO ACTION
) ENGINE=InnoDB DEFAULT CHARSET=utf8;
/*!40101 SET character_set_client = @saved_cs_client */;

--
-- Dumping data for table `htmlwidget`
--

LOCK TABLES `htmlwidget` WRITE;
/*!40000 ALTER TABLE `htmlwidget` DISABLE KEYS */;
INSERT INTO `htmlwidget` VALUES ('062018a8e5cf48b4a0d90296e7f4e965','<hr />'),('09617f6142934daaadee6cfb9df6d66f','<p>这是文本段落，你可以在段里面加入标题，文字，图片，表格，列表，链接等等。例如：</p>\r\n<p>ZKEACMS一个内容管理软件（网站）。ZKEACMS不仅只是管理内容，更是重新定义了布局、页面和组件，让用户可以自由规划页面的布局，页面和内容。</p>\r\n<p>ZKEACMS使用可视化编辑设计，真正做到所见即所得，可直接在预览页面上设计页面。</p>\r\n<p>ZKEACMS采用插件式设计，支持扩展新插件。</p>'),('34af73e7363d40ca9fbf866b679847a1','<div class=\"clearfix\">\r\n<div class=\"pull-left\">\r\n<h1>欢迎使用ZKEACMS进行创作</h1>\r\n</div>\r\n<div class=\"pull-right\"><a href=\"http://www.zkea.net/zkeacms/donate\" target=\"_blank\"><img style=\"height: 40px; margin: 20px 0 0 0;\" src=\"/images/donate.png\" alt=\"\" /></a></div>\r\n</div>'),('357a58069e8047a289e10b920061d57d','<hr />'),('3b8beb945c9f4c9390a6122d8b4788d5','<hr />'),('3e3783f4b7ca421488f2bf08d32fe2f0','<hr />'),('4d67b2d10f4a425586e3b1115f7f7072','<hr />'),('50f810582d28440eb3bdff9ee5b1ef24','<div>\r\n<div class=\"row\">\r\n<div class=\"col-sm-6\"><img src=\"/Images/28.jpg\" alt=\"\" /></div>\r\n<div class=\"col-sm-6\">\r\n<h3>为什么选择我们？</h3>\r\n<p>主要集中在已进入中国市场的跨国公司、行业领先的外企、知名的中国大中企业和更多成长迅速的新兴企业。</p>\r\n<p>尤其擅长为中外企业推荐中、高层管理职位和关键技术职位，帮助其迅速搭建及完善起一支高适配性的专业化管理团队。</p>\r\n<p>&nbsp;</p>\r\n<p><a class=\"btn btn-info\" href=\"#\">Read More</a></p>\r\n</div>\r\n</div>\r\n</div>'),('56991d0ff59d4c1db27aff3a50fcb382','<div class=\"page-header\">\r\n<h1>ZKEASOFT</h1>\r\n</div>\r\n<p>ZKEASOFT 提供优质的软件服务，我们坚持开源，开放原则，把软件服务做得更好</p>'),('62ca3b6b6ea644b4a64501021b02f13b','<hr />'),('6e823603a6854772bf2c242e35ab99fb','<div id=\"footer\">ZKEACMS是开源软件，提供免费下载学习使用\r\n<p>Copyright @&nbsp;2015 ZKEASOFT. All Rights Reserved | <a href=\"http://www.zkea.net/\" target=\"_blank\">www.zkea.net</a></p>\r\n</div>'),('8cc061c2e2514ef9b85bbecdec3f84ab','<hr />'),('bb7dab4f077745ef8b5b425eaabb423c','<h1 style=\"text-align: center; font-size: 3em;\">ZKEASOFT</h1>\r\n<p>&nbsp;</p>\r\n<p style=\"text-align: center;\">ZKEASOFT 提供优质的软件服务，我们坚持开源，开放原则，把软件服务做得更好</p>\r\n<p style=\"text-align: center;\"><a href=\"https://github.com/SeriaWei/ASP.NET-MVC-CMS\">ZKEACMS</a>是基于<a href=\"http://www.zkea.net/easyframework\">EasyFrameWork</a>，使用ASP.NET MVC4开发的开源CMS。</p>\r\n<p style=\"text-align: center;\">ZKEACMS一个内容管理软件（网站）。ZKEACMS不仅只是管理内容，更是重新定义了布局、页面和组件，让用户可以自由规划页面的布局，页面和内容。</p>\r\n<p style=\"text-align: center;\">ZKEACMS使用可视化编辑设计，真正做到所见即所得，可直接在预览页面上设计页面。</p>\r\n<p style=\"text-align: center;\">ZKEACMS采用插件式设计，支持扩展新插件。</p>\r\n<p style=\"text-align: center;\">&nbsp;</p>\r\n<p style=\"text-align: center;\"><a class=\"btn btn-info\" href=\"#\">Read More</a></p>'),('c090c0ec3b28478bbfb1e7166a6c5819','<div class=\"clearfix\">\r\n<div class=\"pull-left\">\r\n<h1>欢迎使用ZKEACMS进行创作</h1>\r\n</div>\r\n<div class=\"pull-right\"><a href=\"http://www.zkea.net/zkeacms/donate\" target=\"_blank\"><img style=\"height: 40px; margin: 20px 0 0 0;\" src=\"/images/donate.png\" alt=\"\" /></a></div>\r\n</div>'),('cc908601eb5544b2a3855b84e99645bc','<div id=\"footer\">ZKEACMS是开源软件，提供免费下载学习使用\r\n<p>Copyright @&nbsp;2015 ZKEASOFT. All Rights Reserved | <a href=\"http://www.zkea.net/\" target=\"_blank\">www.zkea.net</a></p>\r\n</div>'),('f6de0d62d3974ee2bf2ded3fbbc82c2b','<div class=\"space\">&nbsp;</div>');
/*!40000 ALTER TABLE `htmlwidget` ENABLE KEYS */;
UNLOCK TABLES;

--
-- Table structure for table `imagewidget`
--

DROP TABLE IF EXISTS `imagewidget`;
/*!40101 SET @saved_cs_client     = @@character_set_client */;
/*!40101 SET character_set_client = utf8 */;
CREATE TABLE `imagewidget` (
  `ID` varchar(100) NOT NULL,
  `ImageUrl` varchar(255) DEFAULT NULL,
  `Width` int(11) DEFAULT NULL,
  `Height` int(11) DEFAULT NULL,
  `AltText` varchar(255) DEFAULT NULL,
  `Link` varchar(255) DEFAULT NULL,
  PRIMARY KEY (`ID`),
  CONSTRAINT `FK_ImageWidget_Widget` FOREIGN KEY (`ID`) REFERENCES `cms_widgetbase` (`ID`) ON DELETE NO ACTION ON UPDATE NO ACTION
) ENGINE=InnoDB DEFAULT CHARSET=utf8;
/*!40101 SET character_set_client = @saved_cs_client */;

--
-- Dumping data for table `imagewidget`
--

LOCK TABLES `imagewidget` WRITE;
/*!40000 ALTER TABLE `imagewidget` DISABLE KEYS */;
INSERT INTO `imagewidget` VALUES ('2b510992f0174e668ca53116434e065c','~/images/bg4.jpg',NULL,NULL,NULL,NULL),('3017aef0eabc451b81daebe6bae68857','~/images/bg4.jpg',NULL,NULL,NULL,NULL),('43bb869688ee4752a3127dd19ccc6caa','http://www.zkea.net/UpLoad/Images/20160318/09e179985c582366.jpg',NULL,NULL,NULL,NULL),('7679a5060035444d85fe49dc3c02cada','http://www.zkea.net/UpLoad/Images/20160318/09e179985c582366.jpg',NULL,NULL,NULL,NULL),('8ea46d2923ad4d62958c565b19bb172d','~/images/bg3.jpg',NULL,NULL,NULL,NULL),('e5ba6adb117440959757b98e4289430f','~/images/bg3.jpg',NULL,NULL,NULL,NULL),('fee7f4d7d7e641b0bfa74491a543d245','~/images/30.jpg',NULL,NULL,NULL,NULL);
/*!40000 ALTER TABLE `imagewidget` ENABLE KEYS */;
UNLOCK TABLES;

--
-- Table structure for table `language`
--

DROP TABLE IF EXISTS `language`;
/*!40101 SET @saved_cs_client     = @@character_set_client */;
/*!40101 SET character_set_client = utf8 */;
CREATE TABLE `language` (
  `LanKey` varchar(50) NOT NULL,
  `CultureName` varchar(10) NOT NULL,
  `LanValue` varchar(500) DEFAULT NULL,
  `Module` varchar(50) DEFAULT NULL,
  `LanType` varchar(50) DEFAULT NULL,
  PRIMARY KEY (`LanKey`,`CultureName`)
) ENGINE=InnoDB DEFAULT CHARSET=utf8;
/*!40101 SET character_set_client = @saved_cs_client */;

--
-- Dumping data for table `language`
--

LOCK TABLES `language` WRITE;
/*!40000 ALTER TABLE `language` DISABLE KEYS */;
INSERT INTO `language` VALUES ('ApplicationSetting@ActionType','zh-CN','ActionType','ApplicationSetting','EntityProperty'),('ApplicationSetting@CreateBy','zh-CN','CreateBy','ApplicationSetting','EntityProperty'),('ApplicationSetting@CreatebyName','zh-CN','创建人','ApplicationSetting','EntityProperty'),('ApplicationSetting@CreateDate','zh-CN','创建日期','ApplicationSetting','EntityProperty'),('ApplicationSetting@Description','zh-CN','描述','ApplicationSetting','EntityProperty'),('ApplicationSetting@LastUpdateBy','zh-CN','LastUpdateBy','ApplicationSetting','EntityProperty'),('ApplicationSetting@LastUpdateByName','zh-CN','更新人','ApplicationSetting','EntityProperty'),('ApplicationSetting@LastUpdateDate','zh-CN','更新日期','ApplicationSetting','EntityProperty'),('ApplicationSetting@SettingKey','zh-CN','键','ApplicationSetting','EntityProperty'),('ApplicationSetting@Status','zh-CN','状态','ApplicationSetting','EntityProperty'),('ApplicationSetting@Title','zh-CN','标题','ApplicationSetting','EntityProperty'),('ApplicationSetting@Value','zh-CN','值','ApplicationSetting','EntityProperty'),('ArticleDetailWidget@ActionType','zh-CN','ActionType','ArticleDetailWidget','EntityProperty'),('ArticleDetailWidget@AssemblyName','zh-CN','AssemblyName','ArticleDetailWidget','EntityProperty'),('ArticleDetailWidget@CreateBy','zh-CN','CreateBy','ArticleDetailWidget','EntityProperty'),('ArticleDetailWidget@CreatebyName','zh-CN','创建人','ArticleDetailWidget','EntityProperty'),('ArticleDetailWidget@CreateDate','zh-CN','创建日期','ArticleDetailWidget','EntityProperty'),('ArticleDetailWidget@CustomClass','zh-CN','CustomClass','ArticleDetailWidget','EntityProperty'),('ArticleDetailWidget@CustomerClass','zh-CN','CustomerClass','ArticleDetailWidget','EntityProperty'),('ArticleDetailWidget@CustomStyle','zh-CN','CustomStyle','ArticleDetailWidget','EntityProperty'),('ArticleDetailWidget@Description','zh-CN','描述','ArticleDetailWidget','EntityProperty'),('ArticleDetailWidget@ExtendData','zh-CN','ExtendData','ArticleDetailWidget','EntityProperty'),('ArticleDetailWidget@ExtendFields','zh-CN','扩展属性','ArticleDetailWidget','EntityProperty'),('ArticleDetailWidget@FormView','zh-CN','FormView','ArticleDetailWidget','EntityProperty'),('ArticleDetailWidget@ID','zh-CN','ID','ArticleDetailWidget','EntityProperty'),('ArticleDetailWidget@IsSystem','zh-CN','IsSystem','ArticleDetailWidget','EntityProperty'),('ArticleDetailWidget@IsTemplate','zh-CN','保存为模板','ArticleDetailWidget','EntityProperty'),('ArticleDetailWidget@LastUpdateBy','zh-CN','LastUpdateBy','ArticleDetailWidget','EntityProperty'),('ArticleDetailWidget@LastUpdateByName','zh-CN','更新人','ArticleDetailWidget','EntityProperty'),('ArticleDetailWidget@LastUpdateDate','zh-CN','更新日期','ArticleDetailWidget','EntityProperty'),('ArticleDetailWidget@LayoutID','zh-CN','LayoutID','ArticleDetailWidget','EntityProperty'),('ArticleDetailWidget@PageID','zh-CN','PageID','ArticleDetailWidget','EntityProperty'),('ArticleDetailWidget@PartialView','zh-CN','显示模板','ArticleDetailWidget','EntityProperty'),('ArticleDetailWidget@Position','zh-CN','排序','ArticleDetailWidget','EntityProperty'),('ArticleDetailWidget@ServiceTypeName','zh-CN','ServiceTypeName','ArticleDetailWidget','EntityProperty'),('ArticleDetailWidget@Status','zh-CN','状态','ArticleDetailWidget','EntityProperty'),('ArticleDetailWidget@StyleClass','zh-CN','自定义样式','ArticleDetailWidget','EntityProperty'),('ArticleDetailWidget@Thumbnail','zh-CN','模板缩略图','ArticleDetailWidget','EntityProperty'),('ArticleDetailWidget@Title','zh-CN','标题','ArticleDetailWidget','EntityProperty'),('ArticleDetailWidget@ViewModelTypeName','zh-CN','ViewModelTypeName','ArticleDetailWidget','EntityProperty'),('ArticleDetailWidget@WidgetName','zh-CN','组件名称','ArticleDetailWidget','EntityProperty'),('ArticleDetailWidget@ZoneID','zh-CN','区域','ArticleDetailWidget','EntityProperty'),('ArticleEntity@ActionType','zh-CN','ActionType','ArticleEntity','EntityProperty'),('ArticleEntity@ArticleContent','zh-CN','文章内容','ArticleEntity','EntityProperty'),('ArticleEntity@ArticleTypeID','zh-CN','文章类别','ArticleEntity','EntityProperty'),('ArticleEntity@Counter','zh-CN','阅读次数','ArticleEntity','EntityProperty'),('ArticleEntity@CreateBy','zh-CN','CreateBy','ArticleEntity','EntityProperty'),('ArticleEntity@CreatebyName','zh-CN','创建人','ArticleEntity','EntityProperty'),('ArticleEntity@CreateDate','zh-CN','创建日期','ArticleEntity','EntityProperty'),('ArticleEntity@Description','zh-CN','描述','ArticleEntity','EntityProperty'),('ArticleEntity@ExtendFields','zh-CN','扩展属性','ArticleEntity','EntityProperty'),('ArticleEntity@ID','zh-CN','ID','ArticleEntity','EntityProperty'),('ArticleEntity@ImageThumbUrl','zh-CN','缩略图','ArticleEntity','EntityProperty'),('ArticleEntity@ImageUrl','zh-CN','图片','ArticleEntity','EntityProperty'),('ArticleEntity@IsPublish','zh-CN','已发布?','ArticleEntity','EntityProperty'),('ArticleEntity@LastUpdateBy','zh-CN','LastUpdateBy','ArticleEntity','EntityProperty'),('ArticleEntity@LastUpdateByName','zh-CN','更新人','ArticleEntity','EntityProperty'),('ArticleEntity@LastUpdateDate','zh-CN','更新日期','ArticleEntity','EntityProperty'),('ArticleEntity@MetaDescription','zh-CN','SEO描述','ArticleEntity','EntityProperty'),('ArticleEntity@MetaKeyWords','zh-CN','SEO关键字','ArticleEntity','EntityProperty'),('ArticleEntity@PublishDate','zh-CN','发布日期','ArticleEntity','EntityProperty'),('ArticleEntity@ReturnUrl','zh-CN','ReturnUrl','ArticleEntity','EntityProperty'),('ArticleEntity@Status','zh-CN','状态','ArticleEntity','EntityProperty'),('ArticleEntity@Summary','zh-CN','概述','ArticleEntity','EntityProperty'),('ArticleEntity@Title','zh-CN','标题','ArticleEntity','EntityProperty'),('ArticleListWidget@ActionType','zh-CN','ActionType','ArticleListWidget','EntityProperty'),('ArticleListWidget@ArticleCategoryID','zh-CN','ArticleCategoryID','ArticleListWidget','EntityProperty'),('ArticleListWidget@ArticleTypeID','zh-CN','文章类别','ArticleListWidget','EntityProperty'),('ArticleListWidget@AssemblyName','zh-CN','AssemblyName','ArticleListWidget','EntityProperty'),('ArticleListWidget@CreateBy','zh-CN','CreateBy','ArticleListWidget','EntityProperty'),('ArticleListWidget@CreatebyName','zh-CN','创建人','ArticleListWidget','EntityProperty'),('ArticleListWidget@CreateDate','zh-CN','创建日期','ArticleListWidget','EntityProperty'),('ArticleListWidget@CustomClass','zh-CN','CustomClass','ArticleListWidget','EntityProperty'),('ArticleListWidget@CustomStyle','zh-CN','CustomStyle','ArticleListWidget','EntityProperty'),('ArticleListWidget@Description','zh-CN','描述','ArticleListWidget','EntityProperty'),('ArticleListWidget@DetailPageUrl','zh-CN','详细页面','ArticleListWidget','EntityProperty'),('ArticleListWidget@ExtendData','zh-CN','ExtendData','ArticleListWidget','EntityProperty'),('ArticleListWidget@ExtendFields','zh-CN','扩展属性','ArticleListWidget','EntityProperty'),('ArticleListWidget@FormView','zh-CN','FormView','ArticleListWidget','EntityProperty'),('ArticleListWidget@ID','zh-CN','ID','ArticleListWidget','EntityProperty'),('ArticleListWidget@IsPageable','zh-CN','分页?','ArticleListWidget','EntityProperty'),('ArticleListWidget@IsSystem','zh-CN','IsSystem','ArticleListWidget','EntityProperty'),('ArticleListWidget@IsTemplate','zh-CN','保存为模板','ArticleListWidget','EntityProperty'),('ArticleListWidget@LastUpdateBy','zh-CN','LastUpdateBy','ArticleListWidget','EntityProperty'),('ArticleListWidget@LastUpdateByName','zh-CN','更新人','ArticleListWidget','EntityProperty'),('ArticleListWidget@LastUpdateDate','zh-CN','更新日期','ArticleListWidget','EntityProperty'),('ArticleListWidget@LayoutID','zh-CN','LayoutID','ArticleListWidget','EntityProperty'),('ArticleListWidget@PageID','zh-CN','PageID','ArticleListWidget','EntityProperty'),('ArticleListWidget@PageSize','zh-CN','分页大小','ArticleListWidget','EntityProperty'),('ArticleListWidget@PartialView','zh-CN','显示模板','ArticleListWidget','EntityProperty'),('ArticleListWidget@Position','zh-CN','排序','ArticleListWidget','EntityProperty'),('ArticleListWidget@ServiceTypeName','zh-CN','ServiceTypeName','ArticleListWidget','EntityProperty'),('ArticleListWidget@Status','zh-CN','状态','ArticleListWidget','EntityProperty'),('ArticleListWidget@StyleClass','zh-CN','自定义样式','ArticleListWidget','EntityProperty'),('ArticleListWidget@Thumbnail','zh-CN','模板缩略图','ArticleListWidget','EntityProperty'),('ArticleListWidget@Title','zh-CN','标题','ArticleListWidget','EntityProperty'),('ArticleListWidget@ViewModelTypeName','zh-CN','ViewModelTypeName','ArticleListWidget','EntityProperty'),('ArticleListWidget@WidgetName','zh-CN','组件名称','ArticleListWidget','EntityProperty'),('ArticleListWidget@ZoneID','zh-CN','区域','ArticleListWidget','EntityProperty'),('ArticleSummaryWidget@ActionType','zh-CN','ActionType','ArticleSummaryWidget','EntityProperty'),('ArticleSummaryWidget@AssemblyName','zh-CN','AssemblyName','ArticleSummaryWidget','EntityProperty'),('ArticleSummaryWidget@CreateBy','zh-CN','CreateBy','ArticleSummaryWidget','EntityProperty'),('ArticleSummaryWidget@CreatebyName','zh-CN','创建人','ArticleSummaryWidget','EntityProperty'),('ArticleSummaryWidget@CreateDate','zh-CN','创建日期','ArticleSummaryWidget','EntityProperty'),('ArticleSummaryWidget@CustomClass','zh-CN','CustomClass','ArticleSummaryWidget','EntityProperty'),('ArticleSummaryWidget@CustomStyle','zh-CN','CustomStyle','ArticleSummaryWidget','EntityProperty'),('ArticleSummaryWidget@Description','zh-CN','描述','ArticleSummaryWidget','EntityProperty'),('ArticleSummaryWidget@DetailLink','zh-CN','详细页面','ArticleSummaryWidget','EntityProperty'),('ArticleSummaryWidget@ExtendData','zh-CN','ExtendData','ArticleSummaryWidget','EntityProperty'),('ArticleSummaryWidget@ExtendFields','zh-CN','扩展属性','ArticleSummaryWidget','EntityProperty'),('ArticleSummaryWidget@FormView','zh-CN','FormView','ArticleSummaryWidget','EntityProperty'),('ArticleSummaryWidget@ID','zh-CN','ID','ArticleSummaryWidget','EntityProperty'),('ArticleSummaryWidget@IsSystem','zh-CN','IsSystem','ArticleSummaryWidget','EntityProperty'),('ArticleSummaryWidget@IsTemplate','zh-CN','保存为模板','ArticleSummaryWidget','EntityProperty'),('ArticleSummaryWidget@LastUpdateBy','zh-CN','LastUpdateBy','ArticleSummaryWidget','EntityProperty'),('ArticleSummaryWidget@LastUpdateByName','zh-CN','更新人','ArticleSummaryWidget','EntityProperty'),('ArticleSummaryWidget@LastUpdateDate','zh-CN','更新日期','ArticleSummaryWidget','EntityProperty'),('ArticleSummaryWidget@LayoutID','zh-CN','布局','ArticleSummaryWidget','EntityProperty'),('ArticleSummaryWidget@PageID','zh-CN','页面','ArticleSummaryWidget','EntityProperty'),('ArticleSummaryWidget@PartDriver','zh-CN','PartDriver','ArticleSummaryWidget','EntityProperty'),('ArticleSummaryWidget@PartialView','zh-CN','显示模板','ArticleSummaryWidget','EntityProperty'),('ArticleSummaryWidget@Position','zh-CN','排序','ArticleSummaryWidget','EntityProperty'),('ArticleSummaryWidget@ServiceTypeName','zh-CN','ServiceTypeName','ArticleSummaryWidget','EntityProperty'),('ArticleSummaryWidget@Status','zh-CN','状态','ArticleSummaryWidget','EntityProperty'),('ArticleSummaryWidget@Style','zh-CN','样式','ArticleSummaryWidget','EntityProperty'),('ArticleSummaryWidget@StyleClass','zh-CN','自定义样式','ArticleSummaryWidget','EntityProperty'),('ArticleSummaryWidget@SubTitle','zh-CN','子标题','ArticleSummaryWidget','EntityProperty'),('ArticleSummaryWidget@Summary','zh-CN','概述','ArticleSummaryWidget','EntityProperty'),('ArticleSummaryWidget@Thumbnail','zh-CN','模板缩略图','ArticleSummaryWidget','EntityProperty'),('ArticleSummaryWidget@Title','zh-CN','标题','ArticleSummaryWidget','EntityProperty'),('ArticleSummaryWidget@ViewModelTypeName','zh-CN','ViewModelTypeName','ArticleSummaryWidget','EntityProperty'),('ArticleSummaryWidget@WidgetName','zh-CN','组件名称','ArticleSummaryWidget','EntityProperty'),('ArticleSummaryWidget@ZoneID','zh-CN','区域','ArticleSummaryWidget','EntityProperty'),('ArticleTopWidget@ActionType','zh-CN','ActionType','ArticleTopWidget','EntityProperty'),('ArticleTopWidget@ArticleTypeID','zh-CN','文章类别','ArticleTopWidget','EntityProperty'),('ArticleTopWidget@AssemblyName','zh-CN','AssemblyName','ArticleTopWidget','EntityProperty'),('ArticleTopWidget@CreateBy','zh-CN','CreateBy','ArticleTopWidget','EntityProperty'),('ArticleTopWidget@CreatebyName','zh-CN','创建人','ArticleTopWidget','EntityProperty'),('ArticleTopWidget@CreateDate','zh-CN','创建日期','ArticleTopWidget','EntityProperty'),('ArticleTopWidget@CustomClass','zh-CN','CustomClass','ArticleTopWidget','EntityProperty'),('ArticleTopWidget@CustomStyle','zh-CN','CustomStyle','ArticleTopWidget','EntityProperty'),('ArticleTopWidget@Description','zh-CN','描述','ArticleTopWidget','EntityProperty'),('ArticleTopWidget@DetailPageUrl','zh-CN','详细页面','ArticleTopWidget','EntityProperty'),('ArticleTopWidget@ExtendData','zh-CN','ExtendData','ArticleTopWidget','EntityProperty'),('ArticleTopWidget@ExtendFields','zh-CN','扩展属性','ArticleTopWidget','EntityProperty'),('ArticleTopWidget@FormView','zh-CN','FormView','ArticleTopWidget','EntityProperty'),('ArticleTopWidget@ID','zh-CN','ID','ArticleTopWidget','EntityProperty'),('ArticleTopWidget@IsSystem','zh-CN','IsSystem','ArticleTopWidget','EntityProperty'),('ArticleTopWidget@IsTemplate','zh-CN','保存为模板','ArticleTopWidget','EntityProperty'),('ArticleTopWidget@LastUpdateBy','zh-CN','LastUpdateBy','ArticleTopWidget','EntityProperty'),('ArticleTopWidget@LastUpdateByName','zh-CN','更新人','ArticleTopWidget','EntityProperty'),('ArticleTopWidget@LastUpdateDate','zh-CN','更新日期','ArticleTopWidget','EntityProperty'),('ArticleTopWidget@LayoutID','zh-CN','LayoutID','ArticleTopWidget','EntityProperty'),('ArticleTopWidget@MoreLink','zh-CN','更多页面','ArticleTopWidget','EntityProperty'),('ArticleTopWidget@PageID','zh-CN','PageID','ArticleTopWidget','EntityProperty'),('ArticleTopWidget@PartDriver','zh-CN','PartDriver','ArticleTopWidget','EntityProperty'),('ArticleTopWidget@PartialView','zh-CN','显示模板','ArticleTopWidget','EntityProperty'),('ArticleTopWidget@Position','zh-CN','排序','ArticleTopWidget','EntityProperty'),('ArticleTopWidget@ServiceTypeName','zh-CN','ServiceTypeName','ArticleTopWidget','EntityProperty'),('ArticleTopWidget@Status','zh-CN','状态','ArticleTopWidget','EntityProperty'),('ArticleTopWidget@StyleClass','zh-CN','自定义样式','ArticleTopWidget','EntityProperty'),('ArticleTopWidget@SubTitle','zh-CN','子标题','ArticleTopWidget','EntityProperty'),('ArticleTopWidget@Thumbnail','zh-CN','模板缩略图','ArticleTopWidget','EntityProperty'),('ArticleTopWidget@Title','zh-CN','标题','ArticleTopWidget','EntityProperty'),('ArticleTopWidget@Tops','zh-CN','置顶数','ArticleTopWidget','EntityProperty'),('ArticleTopWidget@ViewModelTypeName','zh-CN','ViewModelTypeName','ArticleTopWidget','EntityProperty'),('ArticleTopWidget@WidgetName','zh-CN','组件名称','ArticleTopWidget','EntityProperty'),('ArticleTopWidget@ZoneID','zh-CN','区域','ArticleTopWidget','EntityProperty'),('ArticleType@ActionType','zh-CN','ActionType','ArticleType','EntityProperty'),('ArticleType@CreateBy','zh-CN','CreateBy','ArticleType','EntityProperty'),('ArticleType@CreatebyName','zh-CN','创建人','ArticleType','EntityProperty'),('ArticleType@CreateDate','zh-CN','创建日期','ArticleType','EntityProperty'),('ArticleType@Description','zh-CN','描述','ArticleType','EntityProperty'),('ArticleType@ID','zh-CN','ID','ArticleType','EntityProperty'),('ArticleType@LastUpdateBy','zh-CN','LastUpdateBy','ArticleType','EntityProperty'),('ArticleType@LastUpdateByName','zh-CN','更新人','ArticleType','EntityProperty'),('ArticleType@LastUpdateDate','zh-CN','更新日期','ArticleType','EntityProperty'),('ArticleType@ParentID','zh-CN','ParentID','ArticleType','EntityProperty'),('ArticleType@Status','zh-CN','状态','ArticleType','EntityProperty'),('ArticleType@Title','zh-CN','标题','ArticleType','EntityProperty'),('ArticleTypeWidget@ActionType','zh-CN','ActionType','ArticleTypeWidget','EntityProperty'),('ArticleTypeWidget@ArticleTypeID','zh-CN','文章类别','ArticleTypeWidget','EntityProperty'),('ArticleTypeWidget@AssemblyName','zh-CN','AssemblyName','ArticleTypeWidget','EntityProperty'),('ArticleTypeWidget@CreateBy','zh-CN','CreateBy','ArticleTypeWidget','EntityProperty'),('ArticleTypeWidget@CreatebyName','zh-CN','创建人','ArticleTypeWidget','EntityProperty'),('ArticleTypeWidget@CreateDate','zh-CN','创建日期','ArticleTypeWidget','EntityProperty'),('ArticleTypeWidget@CustomClass','zh-CN','CustomClass','ArticleTypeWidget','EntityProperty'),('ArticleTypeWidget@CustomStyle','zh-CN','CustomStyle','ArticleTypeWidget','EntityProperty'),('ArticleTypeWidget@Description','zh-CN','描述','ArticleTypeWidget','EntityProperty'),('ArticleTypeWidget@ExtendFields','zh-CN','扩展属性','ArticleTypeWidget','EntityProperty'),('ArticleTypeWidget@FormView','zh-CN','FormView','ArticleTypeWidget','EntityProperty'),('ArticleTypeWidget@ID','zh-CN','ID','ArticleTypeWidget','EntityProperty'),('ArticleTypeWidget@IsSystem','zh-CN','IsSystem','ArticleTypeWidget','EntityProperty'),('ArticleTypeWidget@IsTemplate','zh-CN','保存为模板','ArticleTypeWidget','EntityProperty'),('ArticleTypeWidget@LastUpdateBy','zh-CN','LastUpdateBy','ArticleTypeWidget','EntityProperty'),('ArticleTypeWidget@LastUpdateByName','zh-CN','更新人','ArticleTypeWidget','EntityProperty'),('ArticleTypeWidget@LastUpdateDate','zh-CN','更新日期','ArticleTypeWidget','EntityProperty'),('ArticleTypeWidget@LayoutID','zh-CN','LayoutID','ArticleTypeWidget','EntityProperty'),('ArticleTypeWidget@PageID','zh-CN','PageID','ArticleTypeWidget','EntityProperty'),('ArticleTypeWidget@PartialView','zh-CN','显示模板','ArticleTypeWidget','EntityProperty'),('ArticleTypeWidget@Position','zh-CN','排序','ArticleTypeWidget','EntityProperty'),('ArticleTypeWidget@ServiceTypeName','zh-CN','ServiceTypeName','ArticleTypeWidget','EntityProperty'),('ArticleTypeWidget@Status','zh-CN','状态','ArticleTypeWidget','EntityProperty'),('ArticleTypeWidget@StyleClass','zh-CN','自定义样式','ArticleTypeWidget','EntityProperty'),('ArticleTypeWidget@TargetPage','zh-CN','详细页面','ArticleTypeWidget','EntityProperty'),('ArticleTypeWidget@Thumbnail','zh-CN','模板缩略图','ArticleTypeWidget','EntityProperty'),('ArticleTypeWidget@Title','zh-CN','标题','ArticleTypeWidget','EntityProperty'),('ArticleTypeWidget@ViewModelTypeName','zh-CN','ViewModelTypeName','ArticleTypeWidget','EntityProperty'),('ArticleTypeWidget@WidgetName','zh-CN','组件名称','ArticleTypeWidget','EntityProperty'),('ArticleTypeWidget@ZoneID','zh-CN','区域','ArticleTypeWidget','EntityProperty'),('BreadcrumbWidget@ActionType','zh-CN','ActionType','BreadcrumbWidget','EntityProperty'),('BreadcrumbWidget@AssemblyName','zh-CN','AssemblyName','BreadcrumbWidget','EntityProperty'),('BreadcrumbWidget@CreateBy','zh-CN','CreateBy','BreadcrumbWidget','EntityProperty'),('BreadcrumbWidget@CreatebyName','zh-CN','创建人','BreadcrumbWidget','EntityProperty'),('BreadcrumbWidget@CreateDate','zh-CN','创建日期','BreadcrumbWidget','EntityProperty'),('BreadcrumbWidget@CustomClass','zh-CN','CustomClass','BreadcrumbWidget','EntityProperty'),('BreadcrumbWidget@CustomStyle','zh-CN','CustomStyle','BreadcrumbWidget','EntityProperty'),('BreadcrumbWidget@Description','zh-CN','描述','BreadcrumbWidget','EntityProperty'),('BreadcrumbWidget@ExtendData','zh-CN','ExtendData','BreadcrumbWidget','EntityProperty'),('BreadcrumbWidget@ExtendFields','zh-CN','扩展属性','BreadcrumbWidget','EntityProperty'),('BreadcrumbWidget@FormView','zh-CN','FormView','BreadcrumbWidget','EntityProperty'),('BreadcrumbWidget@ID','zh-CN','ID','BreadcrumbWidget','EntityProperty'),('BreadcrumbWidget@IsLinkAble','zh-CN','IsLinkAble','BreadcrumbWidget','EntityProperty'),('BreadcrumbWidget@IsSystem','zh-CN','IsSystem','BreadcrumbWidget','EntityProperty'),('BreadcrumbWidget@IsTemplate','zh-CN','保存为模板','BreadcrumbWidget','EntityProperty'),('BreadcrumbWidget@LastUpdateBy','zh-CN','LastUpdateBy','BreadcrumbWidget','EntityProperty'),('BreadcrumbWidget@LastUpdateByName','zh-CN','更新人','BreadcrumbWidget','EntityProperty'),('BreadcrumbWidget@LastUpdateDate','zh-CN','更新日期','BreadcrumbWidget','EntityProperty'),('BreadcrumbWidget@LayoutID','zh-CN','布局','BreadcrumbWidget','EntityProperty'),('BreadcrumbWidget@PageID','zh-CN','页面','BreadcrumbWidget','EntityProperty'),('BreadcrumbWidget@PartialView','zh-CN','显示模板','BreadcrumbWidget','EntityProperty'),('BreadcrumbWidget@Position','zh-CN','排序','BreadcrumbWidget','EntityProperty'),('BreadcrumbWidget@ServiceTypeName','zh-CN','ServiceTypeName','BreadcrumbWidget','EntityProperty'),('BreadcrumbWidget@Status','zh-CN','状态','BreadcrumbWidget','EntityProperty'),('BreadcrumbWidget@StyleClass','zh-CN','自定义样式','BreadcrumbWidget','EntityProperty'),('BreadcrumbWidget@Thumbnail','zh-CN','模板缩略图','BreadcrumbWidget','EntityProperty'),('BreadcrumbWidget@Title','zh-CN','标题','BreadcrumbWidget','EntityProperty'),('BreadcrumbWidget@ViewModelTypeName','zh-CN','ViewModelTypeName','BreadcrumbWidget','EntityProperty'),('BreadcrumbWidget@WidgetName','zh-CN','组件名称','BreadcrumbWidget','EntityProperty'),('BreadcrumbWidget@ZoneID','zh-CN','区域','BreadcrumbWidget','EntityProperty'),('CarouselEntity@ActionType','zh-CN','ActionType','CarouselEntity','EntityProperty'),('CarouselEntity@CarouselItems','zh-CN','滚动图','CarouselEntity','EntityProperty'),('CarouselEntity@CreateBy','zh-CN','CreateBy','CarouselEntity','EntityProperty'),('CarouselEntity@CreatebyName','zh-CN','创建人','CarouselEntity','EntityProperty'),('CarouselEntity@CreateDate','zh-CN','创建日期','CarouselEntity','EntityProperty'),('CarouselEntity@Description','zh-CN','描述','CarouselEntity','EntityProperty'),('CarouselEntity@Height','zh-CN','高度(px)','CarouselEntity','EntityProperty'),('CarouselEntity@ID','zh-CN','ID','CarouselEntity','EntityProperty'),('CarouselEntity@LastUpdateBy','zh-CN','LastUpdateBy','CarouselEntity','EntityProperty'),('CarouselEntity@LastUpdateByName','zh-CN','更新人','CarouselEntity','EntityProperty'),('CarouselEntity@LastUpdateDate','zh-CN','更新日期','CarouselEntity','EntityProperty'),('CarouselEntity@Status','zh-CN','状态','CarouselEntity','EntityProperty'),('CarouselEntity@Title','zh-CN','标题','CarouselEntity','EntityProperty'),('CarouselItemEntity@ActionType','zh-CN','ActionType','CarouselItemEntity','EntityProperty'),('CarouselItemEntity@CarouselID','zh-CN','焦点图','CarouselItemEntity','EntityProperty'),('CarouselItemEntity@CarouselWidgetID','zh-CN','CarouselWidgetID','CarouselItemEntity','EntityProperty'),('CarouselItemEntity@CreateBy','zh-CN','CreateBy','CarouselItemEntity','EntityProperty'),('CarouselItemEntity@CreatebyName','zh-CN','创建人','CarouselItemEntity','EntityProperty'),('CarouselItemEntity@CreateDate','zh-CN','创建日期','CarouselItemEntity','EntityProperty'),('CarouselItemEntity@Description','zh-CN','描述','CarouselItemEntity','EntityProperty'),('CarouselItemEntity@ID','zh-CN','ID','CarouselItemEntity','EntityProperty'),('CarouselItemEntity@ImageUrl','zh-CN','图片','CarouselItemEntity','EntityProperty'),('CarouselItemEntity@LastUpdateBy','zh-CN','LastUpdateBy','CarouselItemEntity','EntityProperty'),('CarouselItemEntity@LastUpdateByName','zh-CN','更新人','CarouselItemEntity','EntityProperty'),('CarouselItemEntity@LastUpdateDate','zh-CN','更新日期','CarouselItemEntity','EntityProperty'),('CarouselItemEntity@Status','zh-CN','状态','CarouselItemEntity','EntityProperty'),('CarouselItemEntity@TargetLink','zh-CN','链接','CarouselItemEntity','EntityProperty'),('CarouselItemEntity@Title','zh-CN','标题','CarouselItemEntity','EntityProperty'),('CarouselWidget@ActionType','zh-CN','ActionType','CarouselWidget','EntityProperty'),('CarouselWidget@AssemblyName','zh-CN','AssemblyName','CarouselWidget','EntityProperty'),('CarouselWidget@CarouselID','zh-CN','共享焦点图','CarouselWidget','EntityProperty'),('CarouselWidget@CarouselItems','zh-CN','滚动图','CarouselWidget','EntityProperty'),('CarouselWidget@CreateBy','zh-CN','CreateBy','CarouselWidget','EntityProperty'),('CarouselWidget@CreatebyName','zh-CN','创建人','CarouselWidget','EntityProperty'),('CarouselWidget@CreateDate','zh-CN','创建日期','CarouselWidget','EntityProperty'),('CarouselWidget@CustomClass','zh-CN','CustomClass','CarouselWidget','EntityProperty'),('CarouselWidget@CustomStyle','zh-CN','CustomStyle','CarouselWidget','EntityProperty'),('CarouselWidget@Description','zh-CN','描述','CarouselWidget','EntityProperty'),('CarouselWidget@ExtendFields','zh-CN','扩展属性','CarouselWidget','EntityProperty'),('CarouselWidget@FormView','zh-CN','FormView','CarouselWidget','EntityProperty'),('CarouselWidget@ID','zh-CN','ID','CarouselWidget','EntityProperty'),('CarouselWidget@IsSystem','zh-CN','IsSystem','CarouselWidget','EntityProperty'),('CarouselWidget@IsTemplate','zh-CN','保存为模板','CarouselWidget','EntityProperty'),('CarouselWidget@LastUpdateBy','zh-CN','LastUpdateBy','CarouselWidget','EntityProperty'),('CarouselWidget@LastUpdateByName','zh-CN','更新人','CarouselWidget','EntityProperty'),('CarouselWidget@LastUpdateDate','zh-CN','更新日期','CarouselWidget','EntityProperty'),('CarouselWidget@LayoutID','zh-CN','LayoutID','CarouselWidget','EntityProperty'),('CarouselWidget@PageID','zh-CN','PageID','CarouselWidget','EntityProperty'),('CarouselWidget@PartialView','zh-CN','显示模板','CarouselWidget','EntityProperty'),('CarouselWidget@Position','zh-CN','排序','CarouselWidget','EntityProperty'),('CarouselWidget@ServiceTypeName','zh-CN','ServiceTypeName','CarouselWidget','EntityProperty'),('CarouselWidget@Status','zh-CN','状态','CarouselWidget','EntityProperty'),('CarouselWidget@StyleClass','zh-CN','自定义样式','CarouselWidget','EntityProperty'),('CarouselWidget@Thumbnail','zh-CN','模板缩略图','CarouselWidget','EntityProperty'),('CarouselWidget@Title','zh-CN','标题','CarouselWidget','EntityProperty'),('CarouselWidget@ViewModelTypeName','zh-CN','ViewModelTypeName','CarouselWidget','EntityProperty'),('CarouselWidget@WidgetName','zh-CN','组件名称','CarouselWidget','EntityProperty'),('CarouselWidget@ZoneID','zh-CN','区域','CarouselWidget','EntityProperty'),('DataDictionaryEntity@CreateBy','zh-CN','CreateBy','DataDictionaryEntity','EntityProperty'),('DataDictionaryEntity@CreatebyName','zh-CN','创建人','DataDictionaryEntity','EntityProperty'),('DataDictionaryEntity@CreateDate','zh-CN','创建日期','DataDictionaryEntity','EntityProperty'),('DataDictionaryEntity@Description','zh-CN','描述','DataDictionaryEntity','EntityProperty'),('DataDictionaryEntity@DicName','zh-CN','DicName','DataDictionaryEntity','EntityProperty'),('DataDictionaryEntity@DicValue','zh-CN','DicValue','DataDictionaryEntity','EntityProperty'),('DataDictionaryEntity@ID','zh-CN','ID','DataDictionaryEntity','EntityProperty'),('DataDictionaryEntity@ImageThumbUrl','zh-CN','缩略图','DataDictionaryEntity','EntityProperty'),('DataDictionaryEntity@ImageUrl','zh-CN','图片','DataDictionaryEntity','EntityProperty'),('DataDictionaryEntity@IsSystem','zh-CN','IsSystem','DataDictionaryEntity','EntityProperty'),('DataDictionaryEntity@LastUpdateBy','zh-CN','LastUpdateBy','DataDictionaryEntity','EntityProperty'),('DataDictionaryEntity@LastUpdateByName','zh-CN','更新人','DataDictionaryEntity','EntityProperty'),('DataDictionaryEntity@LastUpdateDate','zh-CN','更新日期','DataDictionaryEntity','EntityProperty'),('DataDictionaryEntity@Order','zh-CN','排序','DataDictionaryEntity','EntityProperty'),('DataDictionaryEntity@Pid','zh-CN','Pid','DataDictionaryEntity','EntityProperty'),('DataDictionaryEntity@Status','zh-CN','状态','DataDictionaryEntity','EntityProperty'),('DataDictionaryEntity@Title','zh-CN','标题','DataDictionaryEntity','EntityProperty'),('ExtendFieldEntity@ActionType','zh-CN','ActionType','ExtendFieldEntity','EntityProperty'),('ExtendFieldEntity@CreateBy','zh-CN','CreateBy','ExtendFieldEntity','EntityProperty'),('ExtendFieldEntity@CreatebyName','zh-CN','创建人','ExtendFieldEntity','EntityProperty'),('ExtendFieldEntity@CreateDate','zh-CN','创建日期','ExtendFieldEntity','EntityProperty'),('ExtendFieldEntity@Description','zh-CN','描述','ExtendFieldEntity','EntityProperty'),('ExtendFieldEntity@ID','zh-CN','ID','ExtendFieldEntity','EntityProperty'),('ExtendFieldEntity@LastUpdateBy','zh-CN','LastUpdateBy','ExtendFieldEntity','EntityProperty'),('ExtendFieldEntity@LastUpdateByName','zh-CN','更新人','ExtendFieldEntity','EntityProperty'),('ExtendFieldEntity@LastUpdateDate','zh-CN','更新日期','ExtendFieldEntity','EntityProperty'),('ExtendFieldEntity@OwnerID','zh-CN','OwnerID','ExtendFieldEntity','EntityProperty'),('ExtendFieldEntity@OwnerModule','zh-CN','OwnerModule','ExtendFieldEntity','EntityProperty'),('ExtendFieldEntity@Status','zh-CN','状态','ExtendFieldEntity','EntityProperty'),('ExtendFieldEntity@Title','zh-CN','名称','ExtendFieldEntity','EntityProperty'),('ExtendFieldEntity@Value','zh-CN','值','ExtendFieldEntity','EntityProperty'),('Form@ActionType','zh-CN','ActionType','Form','EntityProperty'),('Form@CreateBy','zh-CN','CreateBy','Form','EntityProperty'),('Form@CreatebyName','zh-CN','创建人','Form','EntityProperty'),('Form@CreateDate','zh-CN','创建日期','Form','EntityProperty'),('Form@Description','zh-CN','描述','Form','EntityProperty'),('Form@FieldsData','zh-CN','FieldsData','Form','EntityProperty'),('Form@FormFields','zh-CN','FormFields','Form','EntityProperty'),('Form@ID','zh-CN','ID','Form','EntityProperty'),('Form@LastUpdateBy','zh-CN','LastUpdateBy','Form','EntityProperty'),('Form@LastUpdateByName','zh-CN','更新人','Form','EntityProperty'),('Form@LastUpdateDate','zh-CN','更新日期','Form','EntityProperty'),('Form@Status','zh-CN','状态','Form','EntityProperty'),('Form@Title','zh-CN','标题','Form','EntityProperty'),('FormData@ActionType','zh-CN','ActionType','FormData','EntityProperty'),('FormData@CreateBy','zh-CN','CreateBy','FormData','EntityProperty'),('FormData@CreatebyName','zh-CN','创建人','FormData','EntityProperty'),('FormData@CreateDate','zh-CN','创建日期','FormData','EntityProperty'),('FormData@Datas','zh-CN','Datas','FormData','EntityProperty'),('FormData@Description','zh-CN','描述','FormData','EntityProperty'),('FormData@Form','zh-CN','Form','FormData','EntityProperty'),('FormData@FormId','zh-CN','表单','FormWidget','EntityProperty'),('FormData@ID','zh-CN','ID','FormData','EntityProperty'),('FormData@LastUpdateBy','zh-CN','LastUpdateBy','FormData','EntityProperty'),('FormData@LastUpdateByName','zh-CN','更新人','FormData','EntityProperty'),('FormData@LastUpdateDate','zh-CN','更新日期','FormData','EntityProperty'),('FormData@Status','zh-CN','状态','FormData','EntityProperty'),('FormData@Title','zh-CN','标题','FormData','EntityProperty'),('FormWidget@ActionType','zh-CN','ActionType','FormWidget','EntityProperty'),('FormWidget@AssemblyName','zh-CN','AssemblyName','FormWidget','EntityProperty'),('FormWidget@CreateBy','zh-CN','CreateBy','FormWidget','EntityProperty'),('FormWidget@CreatebyName','zh-CN','创建人','FormWidget','EntityProperty'),('FormWidget@CreateDate','zh-CN','创建日期','FormWidget','EntityProperty'),('FormWidget@CustomClass','zh-CN','CustomClass','FormWidget','EntityProperty'),('FormWidget@CustomStyle','zh-CN','CustomStyle','FormWidget','EntityProperty'),('FormWidget@Description','zh-CN','描述','FormWidget','EntityProperty'),('FormWidget@ExtendData','zh-CN','ExtendData','FormWidget','EntityProperty'),('FormWidget@FormID','zh-CN','表单','FormWidget','EntityProperty'),('FormWidget@FormView','zh-CN','FormView','FormWidget','EntityProperty'),('FormWidget@ID','zh-CN','ID','FormWidget','EntityProperty'),('FormWidget@IsSystem','zh-CN','IsSystem','FormWidget','EntityProperty'),('FormWidget@IsTemplate','zh-CN','保存为模板','FormWidget','EntityProperty'),('FormWidget@LastUpdateBy','zh-CN','LastUpdateBy','FormWidget','EntityProperty'),('FormWidget@LastUpdateByName','zh-CN','更新人','FormWidget','EntityProperty'),('FormWidget@LastUpdateDate','zh-CN','更新日期','FormWidget','EntityProperty'),('FormWidget@LayoutID','zh-CN','LayoutID','FormWidget','EntityProperty'),('FormWidget@PageID','zh-CN','PageID','FormWidget','EntityProperty'),('FormWidget@PartialView','zh-CN','显示模板','FormWidget','EntityProperty'),('FormWidget@Position','zh-CN','排序','FormWidget','EntityProperty'),('FormWidget@ServiceTypeName','zh-CN','ServiceTypeName','FormWidget','EntityProperty'),('FormWidget@Status','zh-CN','状态','FormWidget','EntityProperty'),('FormWidget@StyleClass','zh-CN','自定义样式','FormWidget','EntityProperty'),('FormWidget@Thumbnail','zh-CN','模板缩略图','FormWidget','EntityProperty'),('FormWidget@Title','zh-CN','标题','FormWidget','EntityProperty'),('FormWidget@ViewModelTypeName','zh-CN','ViewModelTypeName','FormWidget','EntityProperty'),('FormWidget@WidgetName','zh-CN','组件名称','FormWidget','EntityProperty'),('FormWidget@ZoneID','zh-CN','区域','FormWidget','EntityProperty'),('HtmlWidget@ActionType','zh-CN','ActionType','HtmlWidget','EntityProperty'),('HtmlWidget@AssemblyName','zh-CN','AssemblyName','HtmlWidget','EntityProperty'),('HtmlWidget@CreateBy','zh-CN','CreateBy','HtmlWidget','EntityProperty'),('HtmlWidget@CreatebyName','zh-CN','创建人','HtmlWidget','EntityProperty'),('HtmlWidget@CreateDate','zh-CN','创建日期','HtmlWidget','EntityProperty'),('HtmlWidget@CustomClass','zh-CN','CustomClass','HtmlWidget','EntityProperty'),('HtmlWidget@CustomStyle','zh-CN','CustomStyle','HtmlWidget','EntityProperty'),('HtmlWidget@Description','zh-CN','描述','HtmlWidget','EntityProperty'),('HtmlWidget@ExtendData','zh-CN','ExtendData','HtmlWidget','EntityProperty'),('HtmlWidget@ExtendFields','zh-CN','扩展属性','HtmlWidget','EntityProperty'),('HtmlWidget@FormView','zh-CN','FormView','HtmlWidget','EntityProperty'),('HtmlWidget@HTML','zh-CN','内容','HtmlWidget','EntityProperty'),('HtmlWidget@ID','zh-CN','ID','HtmlWidget','EntityProperty'),('HtmlWidget@IsSystem','zh-CN','IsSystem','HtmlWidget','EntityProperty'),('HtmlWidget@IsTemplate','zh-CN','保存为模板','HtmlWidget','EntityProperty'),('HtmlWidget@LastUpdateBy','zh-CN','LastUpdateBy','HtmlWidget','EntityProperty'),('HtmlWidget@LastUpdateByName','zh-CN','更新人','HtmlWidget','EntityProperty'),('HtmlWidget@LastUpdateDate','zh-CN','更新日期','HtmlWidget','EntityProperty'),('HtmlWidget@LayoutID','zh-CN','布局','HtmlWidget','EntityProperty'),('HtmlWidget@PageID','zh-CN','页面','HtmlWidget','EntityProperty'),('HtmlWidget@PartDriver','zh-CN','PartDriver','HtmlWidget','EntityProperty'),('HtmlWidget@PartialView','zh-CN','显示模板','HtmlWidget','EntityProperty'),('HtmlWidget@Position','zh-CN','排序','HtmlWidget','EntityProperty'),('HtmlWidget@ServiceTypeName','zh-CN','ServiceTypeName','HtmlWidget','EntityProperty'),('HtmlWidget@Status','zh-CN','状态','HtmlWidget','EntityProperty'),('HtmlWidget@StyleClass','zh-CN','自定义样式','HtmlWidget','EntityProperty'),('HtmlWidget@Thumbnail','zh-CN','模板缩略图','HtmlWidget','EntityProperty'),('HtmlWidget@Title','zh-CN','标题','HtmlWidget','EntityProperty'),('HtmlWidget@ViewModelTypeName','zh-CN','ViewModelTypeName','HtmlWidget','EntityProperty'),('HtmlWidget@WidgetName','zh-CN','组件名称','HtmlWidget','EntityProperty'),('HtmlWidget@ZoneID','zh-CN','区域','HtmlWidget','EntityProperty'),('ImageWidget@ActionType','zh-CN','ActionType','ImageWidget','EntityProperty'),('ImageWidget@AltText','zh-CN','说明','ImageWidget','EntityProperty'),('ImageWidget@AssemblyName','zh-CN','AssemblyName','ImageWidget','EntityProperty'),('ImageWidget@CreateBy','zh-CN','CreateBy','ImageWidget','EntityProperty'),('ImageWidget@CreatebyName','zh-CN','创建人','ImageWidget','EntityProperty'),('ImageWidget@CreateDate','zh-CN','创建日期','ImageWidget','EntityProperty'),('ImageWidget@CustomClass','zh-CN','CustomClass','ImageWidget','EntityProperty'),('ImageWidget@CustomStyle','zh-CN','CustomStyle','ImageWidget','EntityProperty'),('ImageWidget@Description','zh-CN','描述','ImageWidget','EntityProperty'),('ImageWidget@ExtendFields','zh-CN','扩展属性','ImageWidget','EntityProperty'),('ImageWidget@FormView','zh-CN','FormView','ImageWidget','EntityProperty'),('ImageWidget@Height','zh-CN','高度(px)','ImageWidget','EntityProperty'),('ImageWidget@ID','zh-CN','ID','ImageWidget','EntityProperty'),('ImageWidget@ImageUrl','zh-CN','图片','ImageWidget','EntityProperty'),('ImageWidget@IsSystem','zh-CN','IsSystem','ImageWidget','EntityProperty'),('ImageWidget@IsTemplate','zh-CN','保存为模板','ImageWidget','EntityProperty'),('ImageWidget@LastUpdateBy','zh-CN','LastUpdateBy','ImageWidget','EntityProperty'),('ImageWidget@LastUpdateByName','zh-CN','更新人','ImageWidget','EntityProperty'),('ImageWidget@LastUpdateDate','zh-CN','更新日期','ImageWidget','EntityProperty'),('ImageWidget@LayoutID','zh-CN','布局','ImageWidget','EntityProperty'),('ImageWidget@Link','zh-CN','链接','ImageWidget','EntityProperty'),('ImageWidget@PageID','zh-CN','页面','ImageWidget','EntityProperty'),('ImageWidget@PartDriver','zh-CN','PartDriver','ImageWidget','EntityProperty'),('ImageWidget@PartialView','zh-CN','显示模板','ImageWidget','EntityProperty'),('ImageWidget@Position','zh-CN','排序','ImageWidget','EntityProperty'),('ImageWidget@ServiceTypeName','zh-CN','ServiceTypeName','ImageWidget','EntityProperty'),('ImageWidget@Status','zh-CN','状态','ImageWidget','EntityProperty'),('ImageWidget@StyleClass','zh-CN','自定义样式','ImageWidget','EntityProperty'),('ImageWidget@Thumbnail','zh-CN','模板缩略图','ImageWidget','EntityProperty'),('ImageWidget@Title','zh-CN','标题','ImageWidget','EntityProperty'),('ImageWidget@ViewModelTypeName','zh-CN','ViewModelTypeName','ImageWidget','EntityProperty'),('ImageWidget@WidgetName','zh-CN','组件名称','ImageWidget','EntityProperty'),('ImageWidget@Width','zh-CN','宽度(px)','ImageWidget','EntityProperty'),('ImageWidget@ZoneID','zh-CN','区域','ImageWidget','EntityProperty'),('LanguageEntity@CultureName','zh-CN','语言缩写','LanguageEntity','EntityProperty'),('LanguageEntity@LanKey','zh-CN','翻译键','LanguageEntity','EntityProperty'),('LanguageEntity@LanType','zh-CN','对象','LanguageEntity','EntityProperty'),('LanguageEntity@LanValue','zh-CN','翻译值','LanguageEntity','EntityProperty'),('LanguageEntity@Module','zh-CN','模块','LanguageEntity','EntityProperty'),('LayoutEntity@ActionType','zh-CN','ActionType','LayoutEntity','EntityProperty'),('LayoutEntity@ContainerClass','zh-CN','ContainerClass','LayoutEntity','EntityProperty'),('LayoutEntity@CreateBy','zh-CN','CreateBy','LayoutEntity','EntityProperty'),('LayoutEntity@CreatebyName','zh-CN','创建人','LayoutEntity','EntityProperty'),('LayoutEntity@CreateDate','zh-CN','创建日期','LayoutEntity','EntityProperty'),('LayoutEntity@CurrentTheme','zh-CN','CurrentTheme','LayoutEntity','EntityProperty'),('LayoutEntity@Description','zh-CN','描述','LayoutEntity','EntityProperty'),('LayoutEntity@Html','zh-CN','内容','LayoutEntity','EntityProperty'),('LayoutEntity@ID','zh-CN','ID','LayoutEntity','EntityProperty'),('LayoutEntity@ImageThumbUrl','zh-CN','缩略图','LayoutEntity','EntityProperty'),('LayoutEntity@ImageUrl','zh-CN','图片','LayoutEntity','EntityProperty'),('LayoutEntity@LastUpdateBy','zh-CN','LastUpdateBy','LayoutEntity','EntityProperty'),('LayoutEntity@LastUpdateByName','zh-CN','更新人','LayoutEntity','EntityProperty'),('LayoutEntity@LastUpdateDate','zh-CN','更新日期','LayoutEntity','EntityProperty'),('LayoutEntity@Layout','zh-CN','Layout','LayoutEntity','EntityProperty'),('LayoutEntity@LayoutName','zh-CN','名称','LayoutEntity','EntityProperty'),('LayoutEntity@Page','zh-CN','Page','LayoutEntity','EntityProperty'),('LayoutEntity@PreViewPage','zh-CN','PreViewPage','LayoutEntity','EntityProperty'),('LayoutEntity@Script','zh-CN','脚本','LayoutEntity','EntityProperty'),('LayoutEntity@Status','zh-CN','状态','LayoutEntity','EntityProperty'),('LayoutEntity@Style','zh-CN','样式','LayoutEntity','EntityProperty'),('LayoutEntity@Templates','zh-CN','Templates','LayoutEntity','EntityProperty'),('LayoutEntity@Theme','zh-CN','主题','LayoutEntity','EntityProperty'),('LayoutEntity@Title','zh-CN','标题','LayoutEntity','EntityProperty'),('LayoutEntity@Zones','zh-CN','Zones','LayoutEntity','EntityProperty'),('LayoutEntity@ZoneWidgets','zh-CN','ZoneWidgets','LayoutEntity','EntityProperty'),('LayoutHtml@ActionType','zh-CN','ActionType','LayoutHtml','EntityProperty'),('LayoutHtml@CreateBy','zh-CN','CreateBy','LayoutHtml','EntityProperty'),('LayoutHtml@CreatebyName','zh-CN','创建人','LayoutHtml','EntityProperty'),('LayoutHtml@CreateDate','zh-CN','创建日期','LayoutHtml','EntityProperty'),('LayoutHtml@Description','zh-CN','描述','LayoutHtml','EntityProperty'),('LayoutHtml@Html','zh-CN','内容','LayoutHtml','EntityProperty'),('LayoutHtml@LastUpdateBy','zh-CN','LastUpdateBy','LayoutHtml','EntityProperty'),('LayoutHtml@LastUpdateByName','zh-CN','更新人','LayoutHtml','EntityProperty'),('LayoutHtml@LastUpdateDate','zh-CN','更新日期','LayoutHtml','EntityProperty'),('LayoutHtml@LayoutHtmlId','zh-CN','LayoutHtmlId','LayoutHtml','EntityProperty'),('LayoutHtml@LayoutId','zh-CN','布局','LayoutHtml','EntityProperty'),('LayoutHtml@Status','zh-CN','状态','LayoutHtml','EntityProperty'),('LayoutHtml@Title','zh-CN','标题','LayoutHtml','EntityProperty'),('MediaEntity@ActionType','zh-CN','ActionType','MediaEntity','EntityProperty'),('MediaEntity@CreateBy','zh-CN','CreateBy','MediaEntity','EntityProperty'),('MediaEntity@CreatebyName','zh-CN','CreatebyName','MediaEntity','EntityProperty'),('MediaEntity@CreateDate','zh-CN','CreateDate','MediaEntity','EntityProperty'),('MediaEntity@Description','zh-CN','描述','MediaEntity','EntityProperty'),('MediaEntity@ID','zh-CN','ID','MediaEntity','EntityProperty'),('MediaEntity@LastUpdateBy','zh-CN','LastUpdateBy','MediaEntity','EntityProperty'),('MediaEntity@LastUpdateByName','zh-CN','LastUpdateByName','MediaEntity','EntityProperty'),('MediaEntity@LastUpdateDate','zh-CN','LastUpdateDate','MediaEntity','EntityProperty'),('MediaEntity@MediaType','zh-CN','MediaType','MediaEntity','EntityProperty'),('MediaEntity@MediaTypeImage','zh-CN','MediaTypeImage','MediaEntity','EntityProperty'),('MediaEntity@ParentID','zh-CN','ParentID','MediaEntity','EntityProperty'),('MediaEntity@Status','zh-CN','状态','MediaEntity','EntityProperty'),('MediaEntity@Title','zh-CN','标题','MediaEntity','EntityProperty'),('MediaEntity@Url','zh-CN','Url','MediaEntity','EntityProperty'),('MessageEntity@ActionType','zh-CN','ActionType','MessageEntity','EntityProperty'),('MessageEntity@CreateBy','zh-CN','CreateBy','MessageEntity','EntityProperty'),('MessageEntity@CreatebyName','zh-CN','创建人','MessageEntity','EntityProperty'),('MessageEntity@CreateDate','zh-CN','创建日期','MessageEntity','EntityProperty'),('MessageEntity@Description','zh-CN','描述','MessageEntity','EntityProperty'),('MessageEntity@Email','zh-CN','邮箱','MessageEntity','EntityProperty'),('MessageEntity@ID','zh-CN','ID','MessageEntity','EntityProperty'),('MessageEntity@LastUpdateBy','zh-CN','LastUpdateBy','MessageEntity','EntityProperty'),('MessageEntity@LastUpdateByName','zh-CN','更新人','MessageEntity','EntityProperty'),('MessageEntity@LastUpdateDate','zh-CN','更新日期','MessageEntity','EntityProperty'),('MessageEntity@PostMessage','zh-CN','留言内容','MessageEntity','EntityProperty'),('MessageEntity@Reply','zh-CN','回复','MessageEntity','EntityProperty'),('MessageEntity@Status','zh-CN','状态','MessageEntity','EntityProperty'),('MessageEntity@Title','zh-CN','姓名','MessageEntity','EntityProperty'),('MessageWidget@ActionType','zh-CN','ActionType','MessageWidget','EntityProperty'),('MessageWidget@AssemblyName','zh-CN','AssemblyName','MessageWidget','EntityProperty'),('MessageWidget@CreateBy','zh-CN','CreateBy','MessageWidget','EntityProperty'),('MessageWidget@CreatebyName','zh-CN','创建人','MessageWidget','EntityProperty'),('MessageWidget@CreateDate','zh-CN','创建日期','MessageWidget','EntityProperty'),('MessageWidget@CustomClass','zh-CN','CustomClass','MessageWidget','EntityProperty'),('MessageWidget@CustomStyle','zh-CN','CustomStyle','MessageWidget','EntityProperty'),('MessageWidget@Description','zh-CN','描述','MessageWidget','EntityProperty'),('MessageWidget@ExtendData','zh-CN','ExtendData','MessageWidget','EntityProperty'),('MessageWidget@ExtendFields','zh-CN','扩展属性','MessageWidget','EntityProperty'),('MessageWidget@FormView','zh-CN','FormView','MessageWidget','EntityProperty'),('MessageWidget@ID','zh-CN','ID','MessageWidget','EntityProperty'),('MessageWidget@IsSystem','zh-CN','IsSystem','MessageWidget','EntityProperty'),('MessageWidget@IsTemplate','zh-CN','保存为模板','MessageWidget','EntityProperty'),('MessageWidget@LastUpdateBy','zh-CN','LastUpdateBy','MessageWidget','EntityProperty'),('MessageWidget@LastUpdateByName','zh-CN','更新人','MessageWidget','EntityProperty'),('MessageWidget@LastUpdateDate','zh-CN','更新日期','MessageWidget','EntityProperty'),('MessageWidget@LayoutID','zh-CN','LayoutID','MessageWidget','EntityProperty'),('MessageWidget@PageID','zh-CN','PageID','MessageWidget','EntityProperty'),('MessageWidget@PartialView','zh-CN','显示模板','MessageWidget','EntityProperty'),('MessageWidget@Position','zh-CN','排序','MessageWidget','EntityProperty'),('MessageWidget@ServiceTypeName','zh-CN','ServiceTypeName','MessageWidget','EntityProperty'),('MessageWidget@Status','zh-CN','状态','MessageWidget','EntityProperty'),('MessageWidget@StyleClass','zh-CN','自定义样式','MessageWidget','EntityProperty'),('MessageWidget@Thumbnail','zh-CN','模板缩略图','MessageWidget','EntityProperty'),('MessageWidget@Title','zh-CN','标题','MessageWidget','EntityProperty'),('MessageWidget@ViewModelTypeName','zh-CN','ViewModelTypeName','MessageWidget','EntityProperty'),('MessageWidget@WidgetName','zh-CN','组件名称','MessageWidget','EntityProperty'),('MessageWidget@ZoneID','zh-CN','区域','MessageWidget','EntityProperty'),('NavigationEntity@ActionType','zh-CN','ActionType','NavigationEntity','EntityProperty'),('NavigationEntity@CreateBy','zh-CN','CreateBy','NavigationEntity','EntityProperty'),('NavigationEntity@CreatebyName','zh-CN','创建人','NavigationEntity','EntityProperty'),('NavigationEntity@CreateDate','zh-CN','创建日期','NavigationEntity','EntityProperty'),('NavigationEntity@Description','zh-CN','描述','NavigationEntity','EntityProperty'),('NavigationEntity@DisplayOrder','zh-CN','排序','NavigationEntity','EntityProperty'),('NavigationEntity@ID','zh-CN','ID','NavigationEntity','EntityProperty'),('NavigationEntity@IsCurrent','zh-CN','IsCurrent','NavigationEntity','EntityProperty'),('NavigationEntity@IsMobile','zh-CN','手机导航','NavigationEntity','EntityProperty'),('NavigationEntity@LastUpdateBy','zh-CN','LastUpdateBy','NavigationEntity','EntityProperty'),('NavigationEntity@LastUpdateByName','zh-CN','更新人','NavigationEntity','EntityProperty'),('NavigationEntity@LastUpdateDate','zh-CN','更新日期','NavigationEntity','EntityProperty'),('NavigationEntity@ParentId','zh-CN','ParentId','NavigationEntity','EntityProperty'),('NavigationEntity@Status','zh-CN','状态','NavigationEntity','EntityProperty'),('NavigationEntity@Title','zh-CN','标题','NavigationEntity','EntityProperty'),('NavigationEntity@Url','zh-CN','Url','NavigationEntity','EntityProperty'),('NavigationWidget@ActionType','zh-CN','ActionType','NavigationWidget','EntityProperty'),('NavigationWidget@AlignClass','zh-CN','对齐','NavigationWidget','EntityProperty'),('NavigationWidget@AssemblyName','zh-CN','AssemblyName','NavigationWidget','EntityProperty'),('NavigationWidget@CreateBy','zh-CN','CreateBy','NavigationWidget','EntityProperty'),('NavigationWidget@CreatebyName','zh-CN','创建人','NavigationWidget','EntityProperty'),('NavigationWidget@CreateDate','zh-CN','创建日期','NavigationWidget','EntityProperty'),('NavigationWidget@CustomClass','zh-CN','CustomClass','NavigationWidget','EntityProperty'),('NavigationWidget@CustomerClass','zh-CN','契合度','NavigationWidget','EntityProperty'),('NavigationWidget@CustomStyle','zh-CN','契合度','NavigationWidget','EntityProperty'),('NavigationWidget@Description','zh-CN','描述','NavigationWidget','EntityProperty'),('NavigationWidget@ExtendData','zh-CN','ExtendData','NavigationWidget','EntityProperty'),('NavigationWidget@ExtendFields','zh-CN','扩展属性','NavigationWidget','EntityProperty'),('NavigationWidget@FormView','zh-CN','FormView','NavigationWidget','EntityProperty'),('NavigationWidget@ID','zh-CN','ID','NavigationWidget','EntityProperty'),('NavigationWidget@IsSystem','zh-CN','IsSystem','NavigationWidget','EntityProperty'),('NavigationWidget@IsTemplate','zh-CN','保存为模板','NavigationWidget','EntityProperty'),('NavigationWidget@IsTopFix','zh-CN','顶部固定','NavigationWidget','EntityProperty'),('NavigationWidget@LastUpdateBy','zh-CN','LastUpdateBy','NavigationWidget','EntityProperty'),('NavigationWidget@LastUpdateByName','zh-CN','更新人','NavigationWidget','EntityProperty'),('NavigationWidget@LastUpdateDate','zh-CN','更新日期','NavigationWidget','EntityProperty'),('NavigationWidget@LayoutID','zh-CN','布局','NavigationWidget','EntityProperty'),('NavigationWidget@Logo','zh-CN','Logo','NavigationWidget','EntityProperty'),('NavigationWidget@PageID','zh-CN','页面','NavigationWidget','EntityProperty'),('NavigationWidget@PartDriver','zh-CN','PartDriver','NavigationWidget','EntityProperty'),('NavigationWidget@PartialView','zh-CN','显示模板','NavigationWidget','EntityProperty'),('NavigationWidget@Position','zh-CN','排序','NavigationWidget','EntityProperty'),('NavigationWidget@RootID','zh-CN','根结点','NavigationWidget','EntityProperty'),('NavigationWidget@ServiceTypeName','zh-CN','ServiceTypeName','NavigationWidget','EntityProperty'),('NavigationWidget@Status','zh-CN','状态','NavigationWidget','EntityProperty'),('NavigationWidget@StyleClass','zh-CN','自定义样式','NavigationWidget','EntityProperty'),('NavigationWidget@Thumbnail','zh-CN','模板缩略图','NavigationWidget','EntityProperty'),('NavigationWidget@Title','zh-CN','标题','NavigationWidget','EntityProperty'),('NavigationWidget@ViewModelTypeName','zh-CN','ViewModelTypeName','NavigationWidget','EntityProperty'),('NavigationWidget@WidgetName','zh-CN','组件名称','NavigationWidget','EntityProperty'),('NavigationWidget@ZoneID','zh-CN','区域','NavigationWidget','EntityProperty'),('Order@ActionType','zh-CN','ActionType','Order','EntityProperty'),('Order@CompletePayTime','zh-CN','完成支付时间','Order','EntityProperty'),('Order@Contact','zh-CN','联系人','Order','EntityProperty'),('Order@CreateBy','zh-CN','CreateBy','Order','EntityProperty'),('Order@CreatebyName','zh-CN','创建人','Order','EntityProperty'),('Order@CreateDate','zh-CN','创建日期','Order','EntityProperty'),('Order@Description','zh-CN','描述','Order','EntityProperty'),('Order@ID','zh-CN','订单号','Order','EntityProperty'),('Order@LastUpdateBy','zh-CN','LastUpdateBy','Order','EntityProperty'),('Order@LastUpdateByName','zh-CN','更新人','Order','EntityProperty'),('Order@LastUpdateDate','zh-CN','更新日期','Order','EntityProperty'),('Order@LogisticsCompany','zh-CN','快递公司','Order','EntityProperty'),('Order@OrderStatus','zh-CN','订单状态','Order','EntityProperty'),('Order@PaymentGateway','zh-CN','支付方式','Order','EntityProperty'),('Order@PaymentID','zh-CN','支付ID','Order','EntityProperty'),('Order@PayTime','zh-CN','发起支付时间','Order','EntityProperty'),('Order@PhoneNumber','zh-CN','电话','Order','EntityProperty'),('Order@ShippingAddress','zh-CN','收货地址','Order','EntityProperty'),('Order@Status','zh-CN','状态','Order','EntityProperty'),('Order@Title','zh-CN','标题','Order','EntityProperty'),('Order@Total','zh-CN','总价','Order','EntityProperty'),('Order@TrackingNumber','zh-CN','快递单号','Order','EntityProperty'),('Order@UserId','zh-CN','登录名','Order','EntityProperty'),('PageEntity@ActionType','zh-CN','ActionType','PageEntity','EntityProperty'),('PageEntity@Content','zh-CN','Content','PageEntity','EntityProperty'),('PageEntity@CreateBy','zh-CN','CreateBy','PageEntity','EntityProperty'),('PageEntity@CreatebyName','zh-CN','创建人','PageEntity','EntityProperty'),('PageEntity@CreateDate','zh-CN','创建日期','PageEntity','EntityProperty'),('PageEntity@Description','zh-CN','描述','PageEntity','EntityProperty'),('PageEntity@DisplayOrder','zh-CN','排序','PageEntity','EntityProperty'),('PageEntity@ExtendFields','zh-CN','扩展属性','PageEntity','EntityProperty'),('PageEntity@Favicon','zh-CN','Favicon','PageEntity','EntityProperty'),('PageEntity@ID','zh-CN','ID','PageEntity','EntityProperty'),('PageEntity@IsHomePage','zh-CN','首页?','PageEntity','EntityProperty'),('PageEntity@IsPublish','zh-CN','已发布?','PageEntity','EntityProperty'),('PageEntity@IsPublishedPage','zh-CN','IsPublishedPage','PageEntity','EntityProperty'),('PageEntity@LastUpdateBy','zh-CN','LastUpdateBy','PageEntity','EntityProperty'),('PageEntity@LastUpdateByName','zh-CN','更新人','PageEntity','EntityProperty'),('PageEntity@LastUpdateDate','zh-CN','更新日期','PageEntity','EntityProperty'),('PageEntity@LayoutId','zh-CN','布局','PageEntity','EntityProperty'),('PageEntity@MetaDescription','zh-CN','SEO描述','PageEntity','EntityProperty'),('PageEntity@MetaKeyWorlds','zh-CN','SEO关键字','PageEntity','EntityProperty'),('PageEntity@PageName','zh-CN','名称','PageEntity','EntityProperty'),('PageEntity@PageUrl','zh-CN','页面地址','PageEntity','EntityProperty'),('PageEntity@ParentId','zh-CN','ParentId','PageEntity','EntityProperty'),('PageEntity@PublishDate','zh-CN','发布日期','PageEntity','EntityProperty'),('PageEntity@ReferencePageID','zh-CN','ReferencePageID','PageEntity','EntityProperty'),('PageEntity@Script','zh-CN','脚本','PageEntity','EntityProperty'),('PageEntity@Status','zh-CN','状态','PageEntity','EntityProperty'),('PageEntity@Style','zh-CN','样式','PageEntity','EntityProperty'),('PageEntity@Title','zh-CN','标题','PageEntity','EntityProperty'),('PageEntity@Url','zh-CN','Url','PageEntity','EntityProperty'),('ProductCategory@ActionType','zh-CN','ActionType','ProductCategory','EntityProperty'),('ProductCategory@CreateBy','zh-CN','CreateBy','ProductCategory','EntityProperty'),('ProductCategory@CreatebyName','zh-CN','创建人','ProductCategory','EntityProperty'),('ProductCategory@CreateDate','zh-CN','创建日期','ProductCategory','EntityProperty'),('ProductCategory@Description','zh-CN','描述','ProductCategory','EntityProperty'),('ProductCategory@ID','zh-CN','ID','ProductCategory','EntityProperty'),('ProductCategory@LastUpdateBy','zh-CN','LastUpdateBy','ProductCategory','EntityProperty'),('ProductCategory@LastUpdateByName','zh-CN','更新人','ProductCategory','EntityProperty'),('ProductCategory@LastUpdateDate','zh-CN','更新日期','ProductCategory','EntityProperty'),('ProductCategory@ParentID','zh-CN','ParentID','ProductCategory','EntityProperty'),('ProductCategory@Status','zh-CN','状态','ProductCategory','EntityProperty'),('ProductCategory@Title','zh-CN','标题','ProductCategory','EntityProperty'),('ProductCategoryWidget@ActionType','zh-CN','ActionType','ProductCategoryWidget','EntityProperty'),('ProductCategoryWidget@AssemblyName','zh-CN','AssemblyName','ProductCategoryWidget','EntityProperty'),('ProductCategoryWidget@CreateBy','zh-CN','CreateBy','ProductCategoryWidget','EntityProperty'),('ProductCategoryWidget@CreatebyName','zh-CN','创建人','ProductCategoryWidget','EntityProperty'),('ProductCategoryWidget@CreateDate','zh-CN','创建日期','ProductCategoryWidget','EntityProperty'),('ProductCategoryWidget@CustomClass','zh-CN','CustomClass','ProductCategoryWidget','EntityProperty'),('ProductCategoryWidget@CustomStyle','zh-CN','CustomStyle','ProductCategoryWidget','EntityProperty'),('ProductCategoryWidget@Description','zh-CN','描述','ProductCategoryWidget','EntityProperty'),('ProductCategoryWidget@ExtendFields','zh-CN','扩展属性','ProductCategoryWidget','EntityProperty'),('ProductCategoryWidget@FormView','zh-CN','FormView','ProductCategoryWidget','EntityProperty'),('ProductCategoryWidget@ID','zh-CN','ID','ProductCategoryWidget','EntityProperty'),('ProductCategoryWidget@IsSystem','zh-CN','IsSystem','ProductCategoryWidget','EntityProperty'),('ProductCategoryWidget@IsTemplate','zh-CN','保存为模板','ProductCategoryWidget','EntityProperty'),('ProductCategoryWidget@LastUpdateBy','zh-CN','LastUpdateBy','ProductCategoryWidget','EntityProperty'),('ProductCategoryWidget@LastUpdateByName','zh-CN','更新人','ProductCategoryWidget','EntityProperty'),('ProductCategoryWidget@LastUpdateDate','zh-CN','更新日期','ProductCategoryWidget','EntityProperty'),('ProductCategoryWidget@LayoutID','zh-CN','LayoutID','ProductCategoryWidget','EntityProperty'),('ProductCategoryWidget@PageID','zh-CN','PageID','ProductCategoryWidget','EntityProperty'),('ProductCategoryWidget@PartialView','zh-CN','显示模板','ProductCategoryWidget','EntityProperty'),('ProductCategoryWidget@Position','zh-CN','排序','ProductCategoryWidget','EntityProperty'),('ProductCategoryWidget@ProductCategoryID','zh-CN','产品类别','ProductCategoryWidget','EntityProperty'),('ProductCategoryWidget@ServiceTypeName','zh-CN','ServiceTypeName','ProductCategoryWidget','EntityProperty'),('ProductCategoryWidget@Status','zh-CN','状态','ProductCategoryWidget','EntityProperty'),('ProductCategoryWidget@StyleClass','zh-CN','自定义样式','ProductCategoryWidget','EntityProperty'),('ProductCategoryWidget@TargetPage','zh-CN','详细页面','ProductCategoryWidget','EntityProperty'),('ProductCategoryWidget@Thumbnail','zh-CN','模板缩略图','ProductCategoryWidget','EntityProperty'),('ProductCategoryWidget@Title','zh-CN','标题','ProductCategoryWidget','EntityProperty'),('ProductCategoryWidget@ViewModelTypeName','zh-CN','ViewModelTypeName','ProductCategoryWidget','EntityProperty'),('ProductCategoryWidget@WidgetName','zh-CN','组件名称','ProductCategoryWidget','EntityProperty'),('ProductCategoryWidget@ZoneID','zh-CN','区域','ProductCategoryWidget','EntityProperty'),('ProductDetailWidget@ActionType','zh-CN','ActionType','ProductDetailWidget','EntityProperty'),('ProductDetailWidget@AssemblyName','zh-CN','AssemblyName','ProductDetailWidget','EntityProperty'),('ProductDetailWidget@CreateBy','zh-CN','CreateBy','ProductDetailWidget','EntityProperty'),('ProductDetailWidget@CreatebyName','zh-CN','创建人','ProductDetailWidget','EntityProperty'),('ProductDetailWidget@CreateDate','zh-CN','创建日期','ProductDetailWidget','EntityProperty'),('ProductDetailWidget@CustomClass','zh-CN','CustomClass','ProductDetailWidget','EntityProperty'),('ProductDetailWidget@CustomerClass','zh-CN','CustomerClass','ProductDetailWidget','EntityProperty'),('ProductDetailWidget@CustomStyle','zh-CN','CustomStyle','ProductDetailWidget','EntityProperty'),('ProductDetailWidget@Description','zh-CN','描述','ProductDetailWidget','EntityProperty'),('ProductDetailWidget@ExtendFields','zh-CN','扩展属性','ProductDetailWidget','EntityProperty'),('ProductDetailWidget@FormView','zh-CN','FormView','ProductDetailWidget','EntityProperty'),('ProductDetailWidget@ID','zh-CN','ID','ProductDetailWidget','EntityProperty'),('ProductDetailWidget@IsSystem','zh-CN','IsSystem','ProductDetailWidget','EntityProperty'),('ProductDetailWidget@IsTemplate','zh-CN','保存为模板','ProductDetailWidget','EntityProperty'),('ProductDetailWidget@LastUpdateBy','zh-CN','LastUpdateBy','ProductDetailWidget','EntityProperty'),('ProductDetailWidget@LastUpdateByName','zh-CN','更新人','ProductDetailWidget','EntityProperty'),('ProductDetailWidget@LastUpdateDate','zh-CN','更新日期','ProductDetailWidget','EntityProperty'),('ProductDetailWidget@LayoutID','zh-CN','LayoutID','ProductDetailWidget','EntityProperty'),('ProductDetailWidget@PageID','zh-CN','PageID','ProductDetailWidget','EntityProperty'),('ProductDetailWidget@PartialView','zh-CN','显示模板','ProductDetailWidget','EntityProperty'),('ProductDetailWidget@Position','zh-CN','排序','ProductDetailWidget','EntityProperty'),('ProductDetailWidget@ServiceTypeName','zh-CN','ServiceTypeName','ProductDetailWidget','EntityProperty'),('ProductDetailWidget@Status','zh-CN','状态','ProductDetailWidget','EntityProperty'),('ProductDetailWidget@StyleClass','zh-CN','自定义样式','ProductDetailWidget','EntityProperty'),('ProductDetailWidget@Thumbnail','zh-CN','模板缩略图','ProductDetailWidget','EntityProperty'),('ProductDetailWidget@Title','zh-CN','标题','ProductDetailWidget','EntityProperty'),('ProductDetailWidget@ViewModelTypeName','zh-CN','ViewModelTypeName','ProductDetailWidget','EntityProperty'),('ProductDetailWidget@WidgetName','zh-CN','组件名称','ProductDetailWidget','EntityProperty'),('ProductDetailWidget@ZoneID','zh-CN','区域','ProductDetailWidget','EntityProperty'),('ProductEntity@ActionType','zh-CN','ActionType','ProductEntity','EntityProperty'),('ProductEntity@BrandCD','zh-CN','BrandCD','ProductEntity','EntityProperty'),('ProductEntity@Color','zh-CN','颜色','ProductEntity','EntityProperty'),('ProductEntity@CreateBy','zh-CN','CreateBy','ProductEntity','EntityProperty'),('ProductEntity@CreatebyName','zh-CN','创建人','ProductEntity','EntityProperty'),('ProductEntity@CreateDate','zh-CN','创建日期','ProductEntity','EntityProperty'),('ProductEntity@Description','zh-CN','描述','ProductEntity','EntityProperty'),('ProductEntity@ExtendFields','zh-CN','扩展属性','ProductEntity','EntityProperty'),('ProductEntity@ID','zh-CN','ID','ProductEntity','EntityProperty'),('ProductEntity@ImageThumbUrl','zh-CN','缩略图','ProductEntity','EntityProperty'),('ProductEntity@ImageUrl','zh-CN','图片','ProductEntity','EntityProperty'),('ProductEntity@IsPublish','zh-CN','已发布?','ProductEntity','EntityProperty'),('ProductEntity@LastUpdateBy','zh-CN','LastUpdateBy','ProductEntity','EntityProperty'),('ProductEntity@LastUpdateByName','zh-CN','更新人','ProductEntity','EntityProperty'),('ProductEntity@LastUpdateDate','zh-CN','更新日期','ProductEntity','EntityProperty'),('ProductEntity@Norm','zh-CN','规格','ProductEntity','EntityProperty'),('ProductEntity@OrderIndex','zh-CN','排序','ProductEntity','EntityProperty'),('ProductEntity@PartNumber','zh-CN','型号','ProductEntity','EntityProperty'),('ProductEntity@Price','zh-CN','价格','ProductEntity','EntityProperty'),('ProductEntity@ProductCategoryID','zh-CN','产品类别','ProductEntity','EntityProperty'),('ProductEntity@ProductContent','zh-CN','详细内容','ProductEntity','EntityProperty'),('ProductEntity@ProductEntityCategory','zh-CN','产品类别','ProductEntity','EntityProperty'),('ProductEntity@ProductEntityCategoryID','zh-CN','产品类别','ProductEntity','EntityProperty'),('ProductEntity@ProductEntityContent','zh-CN','描述','ProductEntity','EntityProperty'),('ProductEntity@ProductImages','zh-CN','展示图','ProductEntity','EntityProperty'),('ProductEntity@ProductTags','zh-CN','标签','ProductEntity','EntityProperty'),('ProductEntity@PublishDate','zh-CN','发布日期','ProductEntity','EntityProperty'),('ProductEntity@PurchasePrice','zh-CN','成本价','ProductEntity','EntityProperty'),('ProductEntity@RebatePrice','zh-CN','折扣价','ProductEntity','EntityProperty'),('ProductEntity@SEODescription','zh-CN','SEO描述','ProductEntity','EntityProperty'),('ProductEntity@SEOKeyWord','zh-CN','SEO关键字','ProductEntity','EntityProperty'),('ProductEntity@SEOTitle','zh-CN','SEO标题','ProductEntity','EntityProperty'),('ProductEntity@ShelfLife','zh-CN','保质期','ProductEntity','EntityProperty'),('ProductEntity@SourceFrom','zh-CN','来源','ProductEntity','EntityProperty'),('ProductEntity@Status','zh-CN','状态','ProductEntity','EntityProperty'),('ProductEntity@TargetFrom','zh-CN','其它网站','ProductEntity','EntityProperty'),('ProductEntity@TargetUrl','zh-CN','网站网址','ProductEntity','EntityProperty'),('ProductEntity@Title','zh-CN','标题','ProductEntity','EntityProperty'),('ProductEntity@Url','zh-CN','Url','ProductEntity','EntityProperty'),('ProductImage@ActionType','zh-CN','ActionType','ProductImage','EntityProperty'),('ProductImage@CreateBy','zh-CN','CreateBy','ProductImage','EntityProperty'),('ProductImage@CreatebyName','zh-CN','创建人','ProductImage','EntityProperty'),('ProductImage@CreateDate','zh-CN','创建日期','ProductImage','EntityProperty'),('ProductImage@Description','zh-CN','描述','ProductImage','EntityProperty'),('ProductImage@ID','zh-CN','ID','ProductImage','EntityProperty'),('ProductImage@ImageUrl','zh-CN','图片','ProductImage','EntityProperty'),('ProductImage@LastUpdateBy','zh-CN','LastUpdateBy','ProductImage','EntityProperty'),('ProductImage@LastUpdateByName','zh-CN','更新人','ProductImage','EntityProperty'),('ProductImage@LastUpdateDate','zh-CN','更新日期','ProductImage','EntityProperty'),('ProductImage@ProductId','zh-CN','ProductId','ProductImage','EntityProperty'),('ProductImage@Status','zh-CN','状态','ProductImage','EntityProperty'),('ProductImage@Title','zh-CN','标题','ProductImage','EntityProperty'),('ProductListWidget@ActionType','zh-CN','ActionType','ProductListWidget','EntityProperty'),('ProductListWidget@AssemblyName','zh-CN','AssemblyName','ProductListWidget','EntityProperty'),('ProductListWidget@Columns','zh-CN','显示列','ProductListWidget','EntityProperty'),('ProductListWidget@CreateBy','zh-CN','CreateBy','ProductListWidget','EntityProperty'),('ProductListWidget@CreatebyName','zh-CN','创建人','ProductListWidget','EntityProperty'),('ProductListWidget@CreateDate','zh-CN','创建日期','ProductListWidget','EntityProperty'),('ProductListWidget@CustomClass','zh-CN','CustomClass','ProductListWidget','EntityProperty'),('ProductListWidget@CustomStyle','zh-CN','CustomStyle','ProductListWidget','EntityProperty'),('ProductListWidget@Description','zh-CN','描述','ProductListWidget','EntityProperty'),('ProductListWidget@DetailPageUrl','zh-CN','详细页面','ProductListWidget','EntityProperty'),('ProductListWidget@ExtendData','zh-CN','ExtendData','ProductListWidget','EntityProperty'),('ProductListWidget@ExtendFields','zh-CN','扩展属性','ProductListWidget','EntityProperty'),('ProductListWidget@FormView','zh-CN','FormView','ProductListWidget','EntityProperty'),('ProductListWidget@ID','zh-CN','ID','ProductListWidget','EntityProperty'),('ProductListWidget@IsPageable','zh-CN','分页?','ProductListWidget','EntityProperty'),('ProductListWidget@IsSystem','zh-CN','IsSystem','ProductListWidget','EntityProperty'),('ProductListWidget@IsTemplate','zh-CN','保存为模板','ProductListWidget','EntityProperty'),('ProductListWidget@LastUpdateBy','zh-CN','LastUpdateBy','ProductListWidget','EntityProperty'),('ProductListWidget@LastUpdateByName','zh-CN','更新人','ProductListWidget','EntityProperty'),('ProductListWidget@LastUpdateDate','zh-CN','更新日期','ProductListWidget','EntityProperty'),('ProductListWidget@LayoutID','zh-CN','LayoutID','ProductListWidget','EntityProperty'),('ProductListWidget@PageID','zh-CN','PageID','ProductListWidget','EntityProperty'),('ProductListWidget@PageSize','zh-CN','分页大小','ProductListWidget','EntityProperty'),('ProductListWidget@PartialView','zh-CN','显示模板','ProductListWidget','EntityProperty'),('ProductListWidget@Position','zh-CN','排序','ProductListWidget','EntityProperty'),('ProductListWidget@ProductCategoryID','zh-CN','产品类别','ProductListWidget','EntityProperty'),('ProductListWidget@ServiceTypeName','zh-CN','ServiceTypeName','ProductListWidget','EntityProperty'),('ProductListWidget@Status','zh-CN','状态','ProductListWidget','EntityProperty'),('ProductListWidget@StyleClass','zh-CN','自定义样式','ProductListWidget','EntityProperty'),('ProductListWidget@Thumbnail','zh-CN','模板缩略图','ProductListWidget','EntityProperty'),('ProductListWidget@Title','zh-CN','标题','ProductListWidget','EntityProperty'),('ProductListWidget@ViewModelTypeName','zh-CN','ViewModelTypeName','ProductListWidget','EntityProperty'),('ProductListWidget@WidgetName','zh-CN','组件名称','ProductListWidget','EntityProperty'),('ProductListWidget@ZoneID','zh-CN','区域','ProductListWidget','EntityProperty'),('RoleEntity@ActionType','zh-CN','ActionType','RoleEntity','EntityProperty'),('RoleEntity@CreateBy','zh-CN','CreateBy','RoleEntity','EntityProperty'),('RoleEntity@CreatebyName','zh-CN','创建人','RoleEntity','EntityProperty'),('RoleEntity@CreateDate','zh-CN','创建日期','RoleEntity','EntityProperty'),('RoleEntity@Description','zh-CN','描述','RoleEntity','EntityProperty'),('RoleEntity@ID','zh-CN','ID','RoleEntity','EntityProperty'),('RoleEntity@LastUpdateBy','zh-CN','LastUpdateBy','RoleEntity','EntityProperty'),('RoleEntity@LastUpdateByName','zh-CN','更新人','RoleEntity','EntityProperty'),('RoleEntity@LastUpdateDate','zh-CN','更新日期','RoleEntity','EntityProperty'),('RoleEntity@Permissions','zh-CN','Permissions','RoleEntity','EntityProperty'),('RoleEntity@Status','zh-CN','状态','RoleEntity','EntityProperty'),('RoleEntity@Title','zh-CN','标题','RoleEntity','EntityProperty'),('ScriptWidget@ActionType','zh-CN','ActionType','ScriptWidget','EntityProperty'),('ScriptWidget@AssemblyName','zh-CN','AssemblyName','ScriptWidget','EntityProperty'),('ScriptWidget@CreateBy','zh-CN','CreateBy','ScriptWidget','EntityProperty'),('ScriptWidget@CreatebyName','zh-CN','创建人','ScriptWidget','EntityProperty'),('ScriptWidget@CreateDate','zh-CN','创建日期','ScriptWidget','EntityProperty'),('ScriptWidget@CustomClass','zh-CN','CustomClass','ScriptWidget','EntityProperty'),('ScriptWidget@CustomStyle','zh-CN','CustomStyle','ScriptWidget','EntityProperty'),('ScriptWidget@Description','zh-CN','描述','ScriptWidget','EntityProperty'),('ScriptWidget@ExtendFields','zh-CN','扩展属性','ScriptWidget','EntityProperty'),('ScriptWidget@FormView','zh-CN','FormView','ScriptWidget','EntityProperty'),('ScriptWidget@ID','zh-CN','ID','ScriptWidget','EntityProperty'),('ScriptWidget@IsSystem','zh-CN','IsSystem','ScriptWidget','EntityProperty'),('ScriptWidget@IsTemplate','zh-CN','保存为模板','ScriptWidget','EntityProperty'),('ScriptWidget@LastUpdateBy','zh-CN','LastUpdateBy','ScriptWidget','EntityProperty'),('ScriptWidget@LastUpdateByName','zh-CN','更新人','ScriptWidget','EntityProperty'),('ScriptWidget@LastUpdateDate','zh-CN','更新日期','ScriptWidget','EntityProperty'),('ScriptWidget@LayoutID','zh-CN','LayoutID','ScriptWidget','EntityProperty'),('ScriptWidget@PageID','zh-CN','PageID','ScriptWidget','EntityProperty'),('ScriptWidget@PartialView','zh-CN','显示模板','ScriptWidget','EntityProperty'),('ScriptWidget@Position','zh-CN','排序','ScriptWidget','EntityProperty'),('ScriptWidget@Script','zh-CN','脚本','ScriptWidget','EntityProperty'),('ScriptWidget@ServiceTypeName','zh-CN','ServiceTypeName','ScriptWidget','EntityProperty'),('ScriptWidget@Status','zh-CN','状态','ScriptWidget','EntityProperty'),('ScriptWidget@StyleClass','zh-CN','自定义样式','ScriptWidget','EntityProperty'),('ScriptWidget@Thumbnail','zh-CN','模板缩略图','ScriptWidget','EntityProperty'),('ScriptWidget@Title','zh-CN','标题','ScriptWidget','EntityProperty'),('ScriptWidget@ViewModelTypeName','zh-CN','ViewModelTypeName','ScriptWidget','EntityProperty'),('ScriptWidget@WidgetName','zh-CN','组件名称','ScriptWidget','EntityProperty'),('ScriptWidget@ZoneID','zh-CN','区域','ScriptWidget','EntityProperty'),('SectionContent@ActionType','zh-CN','ActionType','SectionContent','EntityProperty'),('SectionContent@CreateBy','zh-CN','CreateBy','SectionContent','EntityProperty'),('SectionContent@CreatebyName','zh-CN','创建人','SectionContent','EntityProperty'),('SectionContent@CreateDate','zh-CN','创建日期','SectionContent','EntityProperty'),('SectionContent@Description','zh-CN','描述','SectionContent','EntityProperty'),('SectionContent@ID','zh-CN','ID','SectionContent','EntityProperty'),('SectionContent@LastUpdateBy','zh-CN','LastUpdateBy','SectionContent','EntityProperty'),('SectionContent@LastUpdateByName','zh-CN','更新人','SectionContent','EntityProperty'),('SectionContent@LastUpdateDate','zh-CN','更新日期','SectionContent','EntityProperty'),('SectionContent@Order','zh-CN','排序','SectionContent','EntityProperty'),('SectionContent@SectionContentType','zh-CN','SectionContentType','SectionContent','EntityProperty'),('SectionContent@SectionGroupId','zh-CN','SectionGroupId','SectionContent','EntityProperty'),('SectionContent@SectionWidgetId','zh-CN','SectionWidgetId','SectionContent','EntityProperty'),('SectionContent@Status','zh-CN','状态','SectionContent','EntityProperty'),('SectionContent@Title','zh-CN','标题','SectionContent','EntityProperty'),('SectionContentCallToAction@ActionType','zh-CN','ActionType','SectionContentCallToAction','EntityProperty'),('SectionContentCallToAction@CreateBy','zh-CN','CreateBy','SectionContentCallToAction','EntityProperty'),('SectionContentCallToAction@CreatebyName','zh-CN','创建人','SectionContentCallToAction','EntityProperty'),('SectionContentCallToAction@CreateDate','zh-CN','创建日期','SectionContentCallToAction','EntityProperty'),('SectionContentCallToAction@Description','zh-CN','描述','SectionContentCallToAction','EntityProperty'),('SectionContentCallToAction@Href','zh-CN','链接','SectionContentCallToAction','EntityProperty'),('SectionContentCallToAction@ID','zh-CN','ID','SectionContentCallToAction','EntityProperty'),('SectionContentCallToAction@InnerText','zh-CN','标题','SectionContentCallToAction','EntityProperty'),('SectionContentCallToAction@LastUpdateBy','zh-CN','LastUpdateBy','SectionContentCallToAction','EntityProperty'),('SectionContentCallToAction@LastUpdateByName','zh-CN','更新人','SectionContentCallToAction','EntityProperty'),('SectionContentCallToAction@LastUpdateDate','zh-CN','更新日期','SectionContentCallToAction','EntityProperty'),('SectionContentCallToAction@Order','zh-CN','排序','SectionContentCallToAction','EntityProperty'),('SectionContentCallToAction@SectionContentType','zh-CN','SectionContentType','SectionContentCallToAction','EntityProperty'),('SectionContentCallToAction@SectionGroupId','zh-CN','SectionGroupId','SectionContentCallToAction','EntityProperty'),('SectionContentCallToAction@SectionWidgetId','zh-CN','SectionWidgetId','SectionContentCallToAction','EntityProperty'),('SectionContentCallToAction@Status','zh-CN','状态','SectionContentCallToAction','EntityProperty'),('SectionContentCallToAction@Title','zh-CN','标题','SectionContentCallToAction','EntityProperty'),('SectionContentImage@ActionType','zh-CN','ActionType','SectionContentImage','EntityProperty'),('SectionContentImage@CreateBy','zh-CN','CreateBy','SectionContentImage','EntityProperty'),('SectionContentImage@CreatebyName','zh-CN','创建人','SectionContentImage','EntityProperty'),('SectionContentImage@CreateDate','zh-CN','创建日期','SectionContentImage','EntityProperty'),('SectionContentImage@Description','zh-CN','描述','SectionContentImage','EntityProperty'),('SectionContentImage@Height','zh-CN','高度(px)','SectionContentImage','EntityProperty'),('SectionContentImage@Href','zh-CN','链接','SectionContentImage','EntityProperty'),('SectionContentImage@ID','zh-CN','ID','SectionContentImage','EntityProperty'),('SectionContentImage@ImageAlt','zh-CN','说明','SectionContentImage','EntityProperty'),('SectionContentImage@ImageSrc','zh-CN','图片','SectionContentImage','EntityProperty'),('SectionContentImage@ImageTitle','zh-CN','标题','SectionContentImage','EntityProperty'),('SectionContentImage@LastUpdateBy','zh-CN','LastUpdateBy','SectionContentImage','EntityProperty'),('SectionContentImage@LastUpdateByName','zh-CN','更新人','SectionContentImage','EntityProperty'),('SectionContentImage@LastUpdateDate','zh-CN','更新日期','SectionContentImage','EntityProperty'),('SectionContentImage@Order','zh-CN','排序','SectionContentImage','EntityProperty'),('SectionContentImage@SectionContentType','zh-CN','SectionContentType','SectionContentImage','EntityProperty'),('SectionContentImage@SectionGroupId','zh-CN','SectionGroupId','SectionContentImage','EntityProperty'),('SectionContentImage@SectionWidgetId','zh-CN','SectionWidgetId','SectionContentImage','EntityProperty'),('SectionContentImage@Status','zh-CN','状态','SectionContentImage','EntityProperty'),('SectionContentImage@Title','zh-CN','标题','SectionContentImage','EntityProperty'),('SectionContentImage@Width','zh-CN','宽度(px)','SectionContentImage','EntityProperty'),('SectionContentParagraph@ActionType','zh-CN','ActionType','SectionContentParagraph','EntityProperty'),('SectionContentParagraph@CreateBy','zh-CN','CreateBy','SectionContentParagraph','EntityProperty'),('SectionContentParagraph@CreatebyName','zh-CN','创建人','SectionContentParagraph','EntityProperty'),('SectionContentParagraph@CreateDate','zh-CN','创建日期','SectionContentParagraph','EntityProperty'),('SectionContentParagraph@Description','zh-CN','描述','SectionContentParagraph','EntityProperty'),('SectionContentParagraph@HtmlContent','zh-CN','内容','SectionContentParagraph','EntityProperty'),('SectionContentParagraph@ID','zh-CN','ID','SectionContentParagraph','EntityProperty'),('SectionContentParagraph@LastUpdateBy','zh-CN','LastUpdateBy','SectionContentParagraph','EntityProperty'),('SectionContentParagraph@LastUpdateByName','zh-CN','更新人','SectionContentParagraph','EntityProperty'),('SectionContentParagraph@LastUpdateDate','zh-CN','更新日期','SectionContentParagraph','EntityProperty'),('SectionContentParagraph@Order','zh-CN','排序','SectionContentParagraph','EntityProperty'),('SectionContentParagraph@SectionContentType','zh-CN','SectionContentType','SectionContentParagraph','EntityProperty'),('SectionContentParagraph@SectionGroupId','zh-CN','SectionGroupId','SectionContentParagraph','EntityProperty'),('SectionContentParagraph@SectionWidgetId','zh-CN','SectionWidgetId','SectionContentParagraph','EntityProperty'),('SectionContentParagraph@Status','zh-CN','状态','SectionContentParagraph','EntityProperty'),('SectionContentParagraph@Title','zh-CN','标题','SectionContentParagraph','EntityProperty'),('SectionContentTitle@ActionType','zh-CN','ActionType','SectionContentTitle','EntityProperty'),('SectionContentTitle@CreateBy','zh-CN','CreateBy','SectionContentTitle','EntityProperty'),('SectionContentTitle@CreatebyName','zh-CN','创建人','SectionContentTitle','EntityProperty'),('SectionContentTitle@CreateDate','zh-CN','创建日期','SectionContentTitle','EntityProperty'),('SectionContentTitle@Description','zh-CN','描述','SectionContentTitle','EntityProperty'),('SectionContentTitle@Href','zh-CN','链接','SectionContentTitle','EntityProperty'),('SectionContentTitle@ID','zh-CN','ID','SectionContentTitle','EntityProperty'),('SectionContentTitle@InnerText','zh-CN','标题','SectionContentTitle','EntityProperty'),('SectionContentTitle@LastUpdateBy','zh-CN','LastUpdateBy','SectionContentTitle','EntityProperty'),('SectionContentTitle@LastUpdateByName','zh-CN','更新人','SectionContentTitle','EntityProperty'),('SectionContentTitle@LastUpdateDate','zh-CN','更新日期','SectionContentTitle','EntityProperty'),('SectionContentTitle@Order','zh-CN','排序','SectionContentTitle','EntityProperty'),('SectionContentTitle@SectionContentType','zh-CN','SectionContentType','SectionContentTitle','EntityProperty'),('SectionContentTitle@SectionGroupId','zh-CN','SectionGroupId','SectionContentTitle','EntityProperty'),('SectionContentTitle@SectionWidgetId','zh-CN','SectionWidgetId','SectionContentTitle','EntityProperty'),('SectionContentTitle@Status','zh-CN','状态','SectionContentTitle','EntityProperty'),('SectionContentTitle@Title','zh-CN','标题','SectionContentTitle','EntityProperty'),('SectionContentTitle@TitleLevel','zh-CN','等级','SectionContentTitle','EntityProperty'),('SectionContentVideo@ActionType','zh-CN','ActionType','SectionContentVideo','EntityProperty'),('SectionContentVideo@Code','zh-CN','视频代码','SectionContentVideo','EntityProperty'),('SectionContentVideo@CreateBy','zh-CN','CreateBy','SectionContentVideo','EntityProperty'),('SectionContentVideo@CreatebyName','zh-CN','CreatebyName','SectionContentVideo','EntityProperty'),('SectionContentVideo@CreateDate','zh-CN','CreateDate','SectionContentVideo','EntityProperty'),('SectionContentVideo@Description','zh-CN','描述','SectionContentVideo','EntityProperty'),('SectionContentVideo@Height','zh-CN','高度(px)','SectionContentVideo','EntityProperty'),('SectionContentVideo@ID','zh-CN','ID','SectionContentVideo','EntityProperty'),('SectionContentVideo@LastUpdateBy','zh-CN','LastUpdateBy','SectionContentVideo','EntityProperty'),('SectionContentVideo@LastUpdateByName','zh-CN','LastUpdateByName','SectionContentVideo','EntityProperty'),('SectionContentVideo@LastUpdateDate','zh-CN','LastUpdateDate','SectionContentVideo','EntityProperty'),('SectionContentVideo@Order','zh-CN','Order','SectionContentVideo','EntityProperty'),('SectionContentVideo@SectionContentType','zh-CN','SectionContentType','SectionContentVideo','EntityProperty'),('SectionContentVideo@SectionGroupId','zh-CN','SectionGroupId','SectionContentVideo','EntityProperty'),('SectionContentVideo@SectionWidgetId','zh-CN','SectionWidgetId','SectionContentVideo','EntityProperty'),('SectionContentVideo@Status','zh-CN','状态','SectionContentVideo','EntityProperty'),('SectionContentVideo@Thumbnail','zh-CN','缩略图','SectionContentVideo','EntityProperty'),('SectionContentVideo@Title','zh-CN','Title','SectionContentVideo','EntityProperty'),('SectionContentVideo@Url','zh-CN','视频地址(MP4)','SectionContentVideo','EntityProperty'),('SectionContentVideo@VideoTitle','zh-CN','标题','SectionContentVideo','EntityProperty'),('SectionContentVideo@Width','zh-CN','宽度(px)','SectionContentVideo','EntityProperty'),('SectionGroup@ActionType','zh-CN','ActionType','SectionGroup','EntityProperty'),('SectionGroup@CallToAction','zh-CN','CallToAction','SectionGroup','EntityProperty'),('SectionGroup@CallToActions','zh-CN','CallToActions','SectionGroup','EntityProperty'),('SectionGroup@CreateBy','zh-CN','CreateBy','SectionGroup','EntityProperty'),('SectionGroup@CreatebyName','zh-CN','创建人','SectionGroup','EntityProperty'),('SectionGroup@CreateDate','zh-CN','创建日期','SectionGroup','EntityProperty'),('SectionGroup@Description','zh-CN','描述','SectionGroup','EntityProperty'),('SectionGroup@GroupName','zh-CN','组名','SectionGroup','EntityProperty'),('SectionGroup@ID','zh-CN','ID','SectionGroup','EntityProperty'),('SectionGroup@IsLoadDefaultData','zh-CN','IsLoadDefaultData','SectionGroup','EntityProperty'),('SectionGroup@LastUpdateBy','zh-CN','LastUpdateBy','SectionGroup','EntityProperty'),('SectionGroup@LastUpdateByName','zh-CN','更新人','SectionGroup','EntityProperty'),('SectionGroup@LastUpdateDate','zh-CN','更新日期','SectionGroup','EntityProperty'),('SectionGroup@Order','zh-CN','排序','SectionGroup','EntityProperty'),('SectionGroup@Paragraph','zh-CN','Paragraph','SectionGroup','EntityProperty'),('SectionGroup@Paragraphs','zh-CN','Paragraphs','SectionGroup','EntityProperty'),('SectionGroup@PartialView','zh-CN','显示模板','SectionGroup','EntityProperty'),('SectionGroup@PercentWidth','zh-CN','栅格列','SectionGroup','EntityProperty'),('SectionGroup@SectionContents','zh-CN','SectionContents','SectionGroup','EntityProperty'),('SectionGroup@SectionImage','zh-CN','SectionImage','SectionGroup','EntityProperty'),('SectionGroup@SectionImages','zh-CN','SectionImages','SectionGroup','EntityProperty'),('SectionGroup@SectionTitle','zh-CN','SectionTitle','SectionGroup','EntityProperty'),('SectionGroup@SectionTitles','zh-CN','SectionTitles','SectionGroup','EntityProperty'),('SectionGroup@SectionWidgetId','zh-CN','SectionWidgetId','SectionGroup','EntityProperty'),('SectionGroup@Status','zh-CN','状态','SectionGroup','EntityProperty'),('SectionGroup@Title','zh-CN','标题','SectionGroup','EntityProperty'),('SectionWidget@ActionType','zh-CN','ActionType','SectionWidget','EntityProperty'),('SectionWidget@AssemblyName','zh-CN','AssemblyName','SectionWidget','EntityProperty'),('SectionWidget@CreateBy','zh-CN','CreateBy','SectionWidget','EntityProperty'),('SectionWidget@CreatebyName','zh-CN','创建人','SectionWidget','EntityProperty'),('SectionWidget@CreateDate','zh-CN','创建日期','SectionWidget','EntityProperty'),('SectionWidget@CustomClass','zh-CN','CustomClass','SectionWidget','EntityProperty'),('SectionWidget@CustomStyle','zh-CN','CustomStyle','SectionWidget','EntityProperty'),('SectionWidget@Description','zh-CN','描述','SectionWidget','EntityProperty'),('SectionWidget@ExtendData','zh-CN','ExtendData','SectionWidget','EntityProperty'),('SectionWidget@ExtendFields','zh-CN','扩展属性','SectionWidget','EntityProperty'),('SectionWidget@FormView','zh-CN','FormView','SectionWidget','EntityProperty'),('SectionWidget@Groups','zh-CN','Groups','SectionWidget','EntityProperty'),('SectionWidget@ID','zh-CN','ID','SectionWidget','EntityProperty'),('SectionWidget@IsHorizontal','zh-CN','水平分组','SectionWidget','EntityProperty'),('SectionWidget@IsSystem','zh-CN','IsSystem','SectionWidget','EntityProperty'),('SectionWidget@IsTemplate','zh-CN','保存为模板','SectionWidget','EntityProperty'),('SectionWidget@LastUpdateBy','zh-CN','LastUpdateBy','SectionWidget','EntityProperty'),('SectionWidget@LastUpdateByName','zh-CN','更新人','SectionWidget','EntityProperty'),('SectionWidget@LastUpdateDate','zh-CN','更新日期','SectionWidget','EntityProperty'),('SectionWidget@LayoutID','zh-CN','布局','SectionWidget','EntityProperty'),('SectionWidget@PageID','zh-CN','页面','SectionWidget','EntityProperty'),('SectionWidget@PartDriver','zh-CN','PartDriver','SectionWidget','EntityProperty'),('SectionWidget@PartialView','zh-CN','显示模板','SectionWidget','EntityProperty'),('SectionWidget@Position','zh-CN','排序','SectionWidget','EntityProperty'),('SectionWidget@SectionTitle','zh-CN','标题','SectionWidget','EntityProperty'),('SectionWidget@ServiceTypeName','zh-CN','ServiceTypeName','SectionWidget','EntityProperty'),('SectionWidget@Status','zh-CN','状态','SectionWidget','EntityProperty'),('SectionWidget@StyleClass','zh-CN','自定义样式','SectionWidget','EntityProperty'),('SectionWidget@Template','zh-CN','Template','SectionWidget','EntityProperty'),('SectionWidget@Thumbnail','zh-CN','模板缩略图','SectionWidget','EntityProperty'),('SectionWidget@Title','zh-CN','标题','SectionWidget','EntityProperty'),('SectionWidget@ViewModelTypeName','zh-CN','ViewModelTypeName','SectionWidget','EntityProperty'),('SectionWidget@WidgetName','zh-CN','组件名称','SectionWidget','EntityProperty'),('SectionWidget@ZoneID','zh-CN','区域','SectionWidget','EntityProperty'),('Statistics@ActionType','zh-CN','ActionType','Statistics','EntityProperty'),('Statistics@ContactName','zh-CN','ContactName','Statistics','EntityProperty'),('Statistics@CreateBy','zh-CN','CreateBy','Statistics','EntityProperty'),('Statistics@CreatebyName','zh-CN','CreatebyName','Statistics','EntityProperty'),('Statistics@CreateDate','zh-CN','CreateDate','Statistics','EntityProperty'),('Statistics@Description','zh-CN','描述','Statistics','EntityProperty'),('Statistics@Host','zh-CN','Host','Statistics','EntityProperty'),('Statistics@IpAddress','zh-CN','IpAddress','Statistics','EntityProperty'),('Statistics@LastUpdateBy','zh-CN','LastUpdateBy','Statistics','EntityProperty'),('Statistics@LastUpdateByName','zh-CN','LastUpdateByName','Statistics','EntityProperty'),('Statistics@LastUpdateDate','zh-CN','LastUpdateDate','Statistics','EntityProperty'),('Statistics@StatisticsId','zh-CN','StatisticsId','Statistics','EntityProperty'),('Statistics@Status','zh-CN','状态','Statistics','EntityProperty'),('Statistics@Tel','zh-CN','Tel','Statistics','EntityProperty'),('Statistics@Title','zh-CN','标题','Statistics','EntityProperty'),('StyleSheetWidget@ActionType','zh-CN','ActionType','StyleSheetWidget','EntityProperty'),('StyleSheetWidget@AssemblyName','zh-CN','AssemblyName','StyleSheetWidget','EntityProperty'),('StyleSheetWidget@CreateBy','zh-CN','CreateBy','StyleSheetWidget','EntityProperty'),('StyleSheetWidget@CreatebyName','zh-CN','创建人','StyleSheetWidget','EntityProperty'),('StyleSheetWidget@CreateDate','zh-CN','创建日期','StyleSheetWidget','EntityProperty'),('StyleSheetWidget@CustomClass','zh-CN','CustomClass','StyleSheetWidget','EntityProperty'),('StyleSheetWidget@CustomStyle','zh-CN','CustomStyle','StyleSheetWidget','EntityProperty'),('StyleSheetWidget@Description','zh-CN','描述','StyleSheetWidget','EntityProperty'),('StyleSheetWidget@ExtendFields','zh-CN','扩展属性','StyleSheetWidget','EntityProperty'),('StyleSheetWidget@FormView','zh-CN','FormView','StyleSheetWidget','EntityProperty'),('StyleSheetWidget@ID','zh-CN','ID','StyleSheetWidget','EntityProperty'),('StyleSheetWidget@IsSystem','zh-CN','IsSystem','StyleSheetWidget','EntityProperty'),('StyleSheetWidget@IsTemplate','zh-CN','保存为模板','StyleSheetWidget','EntityProperty'),('StyleSheetWidget@LastUpdateBy','zh-CN','LastUpdateBy','StyleSheetWidget','EntityProperty'),('StyleSheetWidget@LastUpdateByName','zh-CN','更新人','StyleSheetWidget','EntityProperty'),('StyleSheetWidget@LastUpdateDate','zh-CN','更新日期','StyleSheetWidget','EntityProperty'),('StyleSheetWidget@LayoutID','zh-CN','LayoutID','StyleSheetWidget','EntityProperty'),('StyleSheetWidget@PageID','zh-CN','PageID','StyleSheetWidget','EntityProperty'),('StyleSheetWidget@PartDriver','zh-CN','PartDriver','StyleSheetWidget','EntityProperty'),('StyleSheetWidget@PartialView','zh-CN','显示模板','StyleSheetWidget','EntityProperty'),('StyleSheetWidget@Position','zh-CN','排序','StyleSheetWidget','EntityProperty'),('StyleSheetWidget@ServiceTypeName','zh-CN','ServiceTypeName','StyleSheetWidget','EntityProperty'),('StyleSheetWidget@Status','zh-CN','状态','StyleSheetWidget','EntityProperty'),('StyleSheetWidget@StyleClass','zh-CN','自定义样式','StyleSheetWidget','EntityProperty'),('StyleSheetWidget@StyleSheet','zh-CN','样式','StyleSheetWidget','EntityProperty'),('StyleSheetWidget@Thumbnail','zh-CN','模板缩略图','StyleSheetWidget','EntityProperty'),('StyleSheetWidget@Title','zh-CN','标题','StyleSheetWidget','EntityProperty'),('StyleSheetWidget@ViewModelTypeName','zh-CN','ViewModelTypeName','StyleSheetWidget','EntityProperty'),('StyleSheetWidget@WidgetName','zh-CN','组件名称','StyleSheetWidget','EntityProperty'),('StyleSheetWidget@ZoneID','zh-CN','区域','StyleSheetWidget','EntityProperty'),('ThemeEntity@ActionType','zh-CN','ActionType','ThemeEntity','EntityProperty'),('ThemeEntity@CreateBy','zh-CN','CreateBy','ThemeEntity','EntityProperty'),('ThemeEntity@CreatebyName','zh-CN','CreatebyName','ThemeEntity','EntityProperty'),('ThemeEntity@CreateDate','zh-CN','CreateDate','ThemeEntity','EntityProperty'),('ThemeEntity@Description','zh-CN','描述','ThemeEntity','EntityProperty'),('ThemeEntity@ID','zh-CN','ID','ThemeEntity','EntityProperty'),('ThemeEntity@IsActived','zh-CN','IsActived','ThemeEntity','EntityProperty'),('ThemeEntity@IsPreView','zh-CN','IsPreView','ThemeEntity','EntityProperty'),('ThemeEntity@LastUpdateBy','zh-CN','LastUpdateBy','ThemeEntity','EntityProperty'),('ThemeEntity@LastUpdateByName','zh-CN','LastUpdateByName','ThemeEntity','EntityProperty'),('ThemeEntity@LastUpdateDate','zh-CN','LastUpdateDate','ThemeEntity','EntityProperty'),('ThemeEntity@Status','zh-CN','状态','ThemeEntity','EntityProperty'),('ThemeEntity@Thumbnail','zh-CN','Thumbnail','ThemeEntity','EntityProperty'),('ThemeEntity@Title','zh-CN','标题','ThemeEntity','EntityProperty'),('ThemeEntity@Url','zh-CN','Url','ThemeEntity','EntityProperty'),('ThemeEntity@UrlDebugger','zh-CN','UrlDebugger','ThemeEntity','EntityProperty'),('UrlRedirect@ActionType','zh-CN','ActionType','UrlRedirect','EntityProperty'),('UrlRedirect@CreateBy','zh-CN','CreateBy','UrlRedirect','EntityProperty'),('UrlRedirect@CreatebyName','zh-CN','创建人','UrlRedirect','EntityProperty'),('UrlRedirect@CreateDate','zh-CN','创建日期','UrlRedirect','EntityProperty'),('UrlRedirect@Description','zh-CN','描述','UrlRedirect','EntityProperty'),('UrlRedirect@DestinationURL','zh-CN','跳转地址','UrlRedirect','EntityProperty'),('UrlRedirect@ID','zh-CN','ID','UrlRedirect','EntityProperty'),('UrlRedirect@InComingUrl','zh-CN','访问地址','UrlRedirect','EntityProperty'),('UrlRedirect@IsPermanent','zh-CN','永久？','UrlRedirect','EntityProperty'),('UrlRedirect@LastUpdateBy','zh-CN','LastUpdateBy','UrlRedirect','EntityProperty'),('UrlRedirect@LastUpdateByName','zh-CN','更新人','UrlRedirect','EntityProperty'),('UrlRedirect@LastUpdateDate','zh-CN','更新日期','UrlRedirect','EntityProperty'),('UrlRedirect@Status','zh-CN','状态','UrlRedirect','EntityProperty'),('UrlRedirect@Title','zh-CN','标题','UrlRedirect','EntityProperty'),('UserEntity@ActionType','zh-CN','ActionType','UserEntity','EntityProperty'),('UserEntity@Address','zh-CN','地址','UserEntity','EntityProperty'),('UserEntity@Age','zh-CN','年龄','UserEntity','EntityProperty'),('UserEntity@ApiLoginToken','zh-CN','ApiLoginToken','UserEntity','EntityProperty'),('UserEntity@AuthenticationType','zh-CN','AuthenticationType','UserEntity','EntityProperty'),('UserEntity@Birthday','zh-CN','出生日期','UserEntity','EntityProperty'),('UserEntity@Birthplace','zh-CN','出生地','UserEntity','EntityProperty'),('UserEntity@CreateBy','zh-CN','CreateBy','UserEntity','EntityProperty'),('UserEntity@CreatebyName','zh-CN','创建人','UserEntity','EntityProperty'),('UserEntity@CreateDate','zh-CN','创建日期','UserEntity','EntityProperty'),('UserEntity@Description','zh-CN','描述','UserEntity','EntityProperty'),('UserEntity@Email','zh-CN','邮箱','UserEntity','EntityProperty'),('UserEntity@EnglishName','zh-CN','英文名','UserEntity','EntityProperty'),('UserEntity@FirstName','zh-CN','名','UserEntity','EntityProperty'),('UserEntity@Hobby','zh-CN','爱好','UserEntity','EntityProperty'),('UserEntity@ID','zh-CN','ID','UserEntity','EntityProperty'),('UserEntity@IsAuthenticated','zh-CN','IsAuthenticated','UserEntity','EntityProperty'),('UserEntity@LastLoginDate','zh-CN','最后登录时间','UserEntity','EntityProperty'),('UserEntity@LastName','zh-CN','姓','UserEntity','EntityProperty'),('UserEntity@LastUpdateBy','zh-CN','LastUpdateBy','UserEntity','EntityProperty'),('UserEntity@LastUpdateByName','zh-CN','更新人','UserEntity','EntityProperty'),('UserEntity@LastUpdateDate','zh-CN','更新日期','UserEntity','EntityProperty'),('UserEntity@LoginIP','zh-CN','LoginIP','UserEntity','EntityProperty'),('UserEntity@MaritalStatus','zh-CN','婚姻情况','UserEntity','EntityProperty'),('UserEntity@MobilePhone','zh-CN','手机号码','UserEntity','EntityProperty'),('UserEntity@Name','zh-CN','Name','UserEntity','EntityProperty'),('UserEntity@NickName','zh-CN','昵称','UserEntity','EntityProperty'),('UserEntity@PassWord','zh-CN','PassWord','UserEntity','EntityProperty'),('UserEntity@PassWordNew','zh-CN','密码','UserEntity','EntityProperty'),('UserEntity@PhotoUrl','zh-CN','头像','UserEntity','EntityProperty'),('UserEntity@Profession','zh-CN','专业技能','UserEntity','EntityProperty'),('UserEntity@QQ','zh-CN','QQ','UserEntity','EntityProperty'),('UserEntity@ResetToken','zh-CN','ResetToken','UserEntity','EntityProperty'),('UserEntity@ResetTokenDate','zh-CN','ResetTokenDate','UserEntity','EntityProperty'),('UserEntity@Roles','zh-CN','角色','UserEntity','EntityProperty'),('UserEntity@School','zh-CN','学校','UserEntity','EntityProperty'),('UserEntity@Sex','zh-CN','性别','UserEntity','EntityProperty'),('UserEntity@Status','zh-CN','状态','UserEntity','EntityProperty'),('UserEntity@Telephone','zh-CN','联系电话','UserEntity','EntityProperty'),('UserEntity@Timestamp','zh-CN','Timestamp','UserEntity','EntityProperty'),('UserEntity@Title','zh-CN','标题','UserEntity','EntityProperty'),('UserEntity@UserID','zh-CN','登录名','UserEntity','EntityProperty'),('UserEntity@UserName','zh-CN','用户名','UserEntity','EntityProperty'),('UserEntity@UserTypeCD','zh-CN','用户类别','UserEntity','EntityProperty'),('UserEntity@ZipCode','zh-CN','邮编','UserEntity','EntityProperty'),('UserRoleRelation@ActionType','zh-CN','ActionType','UserRoleRelation','EntityProperty'),('UserRoleRelation@CreateBy','zh-CN','CreateBy','UserRoleRelation','EntityProperty'),('UserRoleRelation@CreatebyName','zh-CN','创建人','UserRoleRelation','EntityProperty'),('UserRoleRelation@CreateDate','zh-CN','创建日期','UserRoleRelation','EntityProperty'),('UserRoleRelation@Description','zh-CN','描述','UserRoleRelation','EntityProperty'),('UserRoleRelation@ID','zh-CN','ID','UserRoleRelation','EntityProperty'),('UserRoleRelation@LastUpdateBy','zh-CN','LastUpdateBy','UserRoleRelation','EntityProperty'),('UserRoleRelation@LastUpdateByName','zh-CN','更新人','UserRoleRelation','EntityProperty'),('UserRoleRelation@LastUpdateDate','zh-CN','更新日期','UserRoleRelation','EntityProperty'),('UserRoleRelation@RoleID','zh-CN','角色','UserRoleRelation','EntityProperty'),('UserRoleRelation@Status','zh-CN','状态','UserRoleRelation','EntityProperty'),('UserRoleRelation@Title','zh-CN','标题','UserRoleRelation','EntityProperty'),('UserRoleRelation@UserID','zh-CN','登录名','UserRoleRelation','EntityProperty'),('VideoWidget@ActionType','zh-CN','ActionType','VideoWidget','EntityProperty'),('VideoWidget@AssemblyName','zh-CN','AssemblyName','VideoWidget','EntityProperty'),('VideoWidget@Code','zh-CN','视频代码','VideoWidget','EntityProperty'),('VideoWidget@CreateBy','zh-CN','CreateBy','VideoWidget','EntityProperty'),('VideoWidget@CreatebyName','zh-CN','CreatebyName','VideoWidget','EntityProperty'),('VideoWidget@CreateDate','zh-CN','CreateDate','VideoWidget','EntityProperty'),('VideoWidget@CustomClass','zh-CN','CustomClass','VideoWidget','EntityProperty'),('VideoWidget@CustomStyle','zh-CN','CustomStyle','VideoWidget','EntityProperty'),('VideoWidget@Description','zh-CN','描述','VideoWidget','EntityProperty'),('VideoWidget@ExtendFields','zh-CN','扩展属性','VideoWidget','EntityProperty'),('VideoWidget@FormView','zh-CN','FormView','VideoWidget','EntityProperty'),('VideoWidget@Height','zh-CN','高度(px)','VideoWidget','EntityProperty'),('VideoWidget@ID','zh-CN','ID','VideoWidget','EntityProperty'),('VideoWidget@IsSystem','zh-CN','IsSystem','VideoWidget','EntityProperty'),('VideoWidget@IsTemplate','zh-CN','保存为模板','VideoWidget','EntityProperty'),('VideoWidget@LastUpdateBy','zh-CN','LastUpdateBy','VideoWidget','EntityProperty'),('VideoWidget@LastUpdateByName','zh-CN','LastUpdateByName','VideoWidget','EntityProperty'),('VideoWidget@LastUpdateDate','zh-CN','LastUpdateDate','VideoWidget','EntityProperty'),('VideoWidget@LayoutID','zh-CN','LayoutID','VideoWidget','EntityProperty'),('VideoWidget@PageID','zh-CN','PageID','VideoWidget','EntityProperty'),('VideoWidget@PartialView','zh-CN','显示模板','VideoWidget','EntityProperty'),('VideoWidget@Position','zh-CN','排序','VideoWidget','EntityProperty'),('VideoWidget@ServiceTypeName','zh-CN','ServiceTypeName','VideoWidget','EntityProperty'),('VideoWidget@Status','zh-CN','状态','VideoWidget','EntityProperty'),('VideoWidget@StyleClass','zh-CN','自定义样式','VideoWidget','EntityProperty'),('VideoWidget@Thumbnail','zh-CN','模板缩略图','VideoWidget','EntityProperty'),('VideoWidget@Title','zh-CN','标题','VideoWidget','EntityProperty'),('VideoWidget@Url','zh-CN','视频地址(MP4)','VideoWidget','EntityProperty'),('VideoWidget@ViewModelTypeName','zh-CN','ViewModelTypeName','VideoWidget','EntityProperty'),('VideoWidget@WidgetName','zh-CN','组件名称','VideoWidget','EntityProperty'),('VideoWidget@Width','zh-CN','宽度(px)','VideoWidget','EntityProperty'),('VideoWidget@ZoneID','zh-CN','区域','VideoWidget','EntityProperty'),('WidgetBase@ActionType','zh-CN','ActionType','WidgetBase','EntityProperty'),('WidgetBase@AssemblyName','zh-CN','AssemblyName','WidgetBase','EntityProperty'),('WidgetBase@CreateBy','zh-CN','CreateBy','WidgetBase','EntityProperty'),('WidgetBase@CreatebyName','zh-CN','创建人','WidgetBase','EntityProperty'),('WidgetBase@CreateDate','zh-CN','创建日期','WidgetBase','EntityProperty'),('WidgetBase@CustomClass','zh-CN','CustomClass','WidgetBase','EntityProperty'),('WidgetBase@CustomStyle','zh-CN','CustomStyle','WidgetBase','EntityProperty'),('WidgetBase@Description','zh-CN','描述','WidgetBase','EntityProperty'),('WidgetBase@ExtendFields','zh-CN','扩展属性','WidgetBase','EntityProperty'),('WidgetBase@FormView','zh-CN','FormView','WidgetBase','EntityProperty'),('WidgetBase@ID','zh-CN','ID','WidgetBase','EntityProperty'),('WidgetBase@IsSystem','zh-CN','IsSystem','WidgetBase','EntityProperty'),('WidgetBase@IsTemplate','zh-CN','保存为模板','WidgetBase','EntityProperty'),('WidgetBase@LastUpdateBy','zh-CN','LastUpdateBy','WidgetBase','EntityProperty'),('WidgetBase@LastUpdateByName','zh-CN','更新人','WidgetBase','EntityProperty'),('WidgetBase@LastUpdateDate','zh-CN','更新日期','WidgetBase','EntityProperty'),('WidgetBase@LayoutID','zh-CN','布局','WidgetBase','EntityProperty'),('WidgetBase@PageID','zh-CN','页面','WidgetBase','EntityProperty'),('WidgetBase@PartDriver','zh-CN','PartDriver','WidgetBase','EntityProperty'),('WidgetBase@PartialView','zh-CN','显示模板','WidgetBase','EntityProperty'),('WidgetBase@Position','zh-CN','排序','WidgetBase','EntityProperty'),('WidgetBase@ServiceTypeName','zh-CN','ServiceTypeName','WidgetBase','EntityProperty'),('WidgetBase@Status','zh-CN','状态','WidgetBase','EntityProperty'),('WidgetBase@StyleClass','zh-CN','自定义样式','WidgetBase','EntityProperty'),('WidgetBase@Thumbnail','zh-CN','模板缩略图','WidgetBase','EntityProperty'),('WidgetBase@Title','zh-CN','标题','WidgetBase','EntityProperty'),('WidgetBase@ViewModelTypeName','zh-CN','ViewModelTypeName','WidgetBase','EntityProperty'),('WidgetBase@WidgetName','zh-CN','组件名称','WidgetBase','EntityProperty'),('WidgetBase@ZoneID','zh-CN','区域','WidgetBase','EntityProperty'),('WidgetTemplateEntity@ActionType','zh-CN','ActionType','WidgetTemplateEntity','EntityProperty'),('WidgetTemplateEntity@AssemblyName','zh-CN','AssemblyName','WidgetTemplateEntity','EntityProperty'),('WidgetTemplateEntity@CreateBy','zh-CN','CreateBy','WidgetTemplateEntity','EntityProperty'),('WidgetTemplateEntity@CreatebyName','zh-CN','创建人','WidgetTemplateEntity','EntityProperty'),('WidgetTemplateEntity@CreateDate','zh-CN','创建日期','WidgetTemplateEntity','EntityProperty'),('WidgetTemplateEntity@Description','zh-CN','描述','WidgetTemplateEntity','EntityProperty'),('WidgetTemplateEntity@FormView','zh-CN','FormView','WidgetTemplateEntity','EntityProperty'),('WidgetTemplateEntity@GroupName','zh-CN','组名','WidgetTemplateEntity','EntityProperty'),('WidgetTemplateEntity@ID','zh-CN','ID','WidgetTemplateEntity','EntityProperty'),('WidgetTemplateEntity@LastUpdateBy','zh-CN','LastUpdateBy','WidgetTemplateEntity','EntityProperty'),('WidgetTemplateEntity@LastUpdateByName','zh-CN','更新人','WidgetTemplateEntity','EntityProperty'),('WidgetTemplateEntity@LastUpdateDate','zh-CN','更新日期','WidgetTemplateEntity','EntityProperty'),('WidgetTemplateEntity@Order','zh-CN','排序','WidgetTemplateEntity','EntityProperty'),('WidgetTemplateEntity@PartialView','zh-CN','显示模板','WidgetTemplateEntity','EntityProperty'),('WidgetTemplateEntity@ServiceTypeName','zh-CN','ServiceTypeName','WidgetTemplateEntity','EntityProperty'),('WidgetTemplateEntity@Status','zh-CN','状态','WidgetTemplateEntity','EntityProperty'),('WidgetTemplateEntity@Thumbnail','zh-CN','Thumbnail','WidgetTemplateEntity','EntityProperty'),('WidgetTemplateEntity@Title','zh-CN','标题','WidgetTemplateEntity','EntityProperty'),('WidgetTemplateEntity@ViewModelTypeName','zh-CN','ViewModelTypeName','WidgetTemplateEntity','EntityProperty'),('ZoneEntity@ActionType','zh-CN','ActionType','ZoneEntity','EntityProperty'),('ZoneEntity@CreateBy','zh-CN','CreateBy','ZoneEntity','EntityProperty'),('ZoneEntity@CreatebyName','zh-CN','创建人','ZoneEntity','EntityProperty'),('ZoneEntity@CreateDate','zh-CN','创建日期','ZoneEntity','EntityProperty'),('ZoneEntity@Description','zh-CN','描述','ZoneEntity','EntityProperty'),('ZoneEntity@ID','zh-CN','ID','ZoneEntity','EntityProperty'),('ZoneEntity@LastUpdateBy','zh-CN','LastUpdateBy','ZoneEntity','EntityProperty'),('ZoneEntity@LastUpdateByName','zh-CN','更新人','ZoneEntity','EntityProperty'),('ZoneEntity@LastUpdateDate','zh-CN','更新日期','ZoneEntity','EntityProperty'),('ZoneEntity@LayoutId','zh-CN','布局','ZoneEntity','EntityProperty'),('ZoneEntity@Status','zh-CN','状态','ZoneEntity','EntityProperty'),('ZoneEntity@Title','zh-CN','标题','ZoneEntity','EntityProperty'),('ZoneEntity@ZoneName','zh-CN','ZoneName','ZoneEntity','EntityProperty');
/*!40000 ALTER TABLE `language` ENABLE KEYS */;
UNLOCK TABLES;

--
-- Table structure for table `navigation`
--

DROP TABLE IF EXISTS `navigation`;
/*!40101 SET @saved_cs_client     = @@character_set_client */;
/*!40101 SET character_set_client = utf8 */;
CREATE TABLE `navigation` (
  `ID` varchar(255) NOT NULL,
  `ParentId` varchar(255) DEFAULT NULL,
  `Url` varchar(255) DEFAULT NULL,
  `Title` varchar(255) DEFAULT NULL,
  `IsMobile` tinyint(1) DEFAULT NULL,
  `Description` longtext,
  `Status` int(11) DEFAULT NULL,
  `DisplayOrder` int(11) DEFAULT NULL,
  `CreateBy` varchar(50) DEFAULT NULL,
  `CreatebyName` varchar(100) DEFAULT NULL,
  `CreateDate` datetime(6) DEFAULT NULL,
  `LastUpdateBy` varchar(50) DEFAULT NULL,
  `LastUpdateByName` varchar(100) DEFAULT NULL,
  `LastUpdateDate` datetime(6) DEFAULT NULL,
  PRIMARY KEY (`ID`)
) ENGINE=InnoDB DEFAULT CHARSET=utf8;
/*!40101 SET character_set_client = @saved_cs_client */;

--
-- Dumping data for table `navigation`
--

LOCK TABLES `navigation` WRITE;
/*!40000 ALTER TABLE `navigation` DISABLE KEYS */;
INSERT INTO `navigation` VALUES ('1061019b1bcd4bf3aeb3df647c74c309','#','~/product','产品',1,NULL,1,3,'admin','ZKEASOFT','2016-03-10 23:33:03.653000','admin','ZKEASOFT','2017-10-15 18:05:28.830000'),('6beb1a2a54b947179ec20dd331e375a2','#','~/index','首页',0,NULL,1,1,'admin',NULL,'2015-09-01 09:55:20.483000','admin','ZKEASOFT','2017-10-15 18:05:28.820000'),('7b5bb24dea6d47618ed027190b4e5d94','#','~/contact','联系我们',0,NULL,1,5,'admin','ZKEASOFT','2017-03-19 21:06:21.360000','admin','ZKEASOFT','2017-10-15 18:05:28.833000'),('d122a50356bf46c8a8c8349612145e24','#','~/questionnaire','问卷调查',0,NULL,1,4,'admin','ZKEASOFT','2017-10-15 18:05:25.947000','admin','ZKEASOFT','2017-10-15 18:05:28.837000'),('e4658e8af8434a05b773b666c6c67cd5','#','~/article','新闻',1,NULL,1,2,'admin','ZKEASOFT','2016-03-10 23:32:53.000000','admin','ZKEASOFT','2017-10-15 18:05:28.827000');
/*!40000 ALTER TABLE `navigation` ENABLE KEYS */;
UNLOCK TABLES;

--
-- Table structure for table `navigationwidget`
--

DROP TABLE IF EXISTS `navigationwidget`;
/*!40101 SET @saved_cs_client     = @@character_set_client */;
/*!40101 SET character_set_client = utf8 */;
CREATE TABLE `navigationwidget` (
  `ID` varchar(100) NOT NULL,
  `CustomerClass` varchar(255) DEFAULT NULL,
  `Title` varchar(255) DEFAULT NULL,
  `Logo` varchar(255) DEFAULT NULL,
  `AlignClass` varchar(50) DEFAULT NULL,
  `IsTopFix` tinyint(1) DEFAULT NULL,
  `RootID` varchar(100) DEFAULT NULL,
  PRIMARY KEY (`ID`),
  CONSTRAINT `FK_NavigationWidget_Widget` FOREIGN KEY (`ID`) REFERENCES `cms_widgetbase` (`ID`) ON DELETE NO ACTION ON UPDATE NO ACTION
) ENGINE=InnoDB DEFAULT CHARSET=utf8;
/*!40101 SET character_set_client = @saved_cs_client */;

--
-- Dumping data for table `navigationwidget`
--

LOCK TABLES `navigationwidget` WRITE;
/*!40000 ALTER TABLE `navigationwidget` DISABLE KEYS */;
INSERT INTO `navigationwidget` VALUES ('5d1624483b974f6298d727580e6fb636',NULL,NULL,'~/images/logo_zkea.png',NULL,NULL,NULL),('c1736950fd8c46beb8b05f5d9010556c',NULL,NULL,'~/images/logo_zkea.png',NULL,NULL,NULL);
/*!40000 ALTER TABLE `navigationwidget` ENABLE KEYS */;
UNLOCK TABLES;

--
-- Table structure for table `order`
--

DROP TABLE IF EXISTS `order`;
/*!40101 SET @saved_cs_client     = @@character_set_client */;
/*!40101 SET character_set_client = utf8 */;
CREATE TABLE `order` (
  `ID` varchar(50) NOT NULL,
  `UserId` varchar(50) NOT NULL,
  `Contact` varchar(50) DEFAULT NULL,
  `PhoneNumber` varchar(50) DEFAULT NULL,
  `Total` decimal(18,4) NOT NULL,
  `OrderStatus` int(11) NOT NULL,
  `PayTime` datetime(6) DEFAULT NULL,
  `CompletePayTime` datetime(6) DEFAULT NULL,
  `TrackingNumber` varchar(50) DEFAULT NULL,
  `LogisticsCompany` varchar(50) DEFAULT NULL,
  `ShippingAddress` varchar(500) DEFAULT NULL,
  `PaymentGateway` varchar(50) DEFAULT NULL,
  `PaymentID` varchar(500) DEFAULT NULL,
  `Title` varchar(50) DEFAULT NULL,
  `Description` varchar(500) DEFAULT NULL,
  `Status` int(11) DEFAULT NULL,
  `CreateBy` varchar(50) DEFAULT NULL,
  `CreatebyName` varchar(100) DEFAULT NULL,
  `CreateDate` datetime(6) DEFAULT NULL,
  `LastUpdateBy` varchar(50) DEFAULT NULL,
  `LastUpdateByName` varchar(100) DEFAULT NULL,
  `LastUpdateDate` datetime(6) DEFAULT NULL,
  PRIMARY KEY (`ID`)
) ENGINE=InnoDB DEFAULT CHARSET=utf8;
/*!40101 SET character_set_client = @saved_cs_client */;

--
-- Dumping data for table `order`
--

LOCK TABLES `order` WRITE;
/*!40000 ALTER TABLE `order` DISABLE KEYS */;
/*!40000 ALTER TABLE `order` ENABLE KEYS */;
UNLOCK TABLES;

--
-- Table structure for table `orderitem`
--

DROP TABLE IF EXISTS `orderitem`;
/*!40101 SET @saved_cs_client     = @@character_set_client */;
/*!40101 SET character_set_client = utf8 */;
CREATE TABLE `orderitem` (
  `ID` int(11) NOT NULL AUTO_INCREMENT,
  `OrderId` varchar(50) NOT NULL,
  `UserId` varchar(50) NOT NULL,
  `ImageUrl` varchar(500) NOT NULL,
  `Quantity` int(11) NOT NULL,
  `Price` decimal(18,4) NOT NULL,
  `ProductId` int(11) NOT NULL,
  `PromoCode` varchar(50) DEFAULT NULL,
  `Title` varchar(200) NOT NULL,
  `Description` varchar(500) DEFAULT NULL,
  `Status` int(11) DEFAULT NULL,
  `CreateBy` varchar(50) DEFAULT NULL,
  `CreatebyName` varchar(100) DEFAULT NULL,
  `CreateDate` datetime(6) DEFAULT NULL,
  `LastUpdateBy` varchar(50) DEFAULT NULL,
  `LastUpdateByName` varchar(100) DEFAULT NULL,
  `LastUpdateDate` datetime(6) DEFAULT NULL,
  PRIMARY KEY (`ID`)
) ENGINE=InnoDB DEFAULT CHARSET=utf8;
/*!40101 SET character_set_client = @saved_cs_client */;

--
-- Dumping data for table `orderitem`
--

LOCK TABLES `orderitem` WRITE;
/*!40000 ALTER TABLE `orderitem` DISABLE KEYS */;
/*!40000 ALTER TABLE `orderitem` ENABLE KEYS */;
UNLOCK TABLES;

--
-- Table structure for table `pageview`
--

DROP TABLE IF EXISTS `pageview`;
/*!40101 SET @saved_cs_client     = @@character_set_client */;
/*!40101 SET character_set_client = utf8 */;
CREATE TABLE `pageview` (
  `ID` int(11) NOT NULL AUTO_INCREMENT,
  `PageUrl` varchar(500) DEFAULT NULL,
  `PageTitle` varchar(200) DEFAULT NULL,
  `IPAddress` varchar(50) DEFAULT NULL,
  `SessionID` varchar(50) DEFAULT NULL,
  `UserAgent` varchar(500) DEFAULT NULL,
  `Referer` varchar(1000) DEFAULT NULL,
  `RefererName` varchar(255) DEFAULT NULL,
  `KeyWords` varchar(255) DEFAULT NULL,
  `CreateBy` varchar(50) DEFAULT NULL,
  `CreatebyName` varchar(100) DEFAULT NULL,
  `CreateDate` datetime(6) DEFAULT NULL,
  `LastUpdateBy` varchar(50) DEFAULT NULL,
  `LastUpdateByName` varchar(100) DEFAULT NULL,
  `LastUpdateDate` datetime(6) DEFAULT NULL,
  PRIMARY KEY (`ID`)
) ENGINE=InnoDB DEFAULT CHARSET=utf8;
/*!40101 SET character_set_client = @saved_cs_client */;

--
-- Dumping data for table `pageview`
--

LOCK TABLES `pageview` WRITE;
/*!40000 ALTER TABLE `pageview` DISABLE KEYS */;
/*!40000 ALTER TABLE `pageview` ENABLE KEYS */;
UNLOCK TABLES;

--
-- Table structure for table `permission`
--

DROP TABLE IF EXISTS `permission`;
/*!40101 SET @saved_cs_client     = @@character_set_client */;
/*!40101 SET character_set_client = utf8 */;
CREATE TABLE `permission` (
  `PermissionKey` varchar(100) NOT NULL,
  `RoleId` int(11) NOT NULL,
  `Title` varchar(100) DEFAULT NULL,
  `Description` varchar(500) DEFAULT NULL,
  `Module` varchar(100) DEFAULT NULL,
  `Status` int(11) DEFAULT NULL,
  `CreateBy` varchar(50) DEFAULT NULL,
  `CreatebyName` varchar(100) DEFAULT NULL,
  `CreateDate` datetime(6) DEFAULT NULL,
  `LastUpdateBy` varchar(50) DEFAULT NULL,
  `LastUpdateByName` varchar(100) DEFAULT NULL,
  `LastUpdateDate` datetime(6) DEFAULT NULL,
  PRIMARY KEY (`PermissionKey`,`RoleId`),
  KEY `FK_Permission_Permission_Role` (`RoleId`),
  CONSTRAINT `FK_Permission_Permission_Role` FOREIGN KEY (`RoleId`) REFERENCES `roles` (`ID`) ON DELETE NO ACTION ON UPDATE NO ACTION
) ENGINE=InnoDB DEFAULT CHARSET=utf8;
/*!40101 SET character_set_client = @saved_cs_client */;

--
-- Dumping data for table `permission`
--

LOCK TABLES `permission` WRITE;
/*!40000 ALTER TABLE `permission` DISABLE KEYS */;
INSERT INTO `permission` VALUES ('ApplicationSetting_Manage',1,'管理系统设置',NULL,'用户/安全',NULL,'admin','ZKEASOFT','2016-08-01 14:12:07.567000','admin','ZKEASOFT','2017-11-17 11:47:12.980000'),('ApplicationSetting_View',1,'查看系统设置',NULL,'用户/安全',NULL,'admin','ZKEASOFT','2016-08-01 13:37:46.647000','admin','ZKEASOFT','2017-11-17 11:47:13.007000'),('ArticleType_Manage',1,'管理文章类别',NULL,'文章',NULL,'admin','ZKEASOFT','2016-08-01 13:22:24.887000','admin','ZKEASOFT','2017-11-17 11:47:13.013000'),('ArticleType_View',1,'查看文章类别',NULL,'文章',NULL,'admin','ZKEASOFT','2016-08-01 13:19:54.500000','admin','ZKEASOFT','2017-11-17 11:47:13.013000'),('Article_Manage',1,'管理文章',NULL,'文章',NULL,'admin','ZKEASOFT','2016-08-01 13:18:40.493000','admin','ZKEASOFT','2017-11-17 11:47:13.007000'),('Article_Publish',1,'发布文章',NULL,'文章',NULL,'admin','ZKEASOFT','2017-05-25 12:36:10.820000','admin','ZKEASOFT','2017-11-17 11:47:13.010000'),('Article_View',1,'查看文章',NULL,'文章',NULL,'admin','ZKEASOFT','2016-08-01 13:17:59.120000','admin','ZKEASOFT','2017-11-17 11:47:13.010000'),('Carousel_Manage',1,'管理焦点图',NULL,'焦点图',NULL,'admin','ZKEASOFT','2016-08-01 13:45:46.190000','admin','ZKEASOFT','2017-11-17 11:47:13.017000'),('Carousel_View',1,'查看焦点图',NULL,'焦点图',NULL,'admin','ZKEASOFT','2016-08-01 13:37:56.097000','admin','ZKEASOFT','2017-11-17 11:47:13.017000'),('EventViewer_Manage',1,'查看错误日志',NULL,'设置',NULL,'admin','ZKEASOFT','2017-07-11 15:43:52.147000','admin','ZKEASOFT','2017-11-17 11:47:13.020000'),('FormData_Export',1,'导出表单数据',NULL,'自定义表单',NULL,'admin','ZKEASOFT','2017-10-12 15:11:51.853000','admin','ZKEASOFT','2017-11-17 11:47:13.030000'),('FormData_Manage',1,'管理表单数据',NULL,'自定义表单',NULL,'admin','ZKEASOFT','2017-10-12 15:11:51.850000','admin','ZKEASOFT','2017-11-17 11:47:13.033000'),('FormData_View',1,'查看表单数据',NULL,'自定义表单',NULL,'admin','ZKEASOFT','2017-10-12 15:11:51.843000','admin','ZKEASOFT','2017-11-17 11:47:13.037000'),('Form_Manage',1,'管理表单',NULL,'自定义表单',NULL,'admin','ZKEASOFT','2017-10-12 15:11:51.843000','admin','ZKEASOFT','2017-11-17 11:47:13.027000'),('Form_View',1,'查看表单',NULL,'自定义表单',NULL,'admin','ZKEASOFT','2017-10-12 15:11:51.830000','admin','ZKEASOFT','2017-11-17 11:47:13.030000'),('Language_Manage',1,'翻译',NULL,'设置',NULL,'admin','ZKEASOFT','2017-11-17 11:47:13.093000','admin','ZKEASOFT','2017-11-17 11:47:13.093000'),('Layout_Manage',1,'管理布局',NULL,'布局',NULL,'admin','ZKEASOFT','2016-08-01 12:43:52.697000','admin','ZKEASOFT','2017-11-17 11:47:13.037000'),('Layout_View',1,'查看布局',NULL,'布局',NULL,'admin','ZKEASOFT','2016-08-01 12:37:56.690000','admin','ZKEASOFT','2017-11-17 11:47:13.040000'),('Media_Manage',1,'管理媒体库',NULL,'媒体库',NULL,'admin','ZKEASOFT','2016-08-01 14:12:07.553000','admin','ZKEASOFT','2017-11-17 11:47:13.040000'),('Media_View',1,'查看媒体库',NULL,'媒体库',NULL,'admin','ZKEASOFT','2016-08-01 13:37:56.090000','admin','ZKEASOFT','2017-11-17 11:47:13.040000'),('Message_Manage',1,'管理留言',NULL,'留言板',NULL,'admin','ZKEASOFT','2017-03-19 21:01:14.980000','admin','ZKEASOFT','2017-11-17 11:47:13.043000'),('Message_View',1,'查看留言',NULL,'留言板',NULL,'admin','ZKEASOFT','2017-03-19 21:01:14.960000','admin','ZKEASOFT','2017-11-17 11:47:13.043000'),('Navigation_Manage',1,'管理导航',NULL,'导航',NULL,'admin','ZKEASOFT','2016-08-01 13:40:38.230000','admin','ZKEASOFT','2017-11-17 11:47:13.043000'),('Navigation_View',1,'查看导航',NULL,'导航',NULL,'admin','ZKEASOFT','2016-08-01 13:38:21.943000','admin','ZKEASOFT','2017-11-17 11:47:13.047000'),('Order_Manage',1,'管理订单',NULL,'商城',NULL,'admin','ZKEASOFT','2017-11-17 10:49:53.937000','admin','ZKEASOFT','2017-11-17 11:47:13.047000'),('Order_View',1,'查看订单',NULL,'商城',NULL,'admin','ZKEASOFT','2017-11-17 10:49:53.923000','admin','ZKEASOFT','2017-11-17 11:47:13.060000'),('Page_Manage',1,'管理页面',NULL,'页面',NULL,'admin','ZKEASOFT','2016-08-01 13:41:08.463000','admin','ZKEASOFT','2017-11-17 11:47:13.063000'),('Page_View',1,'查看页面',NULL,'页面',NULL,'admin','ZKEASOFT','2016-08-01 12:37:56.683000','admin','ZKEASOFT','2017-11-17 11:47:13.063000'),('ProductCategoryTag_Manage',1,'管理产品标签',NULL,'产品',NULL,'admin','ZKEASOFT','2017-11-11 15:43:52.953000','admin','ZKEASOFT','2017-11-17 11:47:13.073000'),('ProductCategoryTag_View',1,'查看产品标签',NULL,'产品',NULL,'admin','ZKEASOFT','2017-11-11 15:43:52.947000','admin','ZKEASOFT','2017-11-17 11:47:13.077000'),('ProductCategory_Manage',1,'管理产品类别',NULL,'产品',NULL,'admin','ZKEASOFT','2016-08-01 13:28:21.047000','admin','ZKEASOFT','2017-11-17 11:47:13.070000'),('ProductCategory_View',1,'查看产品类别',NULL,'产品',NULL,'admin','ZKEASOFT','2016-08-01 13:28:08.737000','admin','ZKEASOFT','2017-11-17 11:47:13.073000'),('Product_Manage',1,'管理产品',NULL,'产品',NULL,'admin','ZKEASOFT','2016-08-01 13:27:58.400000','admin','ZKEASOFT','2017-11-17 11:47:13.067000'),('Product_Publish',1,'发布产品',NULL,'产品',NULL,'admin','ZKEASOFT','2017-05-25 12:36:10.853000','admin','ZKEASOFT','2017-11-17 11:47:13.070000'),('Product_View',1,'查看产品',NULL,'产品',NULL,'admin','ZKEASOFT','2016-08-01 13:27:41.483000','admin','ZKEASOFT','2017-11-17 11:47:13.070000'),('Role_Manage',1,'管理角色',NULL,'用户/安全',NULL,'admin','ZKEASOFT','2016-08-01 14:12:07.567000','admin','ZKEASOFT','2017-11-17 11:47:13.077000'),('Role_View',1,'查看角色',NULL,'用户/安全',NULL,'admin','ZKEASOFT','2016-08-01 13:37:46.660000','admin','ZKEASOFT','2017-11-17 11:47:13.077000'),('Theme_Manage',1,'管理主题',NULL,'主题',NULL,'admin','ZKEASOFT','2016-08-01 13:42:48.600000','admin','ZKEASOFT','2017-11-17 11:47:13.083000'),('Theme_View',1,'查看主题',NULL,'主题',NULL,'admin','ZKEASOFT','2016-08-01 13:37:56.083000','admin','ZKEASOFT','2017-11-17 11:47:13.083000'),('UrlRedirect_Manage',1,'管理URL 重定向',NULL,'URL 重定向',NULL,'admin','ZKEASOFT','2017-08-14 14:55:58.170000','admin','ZKEASOFT','2017-11-17 11:47:13.087000'),('UrlRedirect_View',1,'查看URL 重定向',NULL,'URL 重定向',NULL,'admin','ZKEASOFT','2017-08-14 14:55:58.120000','admin','ZKEASOFT','2017-11-17 11:47:13.087000'),('User_Manage',1,'管理用户',NULL,'用户/安全',NULL,'admin','ZKEASOFT','2016-08-01 14:12:07.567000','admin','ZKEASOFT','2017-11-17 11:47:13.087000'),('User_View',1,'查看用户',NULL,'用户/安全',NULL,'admin','ZKEASOFT','2016-08-01 13:37:46.647000','admin','ZKEASOFT','2017-11-17 11:47:13.090000');
/*!40000 ALTER TABLE `permission` ENABLE KEYS */;
UNLOCK TABLES;

--
-- Table structure for table `product`
--

DROP TABLE IF EXISTS `product`;
/*!40101 SET @saved_cs_client     = @@character_set_client */;
/*!40101 SET character_set_client = utf8 */;
CREATE TABLE `product` (
  `ID` int(11) NOT NULL AUTO_INCREMENT,
  `Title` varchar(255) DEFAULT NULL,
  `ImageUrl` varchar(255) DEFAULT NULL,
  `ImageThumbUrl` varchar(255) DEFAULT NULL,
  `BrandCD` int(11) DEFAULT NULL,
  `ProductCategoryID` int(11) DEFAULT NULL,
  `Color` varchar(255) DEFAULT NULL,
  `Price` decimal(19,4) DEFAULT NULL,
  `RebatePrice` decimal(19,4) DEFAULT NULL,
  `PurchasePrice` decimal(19,4) DEFAULT NULL,
  `Norm` varchar(255) DEFAULT NULL,
  `ShelfLife` varchar(255) DEFAULT NULL,
  `ProductContent` longtext,
  `Description` longtext,
  `IsPublish` tinyint(1) NOT NULL,
  `PublishDate` datetime(6) DEFAULT NULL,
  `Status` int(11) DEFAULT NULL,
  `SEOTitle` varchar(255) DEFAULT NULL,
  `SEOKeyWord` varchar(255) DEFAULT NULL,
  `SEODescription` longtext,
  `OrderIndex` int(11) DEFAULT NULL,
  `SourceFrom` varchar(255) DEFAULT NULL,
  `Url` varchar(255) DEFAULT NULL,
  `TargetFrom` varchar(255) DEFAULT NULL,
  `TargetUrl` varchar(255) DEFAULT NULL,
  `PartNumber` varchar(200) DEFAULT NULL,
  `CreateBy` varchar(50) DEFAULT NULL,
  `CreatebyName` varchar(100) DEFAULT NULL,
  `CreateDate` datetime(6) DEFAULT NULL,
  `LastUpdateBy` varchar(50) DEFAULT NULL,
  `LastUpdateByName` varchar(100) DEFAULT NULL,
  `LastUpdateDate` datetime(6) DEFAULT NULL,
  PRIMARY KEY (`ID`),
  KEY `FK_Product_ProductCategory` (`ProductCategoryID`),
  CONSTRAINT `FK_Product_ProductCategory` FOREIGN KEY (`ProductCategoryID`) REFERENCES `productcategory` (`ID`) ON DELETE NO ACTION ON UPDATE NO ACTION
) ENGINE=InnoDB AUTO_INCREMENT=3 DEFAULT CHARSET=utf8;
/*!40101 SET character_set_client = @saved_cs_client */;

--
-- Dumping data for table `product`
--

LOCK TABLES `product` WRITE;
/*!40000 ALTER TABLE `product` DISABLE KEYS */;
INSERT INTO `product` VALUES (1,'Cloud Revolver 游戏耳机','https://media.kingston.com/hyperx/product/hyperx_headset_revolver_bk_1-lg.jpg','https://media.kingston.com/hyperx/product/hyperx_headset_revolver_bk_1-lg.jpg',NULL,2,NULL,500.0000,399.0000,NULL,NULL,NULL,'<h1>HyperX Cloud Revolver</h1>\r\n<p>如果您热爱游戏，那么一款可为您带来极大优势的耳机就是必不可少的装备。HyperX Cloud Revolver&trade; 是一款优质耳机，工艺精湛，可充分满足高级OC或家用机游戏玩家的需求。新一代驱动器可将低音、中音和高音明确区分开来，形成精准定位的优质音效。Revolver 系列具备立体声和即插即用的 Dolby&reg; 7.1 环绕立体声模式，可提供工作室级别的音场和新一代驱动器，在 FPS 和开放式环境下表现优异。两款耳机均采用结实耐用的实心钢质框架和标志性的 HyperX 记忆海绵，带来屡获殊荣的舒适度。如果您希望拥有无与伦比的舒适度、绝佳的音质和清晰顺畅的沟通，Cloud Revolver 耳机将是您的不二之选。</p>\r\n<h3>即插即用 Dolby&reg; 环绕立体声 7.1&nbsp;</h3>\r\n<p>模拟的 7 个定位扬声器，按照距离和深度制作出精准的音效，无需安装软件或任何设置，即可将音频娱乐变成电影般的体验。<br />可在 Cloud Revolver S 上使用。</p>\r\n<h3>先进的 USB 音频控制盒与 DSP 声卡&nbsp;</h3>\r\n<p>USB 数字处理信号声卡可在任何机器上输出一致的优质音频。卡夹式音频控制盒设计有背光按钮，因此可以即时静音、启用 Dolby 音频，还可在三种预先设置的均衡器之间切换并调整麦克风和音量水平。<br />可在 Cloud Revolver S 上使用。</p>\r\n<h3>新一代 50 毫米驱动器&nbsp;</h3>\r\n<p>与双耳平行的 50mm 定向驱动器精准定位，超强低音效果让声音更加清脆动听。<br />可在 Cloud Revolver 和 Cloud Revolver S 上使用。</p>\r\n<h3>HyperX 标志性记忆海绵&nbsp;</h3>\r\n<p>屡获殊荣的 HyperX 记忆海绵，带来无与伦比的舒适度，让您更加舒适，更加尽兴地游戏。<br />可在 Cloud Revolver 和 Cloud Revolver S 上使用。</p>','模拟的 7 个定位扬声器，按照距离和深度制作出精准的音效',1,'2017-11-17 00:00:00.000000',1,NULL,NULL,NULL,NULL,NULL,NULL,NULL,NULL,'HX-HSCR-BK/AS','admin','ZKEASOFT','2017-11-17 15:18:54.000000','admin','ZKEASOFT','2017-11-17 15:25:05.127000'),(2,'Alloy FPS 机械游戏键盘','https://media.kingston.com/hyperx/features/hx-features-keyboard-alloyfpspro-litup.jpg','https://media.kingston.com/hyperx/features/hx-features-keyboard-alloyfpspro-litup.jpg',NULL,3,'黑色',500.0000,499.0000,NULL,NULL,NULL,'<h1>小巧便携，随时随地开始 FPS 游戏。</h1>\r\n<p>HyperX&trade; Alloy FPS 键盘结实耐用，性能可靠，给玩家带来卓越的游戏体验。如果您需要一个全尺寸键盘，Alloy FPS 会满足您的所有需求。如果您喜欢 Tenkeyless (TKL) 模式，以便使用大多数基本按键，则 Alloy FPS Pro 键盘可充分满足您的需要。1每个键盘都能满足每位严肃的 FPS 游戏玩家对键盘的所有要求：可靠的 CHERRY&reg; MX 按键开关、实心钢架、可拆卸的线缆、游戏模式、100% 防按键冲突和全键无冲突功能无论您是专业的 FPS 玩家，又或者只是随便玩玩，HyperX Alloy FPS 键盘都可充分满足您的需求。</p>\r\n<h3>极简设计小巧紧凑，是 FPS 游戏的完美搭档&nbsp;</h3>\r\n<p>最大程度节省桌面空间，方便鼠标快速移动</p>\r\n<h3>实心钢架&nbsp;</h3>\r\n<p>可实现耐用性和稳定性。</p>\r\n<h3>CHERRY&reg; MX 机械按键开关可靠耐用&nbsp;</h3>\r\n<p>适用于 CHERRY MX Blue、Brown 或 Red 按键开关，带给您有口皆碑的可靠性和适合您的开关风格。</p>\r\n<h3>超便携设计，带有可拆卸的线缆&nbsp;</h3>\r\n<p>节省存储空间并减少可能的线缆损坏。</p>\r\n<h3>HyperX 红色背光按键，实现动态的灯光效果</h3>\r\n<p>让璀璨的背光彰显您的风格</p>','实心钢架,CHERRY® MX 机械按键开关,带有可拆卸的线缆',1,'2017-11-17 00:00:00.000000',1,NULL,NULL,NULL,NULL,NULL,NULL,NULL,NULL,'HX-KB4RD1-US/R1','admin','ZKEASOFT','2017-11-17 15:30:22.000000','admin','ZKEASOFT','2017-11-17 15:32:14.837000');
/*!40000 ALTER TABLE `product` ENABLE KEYS */;
UNLOCK TABLES;

--
-- Table structure for table `productcategory`
--

DROP TABLE IF EXISTS `productcategory`;
/*!40101 SET @saved_cs_client     = @@character_set_client */;
/*!40101 SET character_set_client = utf8 */;
CREATE TABLE `productcategory` (
  `ID` int(11) NOT NULL AUTO_INCREMENT,
  `Title` varchar(255) DEFAULT NULL,
  `Description` varchar(255) DEFAULT NULL,
  `ParentID` int(11) DEFAULT NULL,
  `Status` int(11) DEFAULT NULL,
  `CreateBy` varchar(50) DEFAULT NULL,
  `CreatebyName` varchar(100) DEFAULT NULL,
  `CreateDate` datetime(6) DEFAULT NULL,
  `LastUpdateBy` varchar(50) DEFAULT NULL,
  `LastUpdateByName` varchar(100) DEFAULT NULL,
  `LastUpdateDate` datetime(6) DEFAULT NULL,
  PRIMARY KEY (`ID`)
) ENGINE=InnoDB AUTO_INCREMENT=4 DEFAULT CHARSET=utf8;
/*!40101 SET character_set_client = @saved_cs_client */;

--
-- Dumping data for table `productcategory`
--

LOCK TABLES `productcategory` WRITE;
/*!40000 ALTER TABLE `productcategory` DISABLE KEYS */;
INSERT INTO `productcategory` VALUES (1,'产品',NULL,0,1,'admin','ZKEASOFT','2016-03-10 13:49:32.000000','admin','ZKEASOFT','2017-11-17 15:10:08.193000'),(2,'耳机',NULL,1,1,'admin','ZKEASOFT','2016-03-10 13:49:50.000000','admin','ZKEASOFT','2017-11-17 15:10:14.940000'),(3,'键盘',NULL,1,1,'admin','ZKEASOFT','2016-03-10 13:50:07.000000','admin','ZKEASOFT','2017-11-17 15:10:19.177000');
/*!40000 ALTER TABLE `productcategory` ENABLE KEYS */;
UNLOCK TABLES;

--
-- Table structure for table `productcategorytag`
--

DROP TABLE IF EXISTS `productcategorytag`;
/*!40101 SET @saved_cs_client     = @@character_set_client */;
/*!40101 SET character_set_client = utf8 */;
CREATE TABLE `productcategorytag` (
  `ID` int(11) NOT NULL AUTO_INCREMENT,
  `ProductCategoryId` int(11) DEFAULT NULL,
  `Title` varchar(50) DEFAULT NULL,
  `Description` varchar(500) DEFAULT NULL,
  `Status` int(11) DEFAULT NULL,
  `ParentId` int(11) DEFAULT NULL,
  `CreateBy` varchar(50) DEFAULT NULL,
  `CreatebyName` varchar(100) DEFAULT NULL,
  `CreateDate` datetime(6) DEFAULT NULL,
  `LastUpdateBy` varchar(50) DEFAULT NULL,
  `LastUpdateByName` varchar(100) DEFAULT NULL,
  `LastUpdateDate` datetime(6) DEFAULT NULL,
  PRIMARY KEY (`ID`)
) ENGINE=InnoDB AUTO_INCREMENT=8 DEFAULT CHARSET=utf8;
/*!40101 SET character_set_client = @saved_cs_client */;

--
-- Dumping data for table `productcategorytag`
--

LOCK TABLES `productcategorytag` WRITE;
/*!40000 ALTER TABLE `productcategorytag` DISABLE KEYS */;
INSERT INTO `productcategorytag` VALUES (1,2,'颜色',NULL,NULL,0,NULL,NULL,NULL,'admin','ZKEASOFT','2017-11-17 15:10:45.550000'),(2,2,'黑色',NULL,NULL,1,NULL,NULL,NULL,'admin','ZKEASOFT','2017-11-17 15:10:50.530000'),(3,2,'黑古银色',NULL,NULL,1,NULL,NULL,NULL,'admin','ZKEASOFT','2017-11-17 15:11:03.657000'),(4,3,'操作风格',NULL,NULL,0,NULL,NULL,NULL,'admin','ZKEASOFT','2017-11-17 15:12:07.707000'),(5,3,'点击',NULL,NULL,4,NULL,NULL,NULL,'admin','ZKEASOFT','2017-11-17 15:12:14.870000'),(6,3,'触觉',NULL,NULL,4,NULL,NULL,NULL,'admin','ZKEASOFT','2017-11-17 15:12:20.713000'),(7,3,'线性',NULL,NULL,4,NULL,NULL,NULL,'admin','ZKEASOFT','2017-11-17 15:12:28.660000');
/*!40000 ALTER TABLE `productcategorytag` ENABLE KEYS */;
UNLOCK TABLES;

--
-- Table structure for table `productcategorywidget`
--

DROP TABLE IF EXISTS `productcategorywidget`;
/*!40101 SET @saved_cs_client     = @@character_set_client */;
/*!40101 SET character_set_client = utf8 */;
CREATE TABLE `productcategorywidget` (
  `ID` varchar(100) NOT NULL,
  `ProductCategoryID` int(11) DEFAULT NULL,
  `TargetPage` varchar(255) DEFAULT NULL,
  PRIMARY KEY (`ID`),
  KEY `FK_ProductCategoryWidget_ProductCategory` (`ProductCategoryID`),
  CONSTRAINT `FK_ProductCategoryWidget_ProductCategory` FOREIGN KEY (`ProductCategoryID`) REFERENCES `productcategory` (`ID`) ON DELETE NO ACTION ON UPDATE NO ACTION,
  CONSTRAINT `FK_ProductCategoryWidget_Widget` FOREIGN KEY (`ID`) REFERENCES `cms_widgetbase` (`ID`) ON DELETE NO ACTION ON UPDATE NO ACTION
) ENGINE=InnoDB DEFAULT CHARSET=utf8;
/*!40101 SET character_set_client = @saved_cs_client */;

--
-- Dumping data for table `productcategorywidget`
--

LOCK TABLES `productcategorywidget` WRITE;
/*!40000 ALTER TABLE `productcategorywidget` DISABLE KEYS */;
INSERT INTO `productcategorywidget` VALUES ('3466e616139645d2b1e1d9935d231922',1,NULL),('eb7657f5bcbd4e98977a42950936e7ac',1,NULL);
/*!40000 ALTER TABLE `productcategorywidget` ENABLE KEYS */;
UNLOCK TABLES;

--
-- Table structure for table `productdetailwidget`
--

DROP TABLE IF EXISTS `productdetailwidget`;
/*!40101 SET @saved_cs_client     = @@character_set_client */;
/*!40101 SET character_set_client = utf8 */;
CREATE TABLE `productdetailwidget` (
  `ID` varchar(100) NOT NULL,
  `CustomerClass` varchar(255) DEFAULT NULL,
  PRIMARY KEY (`ID`),
  CONSTRAINT `FK_ProductDetailWidget_Widget` FOREIGN KEY (`ID`) REFERENCES `cms_widgetbase` (`ID`) ON DELETE NO ACTION ON UPDATE NO ACTION
) ENGINE=InnoDB DEFAULT CHARSET=utf8;
/*!40101 SET character_set_client = @saved_cs_client */;

--
-- Dumping data for table `productdetailwidget`
--

LOCK TABLES `productdetailwidget` WRITE;
/*!40000 ALTER TABLE `productdetailwidget` DISABLE KEYS */;
INSERT INTO `productdetailwidget` VALUES ('787d9ad849dd40d0905f22ae072d8507',NULL),('94624262dc00460cbbc1e0f51711e712',NULL);
/*!40000 ALTER TABLE `productdetailwidget` ENABLE KEYS */;
UNLOCK TABLES;

--
-- Table structure for table `productimage`
--

DROP TABLE IF EXISTS `productimage`;
/*!40101 SET @saved_cs_client     = @@character_set_client */;
/*!40101 SET character_set_client = utf8 */;
CREATE TABLE `productimage` (
  `ID` int(11) NOT NULL AUTO_INCREMENT,
  `ProductId` int(11) DEFAULT NULL,
  `ImageUrl` varchar(500) DEFAULT NULL,
  `Title` varchar(255) DEFAULT NULL,
  `Description` varchar(500) DEFAULT NULL,
  `Status` int(11) DEFAULT NULL,
  `CreateBy` varchar(50) DEFAULT NULL,
  `CreatebyName` varchar(100) DEFAULT NULL,
  `CreateDate` datetime(6) DEFAULT NULL,
  `LastUpdateBy` varchar(50) DEFAULT NULL,
  `LastUpdateByName` varchar(100) DEFAULT NULL,
  `LastUpdateDate` datetime(6) DEFAULT NULL,
  PRIMARY KEY (`ID`)
) ENGINE=InnoDB AUTO_INCREMENT=8 DEFAULT CHARSET=utf8;
/*!40101 SET character_set_client = @saved_cs_client */;

--
-- Dumping data for table `productimage`
--

LOCK TABLES `productimage` WRITE;
/*!40000 ALTER TABLE `productimage` DISABLE KEYS */;
INSERT INTO `productimage` VALUES (1,1,'https://media.kingston.com/hyperx/product/hyperx_headset_revolver_bk_1-lg.jpg','HX-HSCR-BK/AS',NULL,1,'admin','ZKEASOFT','2017-11-17 15:18:54.437000','admin','ZKEASOFT','2017-11-17 15:18:54.437000'),(2,1,'https://media.kingston.com/hyperx/product/hx-hscrs-gm-lg.jpg','HX-HSCRS-GM/AS',NULL,1,'admin','ZKEASOFT','2017-11-17 15:18:54.463000','admin','ZKEASOFT','2017-11-17 15:18:54.463000'),(3,2,'https://media.kingston.com/hyperx/features/hx-features-keyboard-alloyfpspro-litup.jpg',NULL,NULL,1,'admin','ZKEASOFT','2017-11-17 15:30:22.987000','admin','ZKEASOFT','2017-11-17 15:30:22.987000'),(5,2,'https://media.kingston.com/hyperx/product/hx-product-keyboard-alloy-pro-3-lg.jpg',NULL,NULL,1,'admin','ZKEASOFT','2017-11-17 15:30:22.993000','admin','ZKEASOFT','2017-11-17 15:30:22.993000'),(6,2,'https://media.kingston.com/hyperx/product/hx-product-keyboard-alloy-pro-4-lg.jpg',NULL,NULL,1,'admin','ZKEASOFT','2017-11-17 15:30:22.993000','admin','ZKEASOFT','2017-11-17 15:30:22.993000'),(7,2,'https://media.kingston.com/hyperx/product/hx-product-keyboard-alloy-pro-5-lg.jpg',NULL,NULL,1,'admin','ZKEASOFT','2017-11-17 15:30:22.997000','admin','ZKEASOFT','2017-11-17 15:30:22.997000');
/*!40000 ALTER TABLE `productimage` ENABLE KEYS */;
UNLOCK TABLES;

--
-- Table structure for table `productlistwidget`
--

DROP TABLE IF EXISTS `productlistwidget`;
/*!40101 SET @saved_cs_client     = @@character_set_client */;
/*!40101 SET character_set_client = utf8 */;
CREATE TABLE `productlistwidget` (
  `ID` varchar(100) NOT NULL,
  `IsPageable` tinyint(1) NOT NULL,
  `ProductCategoryID` int(11) DEFAULT NULL,
  `DetailPageUrl` varchar(255) DEFAULT NULL,
  `Columns` varchar(255) DEFAULT NULL,
  `PageSize` int(11) DEFAULT NULL,
  PRIMARY KEY (`ID`),
  CONSTRAINT `FK_ProductListWidget_Widget` FOREIGN KEY (`ID`) REFERENCES `cms_widgetbase` (`ID`) ON DELETE NO ACTION ON UPDATE NO ACTION
) ENGINE=InnoDB DEFAULT CHARSET=utf8;
/*!40101 SET character_set_client = @saved_cs_client */;

--
-- Dumping data for table `productlistwidget`
--

LOCK TABLES `productlistwidget` WRITE;
/*!40000 ALTER TABLE `productlistwidget` DISABLE KEYS */;
INSERT INTO `productlistwidget` VALUES ('6bb06e46293c46f084e83751a0832d36',1,1,'~/product/detail','col-xs-6 col-sm-4 col-md-4',9),('e88916cc41b3465b9ae954bafac5f796',1,1,'~/product/detail','col-xs-6 col-sm-4 col-md-4',9);
/*!40000 ALTER TABLE `productlistwidget` ENABLE KEYS */;
UNLOCK TABLES;

--
-- Table structure for table `producttag`
--

DROP TABLE IF EXISTS `producttag`;
/*!40101 SET @saved_cs_client     = @@character_set_client */;
/*!40101 SET character_set_client = utf8 */;
CREATE TABLE `producttag` (
  `ID` int(11) NOT NULL AUTO_INCREMENT,
  `ProductId` int(11) DEFAULT NULL,
  `TagId` int(11) DEFAULT NULL,
  `Title` varchar(50) DEFAULT NULL,
  PRIMARY KEY (`ID`)
) ENGINE=InnoDB AUTO_INCREMENT=23 DEFAULT CHARSET=utf8;
/*!40101 SET character_set_client = @saved_cs_client */;

--
-- Dumping data for table `producttag`
--

LOCK TABLES `producttag` WRITE;
/*!40000 ALTER TABLE `producttag` DISABLE KEYS */;
INSERT INTO `producttag` VALUES (9,1,2,NULL),(10,1,3,NULL),(20,2,5,NULL),(21,2,6,NULL),(22,2,7,NULL);
/*!40000 ALTER TABLE `producttag` ENABLE KEYS */;
UNLOCK TABLES;

--
-- Table structure for table `roles`
--

DROP TABLE IF EXISTS `roles`;
/*!40101 SET @saved_cs_client     = @@character_set_client */;
/*!40101 SET character_set_client = utf8 */;
CREATE TABLE `roles` (
  `ID` int(11) NOT NULL AUTO_INCREMENT,
  `Title` varchar(100) DEFAULT NULL,
  `Description` varchar(500) DEFAULT NULL,
  `Status` int(11) DEFAULT NULL,
  `CreateBy` varchar(50) DEFAULT NULL,
  `CreatebyName` varchar(100) DEFAULT NULL,
  `CreateDate` datetime(6) DEFAULT NULL,
  `LastUpdateBy` varchar(50) DEFAULT NULL,
  `LastUpdateByName` varchar(100) DEFAULT NULL,
  `LastUpdateDate` datetime(6) DEFAULT NULL,
  PRIMARY KEY (`ID`)
) ENGINE=InnoDB AUTO_INCREMENT=2 DEFAULT CHARSET=utf8;
/*!40101 SET character_set_client = @saved_cs_client */;

--
-- Dumping data for table `roles`
--

LOCK TABLES `roles` WRITE;
/*!40000 ALTER TABLE `roles` DISABLE KEYS */;
INSERT INTO `roles` VALUES (1,'超级管理员','超级管理员',1,NULL,NULL,NULL,'admin','ZKEASOFT','2017-10-12 15:11:51.713000');
/*!40000 ALTER TABLE `roles` ENABLE KEYS */;
UNLOCK TABLES;

--
-- Table structure for table `scriptwidget`
--

DROP TABLE IF EXISTS `scriptwidget`;
/*!40101 SET @saved_cs_client     = @@character_set_client */;
/*!40101 SET character_set_client = utf8 */;
CREATE TABLE `scriptwidget` (
  `ID` varchar(100) NOT NULL,
  `Script` longtext,
  PRIMARY KEY (`ID`),
  CONSTRAINT `FK_ScriptWidget_CMS_WidgetBase` FOREIGN KEY (`ID`) REFERENCES `cms_widgetbase` (`ID`) ON DELETE NO ACTION ON UPDATE NO ACTION
) ENGINE=InnoDB DEFAULT CHARSET=utf8;
/*!40101 SET character_set_client = @saved_cs_client */;

--
-- Dumping data for table `scriptwidget`
--

LOCK TABLES `scriptwidget` WRITE;
/*!40000 ALTER TABLE `scriptwidget` DISABLE KEYS */;
/*!40000 ALTER TABLE `scriptwidget` ENABLE KEYS */;
UNLOCK TABLES;

--
-- Table structure for table `sectioncontent`
--

DROP TABLE IF EXISTS `sectioncontent`;
/*!40101 SET @saved_cs_client     = @@character_set_client */;
/*!40101 SET character_set_client = utf8 */;
CREATE TABLE `sectioncontent` (
  `ID` varchar(100) NOT NULL,
  `SectionWidgetId` varchar(100) NOT NULL,
  `SectionGroupId` varchar(100) NOT NULL,
  `SectionContentType` int(11) DEFAULT NULL,
  `Order` int(11) DEFAULT NULL,
  `CreateBy` varchar(50) DEFAULT NULL,
  `CreatebyName` varchar(100) DEFAULT NULL,
  `CreateDate` datetime(6) DEFAULT NULL,
  `LastUpdateBy` varchar(50) DEFAULT NULL,
  `LastUpdateByName` varchar(100) DEFAULT NULL,
  `LastUpdateDate` datetime(6) DEFAULT NULL,
  PRIMARY KEY (`ID`),
  KEY `FK_SectionContent_Widget` (`SectionWidgetId`),
  CONSTRAINT `FK_SectionContent_Widget` FOREIGN KEY (`SectionWidgetId`) REFERENCES `sectionwidget` (`ID`) ON DELETE NO ACTION ON UPDATE NO ACTION
) ENGINE=InnoDB DEFAULT CHARSET=utf8;
/*!40101 SET character_set_client = @saved_cs_client */;

--
-- Dumping data for table `sectioncontent`
--

LOCK TABLES `sectioncontent` WRITE;
/*!40000 ALTER TABLE `sectioncontent` DISABLE KEYS */;
INSERT INTO `sectioncontent` VALUES ('083536d64b2f4840aa548e7117eb5c8d','e0783dbbcc564322a1f2e3ca2833dbd4','0015be62210742c083c3a9dad4b72fb5',1,7,'admin','ZKEASOFT','2017-10-15 18:11:36.767000','admin','ZKEASOFT','2017-10-15 18:11:36.767000'),('08f659a819194f7ca0a41b668a2dee13','88ab49212dee47bba878a52bec86f501','50082fd30e01404fbb4fe6101353b1d5',1,2,'admin','ZKEASOFT','2017-10-15 18:11:36.800000','admin','ZKEASOFT','2017-10-15 18:11:36.800000'),('1','80f365c7991a49a0b04aa11006018814','1',1,2,'admin',NULL,'2015-09-01 10:09:51.457000','admin',NULL,'2015-09-01 10:12:05.037000'),('105','f41174cfa4d247f4974c47f4d2b000fd','40',4,1,'admin','ZKEASOFT','2016-03-09 21:22:05.273000','admin','ZKEASOFT','2016-03-09 21:22:05.273000'),('106','f41174cfa4d247f4974c47f4d2b000fd','40',3,2,'admin','ZKEASOFT','2016-03-09 21:22:14.723000','admin','ZKEASOFT','2016-03-09 21:22:14.723000'),('107','f41174cfa4d247f4974c47f4d2b000fd','41',4,1,'admin','ZKEASOFT','2016-03-09 21:22:39.543000','admin','ZKEASOFT','2016-03-09 21:22:39.543000'),('108','f41174cfa4d247f4974c47f4d2b000fd','41',3,2,'admin','ZKEASOFT','2016-03-09 21:22:46.500000','admin','ZKEASOFT','2016-03-09 21:22:46.500000'),('109','0f66ab8ff0df44e2b5e57fd8d8c5d8ff','42',4,1,'admin','ZKEASOFT','2016-03-09 21:23:51.287000','admin','ZKEASOFT','2016-03-09 21:23:51.287000'),('110','0f66ab8ff0df44e2b5e57fd8d8c5d8ff','42',3,2,'admin','ZKEASOFT','2016-03-09 21:23:51.290000','admin','ZKEASOFT','2016-03-09 21:23:51.290000'),('111','0f66ab8ff0df44e2b5e57fd8d8c5d8ff','43',4,1,'admin','ZKEASOFT','2016-03-09 21:23:51.293000','admin','ZKEASOFT','2016-03-09 21:23:51.293000'),('112','0f66ab8ff0df44e2b5e57fd8d8c5d8ff','43',3,2,'admin','ZKEASOFT','2016-03-09 21:23:51.293000','admin','ZKEASOFT','2016-03-09 21:23:51.293000'),('113','0f66ab8ff0df44e2b5e57fd8d8c5d8ff','44',4,1,'admin','ZKEASOFT','2016-03-09 21:24:36.340000','admin','ZKEASOFT','2016-03-09 21:24:36.340000'),('114','0f66ab8ff0df44e2b5e57fd8d8c5d8ff','44',3,2,'admin','ZKEASOFT','2016-03-09 21:24:43.533000','admin','ZKEASOFT','2016-03-09 21:24:43.533000'),('11fb7122ccd24686876238c6138aead2','e0783dbbcc564322a1f2e3ca2833dbd4','0015be62210742c083c3a9dad4b72fb5',1,5,'admin','ZKEASOFT','2017-10-15 18:11:36.760000','admin','ZKEASOFT','2017-10-15 18:11:36.760000'),('13','2b3eb61307d24c50a6b3aaa75db3810e','5',2,1,'admin','ZKEASOFT','2016-03-09 14:07:06.270000','admin','ZKEASOFT','2016-03-09 14:07:06.270000'),('14','2b3eb61307d24c50a6b3aaa75db3810e','5',4,2,'admin','ZKEASOFT','2016-03-09 14:07:14.397000','admin','ZKEASOFT','2016-03-09 14:07:14.397000'),('15','2b3eb61307d24c50a6b3aaa75db3810e','5',3,3,'admin','ZKEASOFT','2016-03-09 14:07:22.330000','admin','ZKEASOFT','2016-03-09 14:07:22.330000'),('16','00f62c5acfe840e0bee3ca2979f0f025','6',2,1,'admin','ZKEASOFT','2016-03-09 14:14:25.737000','admin','ZKEASOFT','2016-03-09 14:14:25.737000'),('163','604b2461f7c545e28dbb21fb15def5c7','2',1,4,'admin','ZKEASOFT','2017-03-19 20:58:41.647000','admin','ZKEASOFT','2017-03-19 20:58:41.647000'),('164','604b2461f7c545e28dbb21fb15def5c7','2',1,7,'admin','ZKEASOFT','2017-03-19 20:59:12.037000','admin','ZKEASOFT','2017-03-19 20:59:12.037000'),('165','80f365c7991a49a0b04aa11006018814','1',3,3,NULL,NULL,NULL,'admin','ZKEASOFT','2017-10-15 17:02:22.540000'),('17','00f62c5acfe840e0bee3ca2979f0f025','6',4,2,'admin','ZKEASOFT','2016-03-09 14:14:33.683000','admin','ZKEASOFT','2016-03-09 14:14:33.683000'),('18','00f62c5acfe840e0bee3ca2979f0f025','6',3,3,'admin','ZKEASOFT','2016-03-09 14:14:50.897000','admin','ZKEASOFT','2016-03-09 14:14:50.897000'),('19','f6f11ba2fec844de883acf0a1fe3eb89','7',2,1,'admin','ZKEASOFT','2016-03-09 14:15:44.233000','admin','ZKEASOFT','2016-03-09 14:15:44.233000'),('1c8ddf59f53f453188ce9c115f648a85','7f77f09c3fcd4d498a4aa3b1c9508d7d','80cb176412cf457a81ae7a1f9fa33ef6',1,1,'admin','ZKEASOFT','2017-10-15 17:03:36.227000','admin','ZKEASOFT','2017-10-15 17:03:36.227000'),('20','f6f11ba2fec844de883acf0a1fe3eb89','7',4,2,'admin','ZKEASOFT','2016-03-09 14:15:44.237000','admin','ZKEASOFT','2016-03-09 14:15:44.237000'),('21','f6f11ba2fec844de883acf0a1fe3eb89','7',3,3,'admin','ZKEASOFT','2016-03-09 14:15:44.240000','admin','ZKEASOFT','2016-03-09 14:15:44.240000'),('22','481574ebc98b4cdf9a07e3f20c1ab78d','8',2,1,'admin','ZKEASOFT','2016-03-09 14:15:48.877000','admin','ZKEASOFT','2016-03-09 14:15:48.877000'),('2261e8417e5541d5bbde6c743cdcfb7c','e0783dbbcc564322a1f2e3ca2833dbd4','0015be62210742c083c3a9dad4b72fb5',1,4,'admin','ZKEASOFT','2017-10-15 18:11:36.757000','admin','ZKEASOFT','2017-10-15 18:11:36.757000'),('23','481574ebc98b4cdf9a07e3f20c1ab78d','8',4,2,'admin','ZKEASOFT','2016-03-09 14:15:48.877000','admin','ZKEASOFT','2016-03-09 14:15:48.877000'),('24','481574ebc98b4cdf9a07e3f20c1ab78d','8',3,3,'admin','ZKEASOFT','2016-03-09 14:15:48.880000','admin','ZKEASOFT','2016-03-09 14:15:48.880000'),('25','b568ff7f4a894870adaf9afadf787bf9','9',2,1,'admin','ZKEASOFT','2016-03-09 14:21:44.433000','admin','ZKEASOFT','2016-03-09 14:21:44.433000'),('26','b568ff7f4a894870adaf9afadf787bf9','9',3,2,'admin','ZKEASOFT','2016-03-09 14:21:53.837000','admin','ZKEASOFT','2016-03-09 14:21:53.837000'),('27','b568ff7f4a894870adaf9afadf787bf9','10',2,1,'admin','ZKEASOFT','2016-03-09 14:22:35.620000','admin','ZKEASOFT','2016-03-09 14:22:35.620000'),('28','b568ff7f4a894870adaf9afadf787bf9','10',3,2,'admin','ZKEASOFT','2016-03-09 14:24:34.193000','admin','ZKEASOFT','2016-03-09 14:24:34.193000'),('29','55b73e54fd054de4847960bdac350c6d','11',2,1,'admin','ZKEASOFT','2016-03-09 14:33:40.580000','admin','ZKEASOFT','2016-03-09 14:33:40.580000'),('2fde1f872b9d423d87866cb4e1d4e9fb','604b2461f7c545e28dbb21fb15def5c7','2',1,6,'admin','ZKEASOFT','2017-10-15 17:18:30.710000','admin','ZKEASOFT','2017-10-15 17:18:30.710000'),('3','604b2461f7c545e28dbb21fb15def5c7','2',1,2,'admin',NULL,'2015-09-01 10:15:07.310000','admin',NULL,'2015-09-01 10:15:07.310000'),('30','55b73e54fd054de4847960bdac350c6d','11',3,3,'admin','ZKEASOFT','2016-03-09 14:33:40.580000','admin','ZKEASOFT','2016-03-09 14:33:40.580000'),('31','55b73e54fd054de4847960bdac350c6d','12',2,1,'admin','ZKEASOFT','2016-03-09 14:33:40.587000','admin','ZKEASOFT','2016-03-09 14:33:40.587000'),('32','55b73e54fd054de4847960bdac350c6d','12',3,3,'admin','ZKEASOFT','2016-03-09 14:33:40.587000','admin','ZKEASOFT','2016-03-09 14:33:40.587000'),('33','55b73e54fd054de4847960bdac350c6d','11',4,2,'admin','ZKEASOFT','2016-03-09 14:34:38.457000','admin','ZKEASOFT','2016-03-09 14:34:38.457000'),('34','55b73e54fd054de4847960bdac350c6d','12',4,2,'admin','ZKEASOFT','2016-03-09 14:34:51.847000','admin','ZKEASOFT','2016-03-09 14:34:51.847000'),('35','ed837392097f4e60b812bc57111dd762','13',2,1,'admin','ZKEASOFT','2016-03-09 14:36:24.470000','admin','ZKEASOFT','2016-03-09 14:36:24.470000'),('36','ed837392097f4e60b812bc57111dd762','13',3,2,'admin','ZKEASOFT','2016-03-09 14:36:24.470000','admin','ZKEASOFT','2016-03-09 14:36:24.470000'),('37','ed837392097f4e60b812bc57111dd762','14',2,1,'admin','ZKEASOFT','2016-03-09 14:36:24.490000','admin','ZKEASOFT','2016-03-09 14:36:24.490000'),('38','ed837392097f4e60b812bc57111dd762','14',3,2,'admin','ZKEASOFT','2016-03-09 14:36:24.493000','admin','ZKEASOFT','2016-03-09 14:36:24.493000'),('39','ed837392097f4e60b812bc57111dd762','15',2,1,'admin','ZKEASOFT','2016-03-09 14:38:16.067000','admin','ZKEASOFT','2016-03-09 14:38:16.067000'),('4','604b2461f7c545e28dbb21fb15def5c7','2',1,5,NULL,NULL,NULL,'admin','ZKEASOFT','2017-10-15 17:18:02.197000'),('40','ed837392097f4e60b812bc57111dd762','15',3,2,'admin','ZKEASOFT','2016-03-09 14:38:27.630000','admin','ZKEASOFT','2016-03-09 14:38:27.630000'),('41','1fb967867e3b440e86336bc5a51e8719','16',2,1,'admin','ZKEASOFT','2016-03-09 14:40:26.777000','admin','ZKEASOFT','2016-03-09 14:40:26.777000'),('42','1fb967867e3b440e86336bc5a51e8719','16',3,3,'admin','ZKEASOFT','2016-03-09 14:40:26.780000','admin','ZKEASOFT','2016-03-09 14:40:26.780000'),('43','1fb967867e3b440e86336bc5a51e8719','17',2,1,'admin','ZKEASOFT','2016-03-09 14:40:26.783000','admin','ZKEASOFT','2016-03-09 14:40:26.783000'),('44','1fb967867e3b440e86336bc5a51e8719','17',3,3,'admin','ZKEASOFT','2016-03-09 14:40:26.783000','admin','ZKEASOFT','2016-03-09 14:40:26.783000'),('45','1fb967867e3b440e86336bc5a51e8719','18',2,1,'admin','ZKEASOFT','2016-03-09 14:40:26.787000','admin','ZKEASOFT','2016-03-09 14:40:26.787000'),('45add364d0574b3687908dea124e429f','e0783dbbcc564322a1f2e3ca2833dbd4','0015be62210742c083c3a9dad4b72fb5',1,3,'admin','ZKEASOFT','2017-10-15 18:11:36.757000','admin','ZKEASOFT','2017-10-15 18:11:36.757000'),('46','1fb967867e3b440e86336bc5a51e8719','18',3,3,'admin','ZKEASOFT','2016-03-09 14:40:26.787000','admin','ZKEASOFT','2016-03-09 14:40:26.787000'),('47','1fb967867e3b440e86336bc5a51e8719','16',4,2,'admin','ZKEASOFT','2016-03-09 14:41:13.710000','admin','ZKEASOFT','2016-03-09 14:41:13.710000'),('48','1fb967867e3b440e86336bc5a51e8719','17',4,2,'admin','ZKEASOFT','2016-03-09 14:42:01.137000','admin','ZKEASOFT','2016-03-09 14:42:01.137000'),('49','1fb967867e3b440e86336bc5a51e8719','18',4,2,'admin','ZKEASOFT','2016-03-09 14:42:20.190000','admin','ZKEASOFT','2016-03-09 14:42:20.190000'),('5','604b2461f7c545e28dbb21fb15def5c7','2',1,1,NULL,NULL,NULL,'admin','ZKEASOFT','2017-10-15 17:17:12.377000'),('513f11827367468a9fc870ac534cbc6a','88ab49212dee47bba878a52bec86f501','50082fd30e01404fbb4fe6101353b1d5',3,3,'admin','ZKEASOFT','2017-10-15 18:11:36.803000','admin','ZKEASOFT','2017-10-15 18:11:36.803000'),('6','604b2461f7c545e28dbb21fb15def5c7','2',1,3,'admin','ZKEASOFT','2016-03-01 10:45:25.393000','admin','ZKEASOFT','2016-03-01 10:45:25.393000'),('6c34eb97f4d142cf92485f496aa7749b','e0783dbbcc564322a1f2e3ca2833dbd4','0015be62210742c083c3a9dad4b72fb5',1,2,'admin','ZKEASOFT','2017-10-15 18:11:36.753000','admin','ZKEASOFT','2017-10-15 18:11:36.753000'),('81f7765ff0e649c1b7912c482be6195c','e0783dbbcc564322a1f2e3ca2833dbd4','0015be62210742c083c3a9dad4b72fb5',1,1,'admin','ZKEASOFT','2017-10-15 18:11:36.747000','admin','ZKEASOFT','2017-10-15 18:11:36.747000'),('8308cd484f8d450da9bfadc11398b302','e0783dbbcc564322a1f2e3ca2833dbd4','0015be62210742c083c3a9dad4b72fb5',1,6,'admin','ZKEASOFT','2017-10-15 18:11:36.763000','admin','ZKEASOFT','2017-10-15 18:11:36.763000'),('cfa29c5af91141598e9ade186f1ba4ba','7e7a1d5b8d644333a7b3341509fc960f','9ce2c15af93c4fd782e17a1e7e35963f',3,2,'admin','ZKEASOFT','2017-10-15 18:11:36.783000','admin','ZKEASOFT','2017-10-15 18:11:36.783000'),('e748a75135904442860c52822af33c7d','7f77f09c3fcd4d498a4aa3b1c9508d7d','80cb176412cf457a81ae7a1f9fa33ef6',3,2,'admin','ZKEASOFT','2017-10-15 17:04:41.027000','admin','ZKEASOFT','2017-10-15 17:04:41.027000'),('e8b4787cc6f240a8bfcae2ac26e06d79','7e7a1d5b8d644333a7b3341509fc960f','9ce2c15af93c4fd782e17a1e7e35963f',1,1,'admin','ZKEASOFT','2017-10-15 18:11:36.783000','admin','ZKEASOFT','2017-10-15 18:11:36.783000');
/*!40000 ALTER TABLE `sectioncontent` ENABLE KEYS */;
UNLOCK TABLES;

--
-- Table structure for table `sectioncontentcalltoaction`
--

DROP TABLE IF EXISTS `sectioncontentcalltoaction`;
/*!40101 SET @saved_cs_client     = @@character_set_client */;
/*!40101 SET character_set_client = utf8 */;
CREATE TABLE `sectioncontentcalltoaction` (
  `ID` varchar(100) NOT NULL,
  `SectionWidgetId` varchar(100) NOT NULL,
  `InnerText` varchar(255) DEFAULT NULL,
  `Href` varchar(255) DEFAULT NULL,
  PRIMARY KEY (`ID`)
) ENGINE=InnoDB DEFAULT CHARSET=utf8;
/*!40101 SET character_set_client = @saved_cs_client */;

--
-- Dumping data for table `sectioncontentcalltoaction`
--

LOCK TABLES `sectioncontentcalltoaction` WRITE;
/*!40000 ALTER TABLE `sectioncontentcalltoaction` DISABLE KEYS */;
INSERT INTO `sectioncontentcalltoaction` VALUES ('083536d64b2f4840aa548e7117eb5c8d','e0783dbbcc564322a1f2e3ca2833dbd4','许可协议','http://www.zkea.net/licenses'),('08f659a819194f7ca0a41b668a2dee13','88ab49212dee47bba878a52bec86f501','登录后台','~/admin'),('1','80f365c7991a49a0b04aa11006018814','登录后台','~/admin'),('11fb7122ccd24686876238c6138aead2','e0783dbbcc564322a1f2e3ca2833dbd4','ZKEACMS(.Net4)','http://www.zkea.net/zkeacms'),('163','604b2461f7c545e28dbb21fb15def5c7','商业授权','http://www.zkea.net/zkeacms/price'),('164','604b2461f7c545e28dbb21fb15def5c7','许可协议','http://www.zkea.net/licenses'),('1c8ddf59f53f453188ce9c115f648a85','7f77f09c3fcd4d498a4aa3b1c9508d7d','个人中心','/Account'),('2261e8417e5541d5bbde6c743cdcfb7c','e0783dbbcc564322a1f2e3ca2833dbd4','商业授权','http://www.zkea.net/zkeacms/price'),('2fde1f872b9d423d87866cb4e1d4e9fb','604b2461f7c545e28dbb21fb15def5c7','开发文档','http://www.zkea.net/zkeacms/document'),('3','604b2461f7c545e28dbb21fb15def5c7','GitHub','https://github.com/SeriaWei/ZKEACMS.Core'),('4','604b2461f7c545e28dbb21fb15def5c7','ZKEACMS(.Net4)','http://www.zkea.net/zkeacms'),('45add364d0574b3687908dea124e429f','e0783dbbcc564322a1f2e3ca2833dbd4','开源中国','http://git.oschina.net/seriawei/ZKEACMS.Core'),('5','604b2461f7c545e28dbb21fb15def5c7','官方网站','http://www.zkea.net'),('6','604b2461f7c545e28dbb21fb15def5c7','开源中国','http://git.oschina.net/seriawei/ZKEACMS.Core'),('6c34eb97f4d142cf92485f496aa7749b','e0783dbbcc564322a1f2e3ca2833dbd4','GitHub','https://github.com/SeriaWei/ZKEACMS.Core'),('81f7765ff0e649c1b7912c482be6195c','e0783dbbcc564322a1f2e3ca2833dbd4','官方网站','http://www.zkea.net'),('8308cd484f8d450da9bfadc11398b302','e0783dbbcc564322a1f2e3ca2833dbd4','开发文档','http://www.zkea.net/zkeacms/document'),('e8b4787cc6f240a8bfcae2ac26e06d79','7e7a1d5b8d644333a7b3341509fc960f','个人中心','/Account');
/*!40000 ALTER TABLE `sectioncontentcalltoaction` ENABLE KEYS */;
UNLOCK TABLES;

--
-- Table structure for table `sectioncontentimage`
--

DROP TABLE IF EXISTS `sectioncontentimage`;
/*!40101 SET @saved_cs_client     = @@character_set_client */;
/*!40101 SET character_set_client = utf8 */;
CREATE TABLE `sectioncontentimage` (
  `ID` varchar(100) NOT NULL,
  `SectionWidgetId` varchar(100) NOT NULL,
  `ImageSrc` varchar(255) DEFAULT NULL,
  `ImageAlt` varchar(255) DEFAULT NULL,
  `ImageTitle` varchar(255) DEFAULT NULL,
  `Href` varchar(255) DEFAULT NULL,
  `Width` int(11) DEFAULT NULL,
  `Height` int(11) DEFAULT NULL,
  PRIMARY KEY (`ID`)
) ENGINE=InnoDB DEFAULT CHARSET=utf8;
/*!40101 SET character_set_client = @saved_cs_client */;

--
-- Dumping data for table `sectioncontentimage`
--

LOCK TABLES `sectioncontentimage` WRITE;
/*!40000 ALTER TABLE `sectioncontentimage` DISABLE KEYS */;
INSERT INTO `sectioncontentimage` VALUES ('13','2b3eb61307d24c50a6b3aaa75db3810e','~/images/01.jpg',NULL,NULL,NULL,NULL,NULL),('16','00f62c5acfe840e0bee3ca2979f0f025','~/images/02.jpg',NULL,NULL,NULL,NULL,NULL),('19','f6f11ba2fec844de883acf0a1fe3eb89','~/images/04.jpg',NULL,NULL,NULL,NULL,NULL),('22','481574ebc98b4cdf9a07e3f20c1ab78d','~/images/03.jpg',NULL,NULL,NULL,NULL,NULL),('25','b568ff7f4a894870adaf9afadf787bf9','~/images/05.jpg',NULL,NULL,NULL,NULL,NULL),('27','b568ff7f4a894870adaf9afadf787bf9','~/images/06.jpg',NULL,NULL,NULL,NULL,NULL),('29','55b73e54fd054de4847960bdac350c6d','~/images/07.jpg',NULL,NULL,NULL,NULL,NULL),('31','55b73e54fd054de4847960bdac350c6d','~/images/08.jpg',NULL,NULL,NULL,NULL,NULL),('35','ed837392097f4e60b812bc57111dd762','~/images/09.jpg',NULL,NULL,NULL,NULL,NULL),('37','ed837392097f4e60b812bc57111dd762','~/images/10.jpg',NULL,NULL,NULL,NULL,NULL),('39','ed837392097f4e60b812bc57111dd762','~/images/11.jpg',NULL,NULL,NULL,NULL,NULL),('41','1fb967867e3b440e86336bc5a51e8719','~/images/12.jpg',NULL,NULL,NULL,NULL,NULL),('43','1fb967867e3b440e86336bc5a51e8719','~/images/13.jpg',NULL,NULL,NULL,NULL,NULL),('45','1fb967867e3b440e86336bc5a51e8719','~/images/14.jpg',NULL,NULL,NULL,NULL,NULL);
/*!40000 ALTER TABLE `sectioncontentimage` ENABLE KEYS */;
UNLOCK TABLES;

--
-- Table structure for table `sectioncontentparagraph`
--

DROP TABLE IF EXISTS `sectioncontentparagraph`;
/*!40101 SET @saved_cs_client     = @@character_set_client */;
/*!40101 SET character_set_client = utf8 */;
CREATE TABLE `sectioncontentparagraph` (
  `ID` varchar(100) NOT NULL,
  `SectionWidgetId` varchar(100) NOT NULL,
  `HtmlContent` longtext,
  PRIMARY KEY (`ID`)
) ENGINE=InnoDB DEFAULT CHARSET=utf8;
/*!40101 SET character_set_client = @saved_cs_client */;

--
-- Dumping data for table `sectioncontentparagraph`
--

LOCK TABLES `sectioncontentparagraph` WRITE;
/*!40000 ALTER TABLE `sectioncontentparagraph` DISABLE KEYS */;
INSERT INTO `sectioncontentparagraph` VALUES ('106','f41174cfa4d247f4974c47f4d2b000fd','<p><a href=\"https://github.com/SeriaWei/ASP.NET-MVC-CMS\">ZKEACMS</a>是基于<a href=\"http://www.zkea.net/easyframework\">EasyFrameWork</a>，使用ASP.NET MVC4开发的开源CMS。</p>\r\n<p>ZKEACMS一个内容管理软件（网站）。ZKEACMS不仅只是管理内容，更是重新定义了布局、页面和组件，让用户可以自由规划页面的布局，页面和内容。</p>\r\n<p>ZKEACMS使用可视化编辑设计，真正做到所见即所得，可直接在预览页面上设计页面。</p>\r\n<p>ZKEACMS采用插件式设计，支持扩展新插件。</p>'),('108','f41174cfa4d247f4974c47f4d2b000fd','<p><a href=\"https://github.com/SeriaWei/ASP.NET-MVC-CMS\">ZKEACMS</a>是基于<a href=\"http://www.zkea.net/easyframework\">EasyFrameWork</a>，使用ASP.NET MVC4开发的开源CMS。</p>\r\n<p>ZKEACMS一个内容管理软件（网站）。ZKEACMS不仅只是管理内容，更是重新定义了布局、页面和组件，让用户可以自由规划页面的布局，页面和内容。</p>\r\n<p>ZKEACMS使用可视化编辑设计，真正做到所见即所得，可直接在预览页面上设计页面。</p>\r\n<p>ZKEACMS采用插件式设计，支持扩展新插件。</p>'),('110','0f66ab8ff0df44e2b5e57fd8d8c5d8ff','<p>主要集中在已进入中国市场的跨国公司、行业领先的外企、知名的中国大中企业和更多成长迅速的新兴企业。</p>\r\n<p>尤其擅长为中外企业推荐中、高层管理职位和关键技术职位，帮助其迅速搭建及完善起一支高适配性的专业化管理团队。</p>'),('112','0f66ab8ff0df44e2b5e57fd8d8c5d8ff','<p>主要集中在已进入中国市场的跨国公司、行业领先的外企、知名的中国大中企业和更多成长迅速的新兴企业。</p>\r\n<p>尤其擅长为中外企业推荐中、高层管理职位和关键技术职位，帮助其迅速搭建及完善起一支高适配性的专业化管理团队。</p>'),('114','0f66ab8ff0df44e2b5e57fd8d8c5d8ff','<p>主要集中在已进入中国市场的跨国公司、行业领先的外企、知名的中国大中企业和更多成长迅速的新兴企业。</p>\r\n<p>尤其擅长为中外企业推荐中、高层管理职位和关键技术职位，帮助其迅速搭建及完善起一支高适配性的专业化管理团队。</p>'),('15','2b3eb61307d24c50a6b3aaa75db3810e','<p>主要集中在已进入中国市场的跨国公司、行业领先的外企、知名的中国大中企业和更多成长迅速的新兴企业。</p>\r\n<p>尤其擅长为中外企业推荐中、高层管理职位和关键技术职位，帮助其迅速搭建及完善起一支高适配性的专业化管理团队。</p>'),('165','80f365c7991a49a0b04aa11006018814','<p>用户名,密码:admin</p>'),('18','00f62c5acfe840e0bee3ca2979f0f025','<p>主要集中在已进入中国市场的跨国公司、行业领先的外企、知名的中国大中企业和更多成长迅速的新兴企业。</p>\r\n<p>尤其擅长为中外企业推荐中、高层管理职位和关键技术职位，帮助其迅速搭建及完善起一支高适配性的专业化管理团队。</p>'),('21','f6f11ba2fec844de883acf0a1fe3eb89','<p>ZKEACMS一个内容管理软件（网站）。ZKEACMS不仅只是管理内容，更是重新定义了布局、页面和组件，让用户可以自由规划页面的布局，页面和内容。</p>\r\n<p>ZKEACMS使用可视化编辑设计，真正做到所见即所得，可直接在预览页面上设计页面。</p>'),('24','481574ebc98b4cdf9a07e3f20c1ab78d','<p>主要集中在已进入中国市场的跨国公司、行业领先的外企、知名的中国大中企业和更多成长迅速的新兴企业。</p>\r\n<p>尤其擅长为中外企业推荐中、高层管理职位和关键技术职位，帮助其迅速搭建及完善起一支高适配性的专业化管理团队。</p>'),('26','b568ff7f4a894870adaf9afadf787bf9','<p><span>在建筑设计市场向国际化接轨的过程中，</span><span>建筑工程结构设计必将占据越来越重要的位置。</span></p>'),('28','b568ff7f4a894870adaf9afadf787bf9','<p><span>在建筑设计市场向国际化接轨的过程中，</span><span>建筑工程结构设计必将占据越来越重要的位置。</span></p>'),('30','55b73e54fd054de4847960bdac350c6d','<p><span>在建筑设计市场向国际化接轨的过程中，</span><span>建筑工程结构设计必将占据越来越重要的位置。</span></p>'),('32','55b73e54fd054de4847960bdac350c6d','<p><span>在建筑设计市场向国际化接轨的过程中，</span><span>建筑工程结构设计必将占据越来越重要的位置。</span></p>'),('36','ed837392097f4e60b812bc57111dd762','<p><span>由石油炼制获得的汽油、</span><span>喷气燃料、柴油，重油等液体燃料。</span></p>'),('38','ed837392097f4e60b812bc57111dd762','<p><span>由石油炼制获得的汽油、</span><span>喷气燃料、柴油，重油等液体燃料。</span></p>'),('40','ed837392097f4e60b812bc57111dd762','<p><span>由石油炼制获得的汽油、</span><span>喷气燃料、柴油，重油等液体燃料。</span></p>'),('42','1fb967867e3b440e86336bc5a51e8719','<p><span>在建筑设计市场向国际化接轨的过程中，</span><span>建筑工程结构设计必将占据越来越重要的位置。</span></p>'),('44','1fb967867e3b440e86336bc5a51e8719','<p><span>由石油炼制获得的汽油、</span><span>喷气燃料、柴油，重油等液体燃料。</span></p>'),('46','1fb967867e3b440e86336bc5a51e8719','<p><span>我国汽车工业的现状喜忧参半，</span><span>展望我国汽车工业的未来风险与机遇并存。</span></p>'),('513f11827367468a9fc870ac534cbc6a','88ab49212dee47bba878a52bec86f501','<p>用户名,密码:admin</p>'),('cfa29c5af91141598e9ade186f1ba4ba','7e7a1d5b8d644333a7b3341509fc960f','<p>前端用户注册，用户管理</p>'),('e748a75135904442860c52822af33c7d','7f77f09c3fcd4d498a4aa3b1c9508d7d','<p>前端用户注册，用户管理</p>');
/*!40000 ALTER TABLE `sectioncontentparagraph` ENABLE KEYS */;
UNLOCK TABLES;

--
-- Table structure for table `sectioncontenttitle`
--

DROP TABLE IF EXISTS `sectioncontenttitle`;
/*!40101 SET @saved_cs_client     = @@character_set_client */;
/*!40101 SET character_set_client = utf8 */;
CREATE TABLE `sectioncontenttitle` (
  `ID` varchar(100) NOT NULL,
  `SectionWidgetId` varchar(100) NOT NULL,
  `InnerText` varchar(255) DEFAULT NULL,
  `Href` varchar(255) DEFAULT NULL,
  `TitleLevel` varchar(10) DEFAULT NULL,
  PRIMARY KEY (`ID`)
) ENGINE=InnoDB DEFAULT CHARSET=utf8;
/*!40101 SET character_set_client = @saved_cs_client */;

--
-- Dumping data for table `sectioncontenttitle`
--

LOCK TABLES `sectioncontenttitle` WRITE;
/*!40000 ALTER TABLE `sectioncontenttitle` DISABLE KEYS */;
INSERT INTO `sectioncontenttitle` VALUES ('105','f41174cfa4d247f4974c47f4d2b000fd','ZKEACMS',NULL,NULL),('107','f41174cfa4d247f4974c47f4d2b000fd','ZKEACMS',NULL,NULL),('109','0f66ab8ff0df44e2b5e57fd8d8c5d8ff','WHY CHOOSE US?',NULL,NULL),('111','0f66ab8ff0df44e2b5e57fd8d8c5d8ff','WHY CHOOSE US?',NULL,NULL),('113','0f66ab8ff0df44e2b5e57fd8d8c5d8ff','WHY CHOOSE US?',NULL,NULL),('14','2b3eb61307d24c50a6b3aaa75db3810e','WHY CHOOSE US?',NULL,NULL),('17','00f62c5acfe840e0bee3ca2979f0f025','WHY CHOOSE US?',NULL,NULL),('20','f6f11ba2fec844de883acf0a1fe3eb89','WHY CHOOSE US?',NULL,NULL),('23','481574ebc98b4cdf9a07e3f20c1ab78d','WHY CHOOSE US?',NULL,NULL),('33','55b73e54fd054de4847960bdac350c6d','建筑业',NULL,NULL),('34','55b73e54fd054de4847960bdac350c6d','能源化工',NULL,NULL),('47','1fb967867e3b440e86336bc5a51e8719','建筑业',NULL,NULL),('48','1fb967867e3b440e86336bc5a51e8719','能源化工',NULL,NULL),('49','1fb967867e3b440e86336bc5a51e8719','汽车业',NULL,NULL);
/*!40000 ALTER TABLE `sectioncontenttitle` ENABLE KEYS */;
UNLOCK TABLES;

--
-- Table structure for table `sectioncontentvideo`
--

DROP TABLE IF EXISTS `sectioncontentvideo`;
/*!40101 SET @saved_cs_client     = @@character_set_client */;
/*!40101 SET character_set_client = utf8 */;
CREATE TABLE `sectioncontentvideo` (
  `ID` varchar(100) NOT NULL,
  `VideoTitle` varchar(200) DEFAULT NULL,
  `Thumbnail` varchar(200) DEFAULT NULL,
  `SectionWidgetId` varchar(100) NOT NULL,
  `Width` int(11) DEFAULT NULL,
  `Height` int(11) DEFAULT NULL,
  `Url` varchar(256) DEFAULT NULL,
  `Code` longtext,
  PRIMARY KEY (`ID`)
) ENGINE=InnoDB DEFAULT CHARSET=utf8;
/*!40101 SET character_set_client = @saved_cs_client */;

--
-- Dumping data for table `sectioncontentvideo`
--

LOCK TABLES `sectioncontentvideo` WRITE;
/*!40000 ALTER TABLE `sectioncontentvideo` DISABLE KEYS */;
/*!40000 ALTER TABLE `sectioncontentvideo` ENABLE KEYS */;
UNLOCK TABLES;

--
-- Table structure for table `sectiongroup`
--

DROP TABLE IF EXISTS `sectiongroup`;
/*!40101 SET @saved_cs_client     = @@character_set_client */;
/*!40101 SET character_set_client = utf8 */;
CREATE TABLE `sectiongroup` (
  `ID` varchar(100) NOT NULL,
  `GroupName` varchar(255) DEFAULT NULL,
  `SectionWidgetId` varchar(100) NOT NULL,
  `PartialView` varchar(100) DEFAULT NULL,
  `Order` int(11) DEFAULT NULL,
  `CreateBy` varchar(50) DEFAULT NULL,
  `CreatebyName` varchar(100) DEFAULT NULL,
  `CreateDate` datetime(6) DEFAULT NULL,
  `LastUpdateBy` varchar(50) DEFAULT NULL,
  `LastUpdateByName` varchar(100) DEFAULT NULL,
  `LastUpdateDate` datetime(6) DEFAULT NULL,
  `PercentWidth` varchar(100) DEFAULT NULL,
  PRIMARY KEY (`ID`),
  KEY `FK_SectionGroup_SectionGroup_Template` (`PartialView`),
  KEY `FK_SectionGroup_SectionWidget` (`SectionWidgetId`),
  CONSTRAINT `FK_SectionGroup_SectionGroup_Template` FOREIGN KEY (`PartialView`) REFERENCES `sectiontemplate` (`TemplateName`) ON DELETE NO ACTION ON UPDATE NO ACTION,
  CONSTRAINT `FK_SectionGroup_SectionWidget` FOREIGN KEY (`SectionWidgetId`) REFERENCES `sectionwidget` (`ID`) ON DELETE NO ACTION ON UPDATE NO ACTION
) ENGINE=InnoDB DEFAULT CHARSET=utf8;
/*!40101 SET character_set_client = @saved_cs_client */;

--
-- Dumping data for table `sectiongroup`
--

LOCK TABLES `sectiongroup` WRITE;
/*!40000 ALTER TABLE `sectiongroup` DISABLE KEYS */;
INSERT INTO `sectiongroup` VALUES ('0015be62210742c083c3a9dad4b72fb5','组1','e0783dbbcc564322a1f2e3ca2833dbd4','SectionTemplate.Default',0,'admin','ZKEASOFT','2017-10-15 18:11:36.740000','admin','ZKEASOFT','2017-10-15 18:11:36.740000',NULL),('1','组1','80f365c7991a49a0b04aa11006018814','SectionTemplate.Default',0,NULL,NULL,NULL,NULL,NULL,NULL,NULL),('10','右','b568ff7f4a894870adaf9afadf787bf9','SectionTemplate.Default',2,NULL,NULL,NULL,NULL,NULL,NULL,'col-sm-6'),('11','左','55b73e54fd054de4847960bdac350c6d','SectionTemplate.Default',1,NULL,NULL,NULL,NULL,NULL,NULL,'col-sm-6'),('12','右','55b73e54fd054de4847960bdac350c6d','SectionTemplate.Default',2,NULL,NULL,NULL,NULL,NULL,NULL,'col-sm-6'),('13','左','ed837392097f4e60b812bc57111dd762','SectionTemplate.Default',1,NULL,NULL,NULL,NULL,NULL,NULL,'col-sm-4'),('14','中','ed837392097f4e60b812bc57111dd762','SectionTemplate.Default',2,NULL,NULL,NULL,NULL,NULL,NULL,'col-sm-4'),('15','右','ed837392097f4e60b812bc57111dd762','SectionTemplate.Default',3,NULL,NULL,NULL,NULL,NULL,NULL,'col-sm-4'),('16','左','1fb967867e3b440e86336bc5a51e8719','SectionTemplate.Default',1,NULL,NULL,NULL,NULL,NULL,NULL,'col-sm-4'),('17','中','1fb967867e3b440e86336bc5a51e8719','SectionTemplate.Default',2,NULL,NULL,NULL,NULL,NULL,NULL,'col-sm-4'),('18','右','1fb967867e3b440e86336bc5a51e8719','SectionTemplate.Default',3,NULL,NULL,NULL,NULL,NULL,NULL,'col-sm-4'),('2','组1','604b2461f7c545e28dbb21fb15def5c7','SectionTemplate.Default',0,NULL,NULL,NULL,NULL,NULL,NULL,NULL),('40','左','f41174cfa4d247f4974c47f4d2b000fd','SectionTemplate.Default',1,NULL,NULL,NULL,NULL,NULL,NULL,'col-sm-6'),('41','右','f41174cfa4d247f4974c47f4d2b000fd','SectionTemplate.Default',2,NULL,NULL,NULL,NULL,NULL,NULL,'col-sm-6'),('42','左','0f66ab8ff0df44e2b5e57fd8d8c5d8ff','SectionTemplate.Default',1,NULL,NULL,NULL,NULL,NULL,NULL,'col-sm-4'),('43','右','0f66ab8ff0df44e2b5e57fd8d8c5d8ff','SectionTemplate.Default',3,NULL,NULL,NULL,NULL,NULL,NULL,'col-sm-4'),('44','中','0f66ab8ff0df44e2b5e57fd8d8c5d8ff','SectionTemplate.Default',2,NULL,NULL,NULL,NULL,NULL,NULL,'col-sm-4'),('5','G1','2b3eb61307d24c50a6b3aaa75db3810e','SectionTemplate.ListView',1,NULL,NULL,NULL,NULL,NULL,NULL,NULL),('50082fd30e01404fbb4fe6101353b1d5','组1','88ab49212dee47bba878a52bec86f501','SectionTemplate.Default',0,'admin','ZKEASOFT','2017-10-15 18:11:36.800000','admin','ZKEASOFT','2017-10-15 18:11:36.800000',NULL),('6','G1','00f62c5acfe840e0bee3ca2979f0f025','SectionTemplate.ImageRight',1,NULL,NULL,NULL,NULL,NULL,NULL,NULL),('7','G1','f6f11ba2fec844de883acf0a1fe3eb89','SectionTemplate.ImageRight',1,NULL,NULL,NULL,NULL,NULL,NULL,NULL),('8','G1','481574ebc98b4cdf9a07e3f20c1ab78d','SectionTemplate.ListView',1,NULL,NULL,NULL,NULL,NULL,NULL,NULL),('80cb176412cf457a81ae7a1f9fa33ef6','组1','7f77f09c3fcd4d498a4aa3b1c9508d7d','SectionTemplate.Default',1,'admin','ZKEASOFT','2017-10-15 17:03:17.247000','admin','ZKEASOFT','2017-10-15 17:03:17.247000',''),('9','左','b568ff7f4a894870adaf9afadf787bf9','SectionTemplate.Default',1,NULL,NULL,NULL,NULL,NULL,NULL,'col-sm-6'),('9ce2c15af93c4fd782e17a1e7e35963f','组1','7e7a1d5b8d644333a7b3341509fc960f','SectionTemplate.Default',1,'admin','ZKEASOFT','2017-10-15 18:11:36.780000','admin','ZKEASOFT','2017-10-15 18:11:36.780000','');
/*!40000 ALTER TABLE `sectiongroup` ENABLE KEYS */;
UNLOCK TABLES;

--
-- Table structure for table `sectiontemplate`
--

DROP TABLE IF EXISTS `sectiontemplate`;
/*!40101 SET @saved_cs_client     = @@character_set_client */;
/*!40101 SET character_set_client = utf8 */;
CREATE TABLE `sectiontemplate` (
  `TemplateName` varchar(100) NOT NULL,
  `Title` varchar(255) DEFAULT NULL,
  `Thumbnail` varchar(100) DEFAULT NULL,
  `ExampleData` varchar(100) DEFAULT NULL,
  `Status` int(11) DEFAULT NULL,
  `Description` varchar(500) DEFAULT NULL,
  `CreateBy` varchar(50) DEFAULT NULL,
  `CreatebyName` varchar(100) DEFAULT NULL,
  `CreateDate` datetime(6) DEFAULT NULL,
  `LastUpdateBy` varchar(50) DEFAULT NULL,
  `LastUpdateByName` varchar(100) DEFAULT NULL,
  `LastUpdateDate` datetime(6) DEFAULT NULL,
  PRIMARY KEY (`TemplateName`)
) ENGINE=InnoDB DEFAULT CHARSET=utf8;
/*!40101 SET character_set_client = @saved_cs_client */;

--
-- Dumping data for table `sectiontemplate`
--

LOCK TABLES `sectiontemplate` WRITE;
/*!40000 ALTER TABLE `sectiontemplate` DISABLE KEYS */;
INSERT INTO `sectiontemplate` VALUES ('SectionTemplate.Column','左右','Thumbnail\\SectionTemplate.Column.png','Thumbnail\\SectionTemplate.Column.xml',1,NULL,NULL,NULL,NULL,NULL,NULL,NULL),('SectionTemplate.Default','默认','Thumbnail\\SectionTemplate.Default.png','Thumbnail\\SectionTemplate.Default.xml',1,NULL,NULL,NULL,NULL,NULL,NULL,NULL),('SectionTemplate.ImageRight','图片右','Thumbnail\\SectionTemplate.ImageRight.png','Thumbnail\\SectionTemplate.ImageRight.xml',1,NULL,NULL,NULL,NULL,NULL,NULL,NULL),('SectionTemplate.LinkGroup','链接组','Thumbnail\\SectionTemplate.LinkGroup.png','Thumbnail\\SectionTemplate.LinkGroup.xml',1,NULL,NULL,NULL,NULL,NULL,NULL,NULL),('SectionTemplate.ListGroup','列表组','Thumbnail\\SectionTemplate.ListGroup.png','Thumbnail\\SectionTemplate.ListGroup.xml',1,NULL,NULL,NULL,NULL,NULL,NULL,NULL),('SectionTemplate.ListView','媒体列表','Thumbnail\\SectionTemplate.ListView.png','Thumbnail\\SectionTemplate.ListView.xml',1,NULL,NULL,NULL,NULL,NULL,NULL,NULL),('SectionTemplate.Thumbnail','缩略图','Thumbnail\\SectionTemplate.Thumbnail.png','Thumbnail\\SectionTemplate.Thumbnail.xml',1,NULL,NULL,NULL,NULL,NULL,NULL,NULL);
/*!40000 ALTER TABLE `sectiontemplate` ENABLE KEYS */;
UNLOCK TABLES;

--
-- Table structure for table `sectionwidget`
--

DROP TABLE IF EXISTS `sectionwidget`;
/*!40101 SET @saved_cs_client     = @@character_set_client */;
/*!40101 SET character_set_client = utf8 */;
CREATE TABLE `sectionwidget` (
  `ID` varchar(100) NOT NULL,
  `SectionTitle` varchar(255) DEFAULT NULL,
  `IsHorizontal` tinyint(1) DEFAULT NULL,
  PRIMARY KEY (`ID`),
  CONSTRAINT `FK_SectionWidget_CMS_WidgetBase` FOREIGN KEY (`ID`) REFERENCES `cms_widgetbase` (`ID`) ON DELETE NO ACTION ON UPDATE NO ACTION
) ENGINE=InnoDB DEFAULT CHARSET=utf8;
/*!40101 SET character_set_client = @saved_cs_client */;

--
-- Dumping data for table `sectionwidget`
--

LOCK TABLES `sectionwidget` WRITE;
/*!40000 ALTER TABLE `sectionwidget` DISABLE KEYS */;
INSERT INTO `sectionwidget` VALUES ('00f62c5acfe840e0bee3ca2979f0f025',NULL,NULL),('0f66ab8ff0df44e2b5e57fd8d8c5d8ff',NULL,NULL),('1fb967867e3b440e86336bc5a51e8719',NULL,NULL),('2b3eb61307d24c50a6b3aaa75db3810e',NULL,NULL),('481574ebc98b4cdf9a07e3f20c1ab78d',NULL,NULL),('55b73e54fd054de4847960bdac350c6d',NULL,NULL),('604b2461f7c545e28dbb21fb15def5c7','相关链接',NULL),('7e7a1d5b8d644333a7b3341509fc960f',NULL,NULL),('7f77f09c3fcd4d498a4aa3b1c9508d7d',NULL,NULL),('80f365c7991a49a0b04aa11006018814','管理',NULL),('88ab49212dee47bba878a52bec86f501','管理',NULL),('b568ff7f4a894870adaf9afadf787bf9',NULL,NULL),('e0783dbbcc564322a1f2e3ca2833dbd4','相关链接',NULL),('ed837392097f4e60b812bc57111dd762',NULL,NULL),('f41174cfa4d247f4974c47f4d2b000fd',NULL,NULL),('f6f11ba2fec844de883acf0a1fe3eb89',NULL,NULL);
/*!40000 ALTER TABLE `sectionwidget` ENABLE KEYS */;
UNLOCK TABLES;

--
-- Table structure for table `stylesheetwidget`
--

DROP TABLE IF EXISTS `stylesheetwidget`;
/*!40101 SET @saved_cs_client     = @@character_set_client */;
/*!40101 SET character_set_client = utf8 */;
CREATE TABLE `stylesheetwidget` (
  `ID` varchar(100) NOT NULL,
  `StyleSheet` longtext,
  PRIMARY KEY (`ID`),
  CONSTRAINT `FK_StyleSheetWidget_CMS_WidgetBase` FOREIGN KEY (`ID`) REFERENCES `cms_widgetbase` (`ID`) ON DELETE NO ACTION ON UPDATE NO ACTION
) ENGINE=InnoDB DEFAULT CHARSET=utf8;
/*!40101 SET character_set_client = @saved_cs_client */;

--
-- Dumping data for table `stylesheetwidget`
--

LOCK TABLES `stylesheetwidget` WRITE;
/*!40000 ALTER TABLE `stylesheetwidget` DISABLE KEYS */;
/*!40000 ALTER TABLE `stylesheetwidget` ENABLE KEYS */;
UNLOCK TABLES;

--
-- Table structure for table `userrolerelation`
--

DROP TABLE IF EXISTS `userrolerelation`;
/*!40101 SET @saved_cs_client     = @@character_set_client */;
/*!40101 SET character_set_client = utf8 */;
CREATE TABLE `userrolerelation` (
  `ID` int(11) NOT NULL AUTO_INCREMENT,
  `RoleID` int(11) DEFAULT NULL,
  `UserID` varchar(50) DEFAULT NULL,
  PRIMARY KEY (`ID`),
  KEY `FK_UserRoleRelation_Roles` (`RoleID`),
  KEY `FK_UserRoleRelation_Users` (`UserID`),
  CONSTRAINT `FK_UserRoleRelation_Roles` FOREIGN KEY (`RoleID`) REFERENCES `roles` (`ID`) ON DELETE NO ACTION ON UPDATE NO ACTION,
  CONSTRAINT `FK_UserRoleRelation_Users` FOREIGN KEY (`UserID`) REFERENCES `users` (`UserID`) ON DELETE NO ACTION ON UPDATE NO ACTION
) ENGINE=InnoDB AUTO_INCREMENT=6 DEFAULT CHARSET=utf8;
/*!40101 SET character_set_client = @saved_cs_client */;

--
-- Dumping data for table `userrolerelation`
--

LOCK TABLES `userrolerelation` WRITE;
/*!40000 ALTER TABLE `userrolerelation` DISABLE KEYS */;
INSERT INTO `userrolerelation` VALUES (5,1,'admin');
/*!40000 ALTER TABLE `userrolerelation` ENABLE KEYS */;
UNLOCK TABLES;

--
-- Table structure for table `users`
--

DROP TABLE IF EXISTS `users`;
/*!40101 SET @saved_cs_client     = @@character_set_client */;
/*!40101 SET character_set_client = utf8 */;
CREATE TABLE `users` (
  `UserID` varchar(50) NOT NULL,
  `PassWord` varchar(255) DEFAULT NULL,
  `ApiLoginToken` varchar(255) DEFAULT NULL,
  `LastLoginDate` datetime(6) DEFAULT NULL,
  `LoginIP` varchar(50) DEFAULT NULL,
  `PhotoUrl` varchar(255) DEFAULT NULL,
  `Timestamp` bigint(20) DEFAULT NULL,
  `UserName` varchar(100) DEFAULT NULL,
  `UserTypeCD` int(11) DEFAULT NULL,
  `Address` varchar(255) DEFAULT NULL,
  `Age` int(11) DEFAULT NULL,
  `Birthday` datetime(6) DEFAULT NULL,
  `Birthplace` varchar(255) DEFAULT NULL,
  `Email` varchar(100) DEFAULT NULL,
  `EnglishName` varchar(50) DEFAULT NULL,
  `FirstName` varchar(50) DEFAULT NULL,
  `Hobby` varchar(100) DEFAULT NULL,
  `LastName` varchar(50) DEFAULT NULL,
  `MaritalStatus` int(11) DEFAULT NULL,
  `MobilePhone` varchar(50) DEFAULT NULL,
  `NickName` varchar(50) DEFAULT NULL,
  `Profession` varchar(50) DEFAULT NULL,
  `QQ` varchar(50) DEFAULT NULL,
  `School` varchar(50) DEFAULT NULL,
  `Sex` int(11) DEFAULT NULL,
  `Telephone` varchar(50) DEFAULT NULL,
  `ZipCode` varchar(50) DEFAULT NULL,
  `CreateBy` varchar(50) DEFAULT NULL,
  `CreatebyName` varchar(100) DEFAULT NULL,
  `CreateDate` datetime(6) DEFAULT NULL,
  `LastUpdateBy` varchar(50) DEFAULT NULL,
  `LastUpdateByName` varchar(100) DEFAULT NULL,
  `LastUpdateDate` datetime(6) DEFAULT NULL,
  `Status` int(11) DEFAULT NULL,
  `Description` varchar(500) DEFAULT NULL,
  `ResetToken` varchar(50) DEFAULT NULL,
  `ResetTokenDate` datetime(6) DEFAULT NULL,
  PRIMARY KEY (`UserID`)
) ENGINE=InnoDB DEFAULT CHARSET=utf8;
/*!40101 SET character_set_client = @saved_cs_client */;

--
-- Dumping data for table `users`
--

LOCK TABLES `users` WRITE;
/*!40000 ALTER TABLE `users` DISABLE KEYS */;
INSERT INTO `users` VALUES ('admin','8c6976e5b5410415bde908bd4dee15dfb167a9c873fc4bb8a81f6f2ab448a918',NULL,'2017-11-17 15:06:13.943000','::1','~/images/head.png',0,'ZKEASOFT',1,NULL,0,NULL,NULL,NULL,NULL,NULL,NULL,NULL,1,NULL,'Admin',NULL,NULL,NULL,1,NULL,NULL,NULL,NULL,NULL,'admin','Admin','2017-11-17 15:06:13.947000',1,NULL,NULL,NULL);
/*!40000 ALTER TABLE `users` ENABLE KEYS */;
UNLOCK TABLES;

--
-- Table structure for table `videowidget`
--

DROP TABLE IF EXISTS `videowidget`;
/*!40101 SET @saved_cs_client     = @@character_set_client */;
/*!40101 SET character_set_client = utf8 */;
CREATE TABLE `videowidget` (
  `ID` varchar(100) NOT NULL,
  `Width` int(11) DEFAULT NULL,
  `Height` int(11) DEFAULT NULL,
  `Url` varchar(255) DEFAULT NULL,
  `Code` varchar(500) DEFAULT NULL,
  PRIMARY KEY (`ID`),
  CONSTRAINT `FK_VideoWidget_CMS_WidgetBase` FOREIGN KEY (`ID`) REFERENCES `cms_widgetbase` (`ID`) ON DELETE NO ACTION ON UPDATE NO ACTION
) ENGINE=InnoDB DEFAULT CHARSET=utf8;
/*!40101 SET character_set_client = @saved_cs_client */;

--
-- Dumping data for table `videowidget`
--

LOCK TABLES `videowidget` WRITE;
/*!40000 ALTER TABLE `videowidget` DISABLE KEYS */;
/*!40000 ALTER TABLE `videowidget` ENABLE KEYS */;
UNLOCK TABLES;
/*!40103 SET TIME_ZONE=@OLD_TIME_ZONE */;

/*!40101 SET SQL_MODE=@OLD_SQL_MODE */;
/*!40014 SET FOREIGN_KEY_CHECKS=@OLD_FOREIGN_KEY_CHECKS */;
/*!40014 SET UNIQUE_CHECKS=@OLD_UNIQUE_CHECKS */;
/*!40101 SET CHARACTER_SET_CLIENT=@OLD_CHARACTER_SET_CLIENT */;
/*!40101 SET CHARACTER_SET_RESULTS=@OLD_CHARACTER_SET_RESULTS */;
/*!40101 SET COLLATION_CONNECTION=@OLD_COLLATION_CONNECTION */;
/*!40111 SET SQL_NOTES=@OLD_SQL_NOTES */;

-- Dump completed on 2017-11-17 16:24:59
