/* https://github.com/SeriaWei/mssql2mysql */


CREATE DATABASE  IF NOT EXISTS `ZKEACMS` /*!40100 DEFAULT CHARACTER SET latin1 */;
USE `ZKEACMS`;

SET FOREIGN_KEY_CHECKS=0;
DROP TABLE IF EXISTS `ApplicationSetting`;
CREATE TABLE `ApplicationSetting` (
	`SettingKey` VARCHAR(50) CHARACTER SET utf8mb4  NOT NULL,
	`Value` LONGTEXT CHARACTER SET utf8mb4  NULL,
	`Title` VARCHAR(50) CHARACTER SET utf8mb4  NULL,
	`Description` VARCHAR(500) CHARACTER SET utf8mb4  NULL,
	`Status` INT  NULL,
	`CreateBy` VARCHAR(50) CHARACTER SET utf8mb4  NULL,
	`CreatebyName` VARCHAR(100) CHARACTER SET utf8mb4  NULL,
	`CreateDate` DATETIME  NULL,
	`LastUpdateBy` VARCHAR(50) CHARACTER SET utf8mb4  NULL,
	`LastUpdateByName` VARCHAR(100) CHARACTER SET utf8mb4  NULL,
	`LastUpdateDate` DATETIME  NULL,
	PRIMARY KEY (`SettingKey`)
);

/*!40000 ALTER TABLE `ApplicationSetting` DISABLE KEYS */;
INSERT INTO `ApplicationSetting` VALUES
('ExpandAllPage','true',NULL,NULL,1,'admin','ZKEASOFT','2018-04-11 17:01:47.230','admin','ZKEASOFT','2018-04-11 17:01:47.233'),
('Favicon','~/favicon.ico',NULL,NULL,NULL,'admin','ZKEASOFT','2017-03-19 20:57:33.627','admin','ZKEASOFT','2017-03-19 20:57:33.627'),
('OuterChainPicture','false',NULL,NULL,1,NULL,NULL,'2019-07-31 12:09:28.430',NULL,NULL,'2019-07-31 12:09:28.430');
/*!40000 ALTER TABLE `ApplicationSetting` ENABLE KEYS */;

DROP TABLE IF EXISTS `Article`;
CREATE TABLE `Article` (
	`ID` INT AUTO_INCREMENT  NOT NULL,
	`Title` VARCHAR(255) CHARACTER SET utf8mb4  NULL,
	`Summary` VARCHAR(255) CHARACTER SET utf8mb4  NULL,
	`MetaKeyWords` VARCHAR(255) CHARACTER SET utf8mb4  NULL,
	`MetaDescription` VARCHAR(255) CHARACTER SET utf8mb4  NULL,
	`Counter` INT  NULL,
	`ArticleTypeID` INT  NULL,
	`Description` VARCHAR(255) CHARACTER SET utf8mb4  NULL,
	`ArticleContent` LONGTEXT CHARACTER SET utf8mb4  NULL,
	`Status` INT  NULL,
	`ImageThumbUrl` VARCHAR(255) CHARACTER SET utf8mb4  NULL,
	`ImageUrl` VARCHAR(255) CHARACTER SET utf8mb4  NULL,
	`IsPublish` TINYINT(1)  NOT NULL,
	`PublishDate` DATETIME  NULL,
	`Url` VARCHAR(100) CHARACTER SET utf8mb4  NULL,
	`CreateBy` VARCHAR(50) CHARACTER SET utf8mb4  NULL,
	`CreatebyName` VARCHAR(100) CHARACTER SET utf8mb4  NULL,
	`CreateDate` DATETIME  NULL,
	`LastUpdateBy` VARCHAR(50) CHARACTER SET utf8mb4  NULL,
	`LastUpdateByName` VARCHAR(100) CHARACTER SET utf8mb4  NULL,
	`LastUpdateDate` DATETIME  NULL,
	PRIMARY KEY (`ID`),
	KEY `FK_Article_ArticleCategory` (`ArticleTypeID`),
	CONSTRAINT `FK_Article_ArticleCategory` FOREIGN KEY (`ArticleTypeID`) REFERENCES `ArticleType` (`ID`) ON DELETE NO ACTION ON UPDATE NO ACTION
);

/*!40000 ALTER TABLE `Article` DISABLE KEYS */;
INSERT INTO `Article` VALUES
(1,'ZKEACMS 简介','ZKEACMS是基于EasyFrameWork，使用 ASP .NET MVC 开发的开源 .Net CMS。  ZKEACMS一个内容管理系统。ZKEACMS不仅只是管理内容，更是重新定义了布局、页面和组件，让用户可以自由规划页面的布局，页面和内容。','ZKEACMS','ZKEACMS是基于EasyFrameWork，使用 ASP .NET MVC 开发的开源 .Net CMS。  ZKEACMS一个内容管理系统。ZKEACMS不仅只是管理内容，更是重新定义了布局、页面和组件，让用户可以自由规划页面的布局，页面和内容。',1,2,NULL,'<h3>简介</h3>
<p><a href="https://github.com/SeriaWei/ASP.NET-MVC-CMS">ZKEACMS</a>是基于<a href="http://www.zkea.net/easyframework">EasyFrameWork</a>，使用 ASP .NET MVC 开发的开源 .Net CMS。</p>
<p>ZKEACMS一个内容管理系统。ZKEACMS不仅只是管理内容，更是重新定义了布局、页面和组件，让用户可以自由规划页面的布局，页面和内容。</p>
<p>ZKEACMS使用可视化编辑设计，真正做到所见即所得，可直接在预览页面上设计页面。</p>
<p>ZKEACMS采用插件式设计，支持扩展新插件。</p>
<h4><a href="http://www.zkea.net/zkeacms/createpage" target="_blank" rel="noopener">了解我们的设计理念</a></h4>
<h3>开发环境</h3>
<p>Microsoft VisualStudio 2013</p>
<p><span>.Net FrameWork 4.0，MVC 4</span></p>
<p>Microsoft Sql Server 2008 以上</p>
<h3>直观设计</h3>
<p>ZKEACMS 是基于ASP.NET MVC设计的开源CMS，所见即所得是ZKEACMS的一大特点。</p>
<p>添加新的页面，或者在现有的页面上直接进行设计，编辑，添加内容，这些都很简单。</p>
<p>丰富的组件和模板，只要会操作电脑，就可以设计网站。</p>
<h3>操作简单</h3>
<p>ZKEACMS采用拖放操作设计，简单直观，将看到的模板，喜欢的样式直接拖入页面中即可。</p>
<p>在于用户交互的关键地方，都会给出提示或预览，并且ZKEASOFT提供了详细的<a href="http://www.zkea.net/zkeacms/document" target="_blank" rel="noopener">文档</a></p>
<h3>移动友好</h3>
<p>ZKEACMS基于流行的BootStrap设计的主题，采用了现代的响应式设计，可以自动适配不同大小的屏幕和设备。</p>
<p>从PC，笔记本，电视，平板到手机页面都会自动响应适应。</p>
<h3>布局设计</h3>
<p>布局，用于对页面做区域划分，用户使用拖拉&ldquo;行&rdquo;，&ldquo;列&rdquo;的方式进行布局的设计。布局的划分，采用行，列的方式进行划分，可嵌套。</p>
<p>一个布局里面，可以添加任意行，每一行使用12等分进行栅格，最多可划分为12列。行列划分完成以后，要在列中加入&ldquo;组件区域&rdquo;，才可以在该列中加入组件。</p>
<h3>概览设计</h3>
<p>概览页面，是页面的缩略显示。在这个页面里面，用户可以直接看到页面的布局，和页面中的组件。</p>
<p>在概览页面中，用户可以添加组件到任意区域。可以对任意区域内的组件进行排序或者拖放到别的区域显示。</p>
<h3>可扩展性</h3>
<p>ZKEACMS 设计内容与模板分离，可以在不切换主题的情况下，通过切换模板得到不同的显示效果。</p>
<p>通过不断地添加模板，网页显得更加多元化，现代化。</p>
<p><span>ZKEACMS 是插件式设计，可以通过不断地添加插件来获取新的功能，默认的插件已经足以满足日常使用。</span></p>',1,'/images/09.jpg',NULL,1,'2017-11-19 23:41:19.000','zkeacms','admin','ZKEASOFT','2017-11-19 23:41:19.000','admin','ZKEASOFT','2019-04-24 21:52:43.060'),
(2,'ZKEACMS For .Net Core','纸壳CMS（ZKEACMS Core） 是ZKEACMS对 .Net Core 版本的全功能实现 CMS，借助于 .Net Core 实现跨平台，您可以在 Windows, MAC OS, Linux, Docker 上运行。','ZKEACMS .Net Core','纸壳CMS（ZKEACMS Core） 是ZKEACMS对 .Net Core 版本的全功能实现 CMS，借助于 .Net Core 实现跨平台，您可以在 Windows, MAC OS, Linux, Docker 上运行。',1,3,NULL,'<h3>全功能迁移</h3>
<p>纸壳CMS（ZKEACMS Core） 是ZKEACMS对 .Net Core 版本的全功能实现 CMS，借助于 .Net Core 实现跨平台，您可以在 Windows, MAC OS, Linux, Docker 上运行。</p>
<p>目前纸壳CMS（ZKEACMS Core）已经正式发布，它拥有ZKEACMS的所有功能，并且更加优秀，在性能等各方面的表现都优于ZKEACMS，我们推荐您使用。</p>
<p><img src="http://ww4.sinaimg.cn/mw690/005zTNGqgw1f5e6o2kejlg30dw08an3g.gif" /></p>
<h3>基于 .NET Core</h3>
<p>.NET Core 是.NET Framework的新一代版本，是微软开发的第一个官方版本，具有跨平台 (Windows、Mac OSX、Linux) 能力的应用程序开发框架 (Application Framework)，未来也将会支持&nbsp;FreeBSD&nbsp;与 Alpine 平台，也是微软在一开始发展时就开源的软件平台，它经常也会拿来和现有的开源 .NET 平台&nbsp;Mono&nbsp;比较。</p>
<p>ZKEACMS Core 基于ASP .NET MVC Core 重新设计，ZKEACMS v2.3使用的是较早的MVC4，现在您可以使用MVC Core的所有新特性了，像tag helper等等，这样您可以尽情使用跨平台的优势，并且具有引人注目的性能与高可靠度。开发人员能快速直接的获取 .NET Core 开发环境。</p>
<h3>重新设计</h3>
<p>由于.Net Core的革命，纸壳CMS（ZKEACMS Core） 重新设计了底层以适应 ASP .NET Core。虽然重新设计了底层，纸壳科技还是尽量保证 Core 版本的CMS的功能完整，并且资源可以在两个版本间共享。</p>
<p>重新设计的 .Net core CMS 将进一步降低您的入门成本。如果您对 ZKEACMS 之前有所了解，那么您将马上可以开始 纸壳CMS（ZKEACMS Core） 的开发工作。</p>
<h3>Entity Framework Core</h3>
<p>Entity Framework Core&nbsp;是 Entity Framework 的 .Net Core 版本。Entity Framework&nbsp;是微软以 ADO.NET 为基础所发展出来的对象关系对应 (O/R Mapping) 解决方案。使用Entity Framework，你可以轻松的切换使用不同的数据库实例。例如SQLServer，MySql，ORACLE，SQLite等。</p>
<p>纸壳CMS（ZKEACMS Core） 放弃了EasyFramework中的ORM系统，改为使用 Entity Framework Core 作为数据库访问，这样可以减少学习、入门的成本，会Entity Framework即可快速上手。并且可以轻松选择使用不同的数据库。</p>
<h3>热插拔的插件机制</h3>
<p>纸壳CMS（ZKEACMS Core） 重新设计了插件机制，分离各组件程序集（DLL），这样更方便各组件的独立与隔离。这样一来，插件的热插拔也成为了可能。</p>
<p>基于插件的设计，您的程序可以无限的横向扩展，功能可以变得越来越丰富，而不用去修改核心功能。</p>
<div>
<div>
<div>
<div>
<p></p>
</div>
</div>
</div>
</div>',1,'/images/09.jpg',NULL,1,'2017-11-19 23:53:23.000','zkeacms-core','admin','ZKEASOFT','2017-11-19 23:53:16.000','admin','ZKEASOFT','2019-04-24 21:52:54.903');
/*!40000 ALTER TABLE `Article` ENABLE KEYS */;

DROP TABLE IF EXISTS `ArticleDetailWidget`;
CREATE TABLE `ArticleDetailWidget` (
	`ID` VARCHAR(100) CHARACTER SET utf8mb4  NOT NULL,
	`CustomerClass` VARCHAR(255) CHARACTER SET utf8mb4  NULL,
	PRIMARY KEY (`ID`),
	KEY `FK_ArticleDetailWidget_Widget` (`ID`),
	CONSTRAINT `FK_ArticleDetailWidget_Widget` FOREIGN KEY (`ID`) REFERENCES `CMS_WidgetBase` (`ID`) ON DELETE NO ACTION ON UPDATE NO ACTION
);

/*!40000 ALTER TABLE `ArticleDetailWidget` DISABLE KEYS */;
INSERT INTO `ArticleDetailWidget` VALUES
('3aa8b53e7ad143ff818855a7abcb3fdd',NULL),
('e8fd1019bab045e5927ec30abaaa1aba',NULL);
/*!40000 ALTER TABLE `ArticleDetailWidget` ENABLE KEYS */;

DROP TABLE IF EXISTS `ArticleListWidget`;
CREATE TABLE `ArticleListWidget` (
	`ID` VARCHAR(100) CHARACTER SET utf8mb4  NOT NULL,
	`ArticleTypeID` INT  NULL,
	`DetailPageUrl` VARCHAR(255) CHARACTER SET utf8mb4  NULL,
	`IsPageable` TINYINT(1)  NOT NULL,
	`PageSize` INT  NULL,
	PRIMARY KEY (`ID`),
	KEY `FK_ArticleListWidget_Widget` (`ID`),
	CONSTRAINT `FK_ArticleListWidget_Widget` FOREIGN KEY (`ID`) REFERENCES `CMS_WidgetBase` (`ID`) ON DELETE NO ACTION ON UPDATE NO ACTION
);

/*!40000 ALTER TABLE `ArticleListWidget` DISABLE KEYS */;
INSERT INTO `ArticleListWidget` VALUES
('416c5402962b41548c83fabaa5492b42',1,'~/article/detail',1,5),
('ca9f8809636d448cbd4f3beb418465b3',1,'~/article/detail',1,5);
/*!40000 ALTER TABLE `ArticleListWidget` ENABLE KEYS */;

DROP TABLE IF EXISTS `ArticleSummaryWidget`;
CREATE TABLE `ArticleSummaryWidget` (
	`ID` VARCHAR(100) CHARACTER SET utf8mb4  NOT NULL,
	`SubTitle` VARCHAR(255) CHARACTER SET utf8mb4  NULL,
	`Style` VARCHAR(255) CHARACTER SET utf8mb4  NULL,
	`DetailLink` VARCHAR(255) CHARACTER SET utf8mb4  NULL,
	`Summary` LONGTEXT CHARACTER SET utf8mb4  NULL,
	PRIMARY KEY (`ID`),
	KEY `FK_ArticleSummaryWidget_Widget` (`ID`),
	CONSTRAINT `FK_ArticleSummaryWidget_Widget` FOREIGN KEY (`ID`) REFERENCES `CMS_WidgetBase` (`ID`) ON DELETE NO ACTION ON UPDATE NO ACTION
);

/*!40000 ALTER TABLE `ArticleSummaryWidget` DISABLE KEYS */;
INSERT INTO `ArticleSummaryWidget` VALUES
('8c5b69f614b641c0a5f7a8e318de8df3','ZKEACMS 简介','bs-callout-default','https://github.com/SeriaWei/ZKEACMS.Core','<p><a href="https://github.com/SeriaWei/ASP.NET-MVC-CMS" target="_blank" rel="noopener">ZKEACMS</a> Core 是基于.Net Core开发的开源CMS，在您开始使用之前，为了保障您的权益，请先查看我们的开源协议<a href="http://www.zkea.net/licenses" target="_blank" rel="noopener">http://www.zkea.net/licenses</a>。</p>
<p>ZKEACMS是一个内容管理软件，ZKEACMS的主旨在于快速创建页面和自定义页面内容。无论您是专业的开发人员还是普通的用户，都可以快速上手使用ZKEACMS。</p>
<p>ZKEACMS使用可视化编辑设计，所见即所得，可直接在页面上设计你要的页面。</p>
<p>架设环境：.Net Core 2.0</p>
<h3>旗舰版</h3>
<p>体验地址：<a href="http://demo.zkea.net" target="_blank" rel="noopener">http://demo.zkea.net</a></p>
<h3>建站系统</h3>
<p>基于ZKEACMS的云建站系统</p>
<p><a href="http://www.zkea.net/cloud" target="_blank" rel="noopener">http://www.zkea.net/cloud</a></p>
<p></p>'),
('cd21a7bf68b44f6e8d178b153288a26e','ZKEACMS 简介','bs-callout-default','https://github.com/SeriaWei/ZKEACMS.Core','<p><a href="https://github.com/SeriaWei/ASP.NET-MVC-CMS" target="_blank" rel="noopener">ZKEACMS</a> Core 是基于.Net Core开发的开源CMS，在您开始使用之前，为了保障您的权益，请先查看我们的开源协议<a href="http://www.zkea.net/licenses" target="_blank" rel="noopener">http://www.zkea.net/licenses</a>。</p>
<p>ZKEACMS是一个内容管理软件，ZKEACMS的主旨在于快速创建页面和自定义页面内容。无论您是专业的开发人员还是普通的用户，都可以快速上手使用ZKEACMS。</p>
<p>ZKEACMS使用可视化编辑设计，所见即所得，可直接在页面上设计你要的页面。</p>
<p>架设环境：.Net Core 2.0</p>
<h3>旗舰版</h3>
<p>体验地址：<a href="http://demo.zkea.net" target="_blank" rel="noopener">http://demo.zkea.net</a></p>
<h3>建站系统</h3>
<p>基于ZKEACMS的云建站系统</p>
<p><a href="http://www.zkea.net/cloud" target="_blank" rel="noopener">http://www.zkea.net/cloud</a></p>
<p></p>');
/*!40000 ALTER TABLE `ArticleSummaryWidget` ENABLE KEYS */;

DROP TABLE IF EXISTS `ArticleTopWidget`;
CREATE TABLE `ArticleTopWidget` (
	`ID` VARCHAR(100) CHARACTER SET utf8mb4  NOT NULL,
	`ArticleTypeID` INT  NULL,
	`Tops` INT  NULL,
	`SubTitle` VARCHAR(255) CHARACTER SET utf8mb4  NULL,
	`MoreLink` VARCHAR(255) CHARACTER SET utf8mb4  NULL,
	`DetailPageUrl` VARCHAR(255) CHARACTER SET utf8mb4  NULL,
	PRIMARY KEY (`ID`),
	KEY `FK_ArticleTopWidget_Widget` (`ID`),
	CONSTRAINT `FK_ArticleTopWidget_Widget` FOREIGN KEY (`ID`) REFERENCES `CMS_WidgetBase` (`ID`) ON DELETE NO ACTION ON UPDATE NO ACTION
);


DROP TABLE IF EXISTS `ArticleType`;
CREATE TABLE `ArticleType` (
	`ID` INT AUTO_INCREMENT  NOT NULL,
	`Title` VARCHAR(255) CHARACTER SET utf8mb4  NULL,
	`Description` VARCHAR(255) CHARACTER SET utf8mb4  NULL,
	`ParentID` INT  NULL,
	`Url` VARCHAR(100) CHARACTER SET utf8mb4  NULL,
	`Status` INT  NULL,
	`SEOTitle` VARCHAR(100) CHARACTER SET utf8mb4  NULL,
	`SEOKeyWord` VARCHAR(100) CHARACTER SET utf8mb4  NULL,
	`SEODescription` VARCHAR(300) CHARACTER SET utf8mb4  NULL,
	`CreateBy` VARCHAR(50) CHARACTER SET utf8mb4  NULL,
	`CreatebyName` VARCHAR(100) CHARACTER SET utf8mb4  NULL,
	`CreateDate` DATETIME  NULL,
	`LastUpdateBy` VARCHAR(50) CHARACTER SET utf8mb4  NULL,
	`LastUpdateByName` VARCHAR(100) CHARACTER SET utf8mb4  NULL,
	`LastUpdateDate` DATETIME  NULL,
	PRIMARY KEY (`ID`)
);

/*!40000 ALTER TABLE `ArticleType` DISABLE KEYS */;
INSERT INTO `ArticleType` VALUES
(1,'新闻',NULL,0,NULL,1,NULL,NULL,NULL,'admin','ZKEASOFT','2016-03-10 13:50:18.000','admin','ZKEASOFT','2017-10-15 18:18:33.430'),
(2,'公司新闻',NULL,1,'company',1,NULL,NULL,NULL,'admin','ZKEASOFT','2016-03-10 13:50:24.000','admin','ZKEASOFT','2018-08-15 15:31:38.347'),
(3,'行业新闻',NULL,1,'industry',1,NULL,NULL,NULL,'admin','ZKEASOFT','2016-03-10 13:50:29.000','admin','ZKEASOFT','2018-08-15 15:31:42.810');
/*!40000 ALTER TABLE `ArticleType` ENABLE KEYS */;

DROP TABLE IF EXISTS `ArticleTypeWidget`;
CREATE TABLE `ArticleTypeWidget` (
	`ID` VARCHAR(100) CHARACTER SET utf8mb4  NOT NULL,
	`ArticleTypeID` INT  NULL,
	`TargetPage` VARCHAR(255) CHARACTER SET utf8mb4  NULL,
	PRIMARY KEY (`ID`),
	KEY `FK_ArticleTypeWidget_Widget` (`ID`),
	CONSTRAINT `FK_ArticleTypeWidget_Widget` FOREIGN KEY (`ID`) REFERENCES `CMS_WidgetBase` (`ID`) ON DELETE NO ACTION ON UPDATE NO ACTION
);

/*!40000 ALTER TABLE `ArticleTypeWidget` DISABLE KEYS */;
INSERT INTO `ArticleTypeWidget` VALUES
('8df64186d2fd4d63a9f9bb3b6e34cd2a',1,NULL),
('de8d94fd51cb4e73b00518dbb2f134d3',1,NULL);
/*!40000 ALTER TABLE `ArticleTypeWidget` ENABLE KEYS */;

DROP TABLE IF EXISTS `Basket`;
CREATE TABLE `Basket` (
	`ID` INT AUTO_INCREMENT  NOT NULL,
	`UserId` VARCHAR(50) CHARACTER SET utf8mb4  NOT NULL,
	`ImageUrl` VARCHAR(500) CHARACTER SET utf8mb4  NOT NULL,
	`Quantity` INT  NOT NULL,
	`Price` DECIMAL (18,4)  NOT NULL,
	`ProductId` INT  NOT NULL,
	`PromoCode` VARCHAR(50) CHARACTER SET utf8mb4  NULL,
	`Title` VARCHAR(200) CHARACTER SET utf8mb4  NOT NULL,
	`Description` VARCHAR(500) CHARACTER SET utf8mb4  NULL,
	`Status` INT  NULL,
	`CreateBy` VARCHAR(50) CHARACTER SET utf8mb4  NULL,
	`CreatebyName` VARCHAR(100) CHARACTER SET utf8mb4  NULL,
	`CreateDate` DATETIME  NULL,
	`LastUpdateBy` VARCHAR(50) CHARACTER SET utf8mb4  NULL,
	`LastUpdateByName` VARCHAR(100) CHARACTER SET utf8mb4  NULL,
	`LastUpdateDate` DATETIME  NULL,
	PRIMARY KEY (`ID`)
);


DROP TABLE IF EXISTS `Carousel`;
CREATE TABLE `Carousel` (
	`ID` INT AUTO_INCREMENT  NOT NULL,
	`Title` VARCHAR(255) CHARACTER SET utf8mb4  NULL,
	`Height` INT  NULL,
	`Description` VARCHAR(255) CHARACTER SET utf8mb4  NULL,
	`Status` INT  NULL,
	`CreateBy` VARCHAR(50) CHARACTER SET utf8mb4  NULL,
	`CreatebyName` VARCHAR(100) CHARACTER SET utf8mb4  NULL,
	`CreateDate` DATETIME  NULL,
	`LastUpdateBy` VARCHAR(50) CHARACTER SET utf8mb4  NULL,
	`LastUpdateByName` VARCHAR(100) CHARACTER SET utf8mb4  NULL,
	`LastUpdateDate` DATETIME  NULL,
	PRIMARY KEY (`ID`)
);

/*!40000 ALTER TABLE `Carousel` DISABLE KEYS */;
INSERT INTO `Carousel` VALUES
(1,'示例',NULL,NULL,1,'admin','ZKEASOFT','2016-03-27 15:14:17.203','admin','ZKEASOFT','2016-03-27 15:17:54.050');
/*!40000 ALTER TABLE `Carousel` ENABLE KEYS */;

DROP TABLE IF EXISTS `CarouselItem`;
CREATE TABLE `CarouselItem` (
	`ID` INT AUTO_INCREMENT  NOT NULL,
	`Title` VARCHAR(255) CHARACTER SET utf8mb4  NULL,
	`CarouselID` INT  NULL,
	`CarouselWidgetID` VARCHAR(100) CHARACTER SET utf8mb4  NULL,
	`TargetLink` VARCHAR(255) CHARACTER SET utf8mb4  NULL,
	`ImageUrl` VARCHAR(255) CHARACTER SET utf8mb4  NULL,
	`Description` VARCHAR(255) CHARACTER SET utf8mb4  NULL,
	`Status` INT  NULL,
	`CreateBy` VARCHAR(50) CHARACTER SET utf8mb4  NULL,
	`CreatebyName` VARCHAR(100) CHARACTER SET utf8mb4  NULL,
	`CreateDate` DATETIME  NULL,
	`LastUpdateBy` VARCHAR(50) CHARACTER SET utf8mb4  NULL,
	`LastUpdateByName` VARCHAR(100) CHARACTER SET utf8mb4  NULL,
	`LastUpdateDate` DATETIME  NULL,
	PRIMARY KEY (`ID`),
	KEY `FK_CarouselItem_CarouselWidget` (`CarouselWidgetID`),
	CONSTRAINT `FK_CarouselItem_CarouselWidget` FOREIGN KEY (`CarouselWidgetID`) REFERENCES `CarouselWidget` (`ID`) ON DELETE NO ACTION ON UPDATE NO ACTION
);

/*!40000 ALTER TABLE `CarouselItem` DISABLE KEYS */;
INSERT INTO `CarouselItem` VALUES
(1,'图1',1,NULL,'http://www.zkea.net/zkeacms/donate','~/images/bg1.jpg',NULL,1,'admin','ZKEASOFT','2016-03-27 15:14:17.217','admin','ZKEASOFT','2016-03-27 15:17:54.053'),
(2,'图2',1,NULL,'http://www.zkea.net/zkeacms/donate','~/images/bg2.jpg',NULL,1,'admin','ZKEASOFT','2016-03-27 15:14:17.570','admin','ZKEASOFT','2016-03-27 15:17:54.420'),
(3,'图3',1,NULL,'http://www.zkea.net/zkeacms/donate','~/images/bg3.jpg',NULL,1,'admin','ZKEASOFT','2016-03-27 15:14:17.573','admin','ZKEASOFT','2016-03-27 15:17:54.433');
/*!40000 ALTER TABLE `CarouselItem` ENABLE KEYS */;

DROP TABLE IF EXISTS `CarouselWidget`;
CREATE TABLE `CarouselWidget` (
	`ID` VARCHAR(100) CHARACTER SET utf8mb4  NOT NULL,
	`CarouselID` INT  NULL,
	PRIMARY KEY (`ID`),
	KEY `FK_CarouselWidget_Carousel` (`CarouselID`),
	CONSTRAINT `FK_CarouselWidget_Carousel` FOREIGN KEY (`CarouselID`) REFERENCES `Carousel` (`ID`) ON DELETE NO ACTION ON UPDATE NO ACTION,
	KEY `FK_CarouselWidget_Widget` (`ID`),
	CONSTRAINT `FK_CarouselWidget_Widget` FOREIGN KEY (`ID`) REFERENCES `CMS_WidgetBase` (`ID`) ON DELETE NO ACTION ON UPDATE NO ACTION
);

/*!40000 ALTER TABLE `CarouselWidget` DISABLE KEYS */;
INSERT INTO `CarouselWidget` VALUES
('19350341920b4827bf2a4e458ad24a58',1),
('41e075ab1b89453388494a539eec55b9',1);
/*!40000 ALTER TABLE `CarouselWidget` ENABLE KEYS */;

DROP TABLE IF EXISTS `CMS_Layout`;
CREATE TABLE `CMS_Layout` (
	`ID` VARCHAR(100) CHARACTER SET utf8mb4  NOT NULL,
	`LayoutName` VARCHAR(255) CHARACTER SET utf8mb4  NULL,
	`Title` VARCHAR(255) CHARACTER SET utf8mb4  NULL,
	`ContainerClass` VARCHAR(255) CHARACTER SET utf8mb4  NULL,
	`Status` INT  NULL,
	`Description` LONGTEXT CHARACTER SET utf8mb4  NULL,
	`Script` VARCHAR(255) CHARACTER SET utf8mb4  NULL,
	`Style` VARCHAR(255) CHARACTER SET utf8mb4  NULL,
	`CreateBy` VARCHAR(50) CHARACTER SET utf8mb4  NULL,
	`CreatebyName` VARCHAR(100) CHARACTER SET utf8mb4  NULL,
	`CreateDate` DATETIME  NULL,
	`LastUpdateBy` VARCHAR(50) CHARACTER SET utf8mb4  NULL,
	`LastUpdateByName` VARCHAR(100) CHARACTER SET utf8mb4  NULL,
	`LastUpdateDate` DATETIME  NULL,
	`ImageUrl` VARCHAR(255) CHARACTER SET utf8mb4  NULL,
	`ImageThumbUrl` VARCHAR(255) CHARACTER SET utf8mb4  NULL,
	`Theme` VARCHAR(255) CHARACTER SET utf8mb4  NULL,
	PRIMARY KEY (`ID`)
);

/*!40000 ALTER TABLE `CMS_Layout` DISABLE KEYS */;
INSERT INTO `CMS_Layout` VALUES
('0846a33e56bf45d5aae602ef40d87444','其它',NULL,'container',1,NULL,NULL,NULL,'admin','ZKEASOFT','2016-03-10 21:06:44.200','admin','ZKEASOFT','2016-03-10 21:06:44.200','~/images/layout.jpg','~/images/layout.jpg','Default'),
('1dae90cf6a8547538cc0c369b9943c01','默认',NULL,'container',1,NULL,NULL,NULL,'admin',NULL,'2015-08-31 11:56:31.750','admin',NULL,'2015-08-31 11:56:31.750','~/images/layout.jpg','~/images/layout.jpg','Default');
/*!40000 ALTER TABLE `CMS_Layout` ENABLE KEYS */;

DROP TABLE IF EXISTS `CMS_LayoutHtml`;
CREATE TABLE `CMS_LayoutHtml` (
	`LayoutHtmlId` INT AUTO_INCREMENT  NOT NULL,
	`LayoutId` VARCHAR(100) CHARACTER SET utf8mb4  NOT NULL,
	`PageId` VARCHAR(100) CHARACTER SET utf8mb4  NULL,
	`Html` LONGTEXT CHARACTER SET utf8mb4  NULL,
	`CreateBy` VARCHAR(50) CHARACTER SET utf8mb4  NULL,
	`CreatebyName` VARCHAR(100) CHARACTER SET utf8mb4  NULL,
	`CreateDate` DATETIME  NULL,
	`LastUpdateBy` VARCHAR(50) CHARACTER SET utf8mb4  NULL,
	`LastUpdateByName` VARCHAR(100) CHARACTER SET utf8mb4  NULL,
	`LastUpdateDate` DATETIME  NULL,
	PRIMARY KEY (`LayoutHtmlId`),
	KEY `FK_CMS_LayoutHtml_CMS_Layout` (`LayoutId`),
	CONSTRAINT `FK_CMS_LayoutHtml_CMS_Layout` FOREIGN KEY (`LayoutId`) REFERENCES `CMS_Layout` (`ID`) ON DELETE NO ACTION ON UPDATE NO ACTION
);

/*!40000 ALTER TABLE `CMS_LayoutHtml` DISABLE KEYS */;
INSERT INTO `CMS_LayoutHtml` VALUES
(219,'0846a33e56bf45d5aae602ef40d87444',NULL,'<div class="main custom-style container-fluid"><div class="additional row"><div class="additional col-md-12"><div class="colContent row"><div class="additional zone">','admin','ZKEASOFT','2017-11-19 17:48:11.063','admin','ZKEASOFT','2017-11-19 17:48:11.063'),
(220,'0846a33e56bf45d5aae602ef40d87444',NULL,'<zone>','admin','ZKEASOFT','2017-11-19 17:48:11.333','admin','ZKEASOFT','2017-11-19 17:48:11.333'),
(221,'0846a33e56bf45d5aae602ef40d87444',NULL,'ZONE-0','admin','ZKEASOFT','2017-11-19 17:48:11.337','admin','ZKEASOFT','2017-11-19 17:48:11.337'),
(222,'0846a33e56bf45d5aae602ef40d87444',NULL,'</zone>','admin','ZKEASOFT','2017-11-19 17:48:11.340','admin','ZKEASOFT','2017-11-19 17:48:11.340'),
(223,'0846a33e56bf45d5aae602ef40d87444',NULL,'</div></div></div></div></div>
    <div class="container main"><div class="additional row"><div class="additional col-md-12"><div class="colContent row"><div class="additional zone">','admin','ZKEASOFT','2017-11-19 17:48:11.347','admin','ZKEASOFT','2017-11-19 17:48:11.347'),
(224,'0846a33e56bf45d5aae602ef40d87444',NULL,'<zone>','admin','ZKEASOFT','2017-11-19 17:48:11.350','admin','ZKEASOFT','2017-11-19 17:48:11.350'),
(225,'0846a33e56bf45d5aae602ef40d87444',NULL,'ZONE-1','admin','ZKEASOFT','2017-11-19 17:48:11.353','admin','ZKEASOFT','2017-11-19 17:48:11.353'),
(226,'0846a33e56bf45d5aae602ef40d87444',NULL,'</zone>','admin','ZKEASOFT','2017-11-19 17:48:11.357','admin','ZKEASOFT','2017-11-19 17:48:11.357'),
(227,'0846a33e56bf45d5aae602ef40d87444',NULL,'</div></div></div></div><div class="additional row"><div class="additional col-md-8"><div class="colContent row"><div class="additional zone">','admin','ZKEASOFT','2017-11-19 17:48:11.370','admin','ZKEASOFT','2017-11-19 17:48:11.370'),
(228,'0846a33e56bf45d5aae602ef40d87444',NULL,'<zone>','admin','ZKEASOFT','2017-11-19 17:48:11.373','admin','ZKEASOFT','2017-11-19 17:48:11.373'),
(229,'0846a33e56bf45d5aae602ef40d87444',NULL,'ZONE-2','admin','ZKEASOFT','2017-11-19 17:48:11.647','admin','ZKEASOFT','2017-11-19 17:48:11.647'),
(230,'0846a33e56bf45d5aae602ef40d87444',NULL,'</zone>','admin','ZKEASOFT','2017-11-19 17:48:11.650','admin','ZKEASOFT','2017-11-19 17:48:11.650'),
(231,'0846a33e56bf45d5aae602ef40d87444',NULL,'</div></div></div><div class="additional col-md-4"><div class="colContent row"><div class="additional zone">','admin','ZKEASOFT','2017-11-19 17:48:11.650','admin','ZKEASOFT','2017-11-19 17:48:11.650'),
(232,'0846a33e56bf45d5aae602ef40d87444',NULL,'<zone>','admin','ZKEASOFT','2017-11-19 17:48:11.667','admin','ZKEASOFT','2017-11-19 17:48:11.667'),
(233,'0846a33e56bf45d5aae602ef40d87444',NULL,'ZONE-3','admin','ZKEASOFT','2017-11-19 17:48:11.950','admin','ZKEASOFT','2017-11-19 17:48:11.950'),
(234,'0846a33e56bf45d5aae602ef40d87444',NULL,'</zone>','admin','ZKEASOFT','2017-11-19 17:48:11.983','admin','ZKEASOFT','2017-11-19 17:48:11.983'),
(235,'0846a33e56bf45d5aae602ef40d87444',NULL,'</div></div></div></div></div><div class="main container-fluid"><div class="additional row"><div class="additional col-md-12"><div class="colContent row"><div class="additional zone">','admin','ZKEASOFT','2017-11-19 17:48:11.987','admin','ZKEASOFT','2017-11-19 17:48:11.987'),
(236,'0846a33e56bf45d5aae602ef40d87444',NULL,'<zone>','admin','ZKEASOFT','2017-11-19 17:48:12.223','admin','ZKEASOFT','2017-11-19 17:48:12.223'),
(237,'0846a33e56bf45d5aae602ef40d87444',NULL,'ZONE-4','admin','ZKEASOFT','2017-11-19 17:48:12.270','admin','ZKEASOFT','2017-11-19 17:48:12.270'),
(238,'0846a33e56bf45d5aae602ef40d87444',NULL,'</zone>','admin','ZKEASOFT','2017-11-19 17:48:12.500','admin','ZKEASOFT','2017-11-19 17:48:12.500'),
(239,'0846a33e56bf45d5aae602ef40d87444',NULL,'</div></div></div></div></div>','admin','ZKEASOFT','2017-11-19 17:48:12.757','admin','ZKEASOFT','2017-11-19 17:48:12.757'),
(240,'1dae90cf6a8547538cc0c369b9943c01',NULL,'<div class="main custom-style container-fluid" style=""><div class="additional row"><div class="additional col-md-12"><div class="colContent row"><div class="additional zone">','admin','ZKEASOFT','2017-11-19 17:48:39.997','admin','ZKEASOFT','2017-11-19 17:48:39.997'),
(241,'1dae90cf6a8547538cc0c369b9943c01',NULL,'<zone>','admin','ZKEASOFT','2017-11-19 17:48:40.013','admin','ZKEASOFT','2017-11-19 17:48:40.013'),
(242,'1dae90cf6a8547538cc0c369b9943c01',NULL,'ZONE-0','admin','ZKEASOFT','2017-11-19 17:48:40.017','admin','ZKEASOFT','2017-11-19 17:48:40.017'),
(243,'1dae90cf6a8547538cc0c369b9943c01',NULL,'</zone>','admin','ZKEASOFT','2017-11-19 17:48:40.023','admin','ZKEASOFT','2017-11-19 17:48:40.023'),
(244,'1dae90cf6a8547538cc0c369b9943c01',NULL,'</div></div></div></div></div><div class="container main custom-style"><div class="additional row"><div class="additional col-md-12"><div class="colContent row"><div class="additional zone">','admin','ZKEASOFT','2017-11-19 17:48:40.023','admin','ZKEASOFT','2017-11-19 17:48:40.023'),
(245,'1dae90cf6a8547538cc0c369b9943c01',NULL,'<zone>','admin','ZKEASOFT','2017-11-19 17:48:40.027','admin','ZKEASOFT','2017-11-19 17:48:40.027'),
(246,'1dae90cf6a8547538cc0c369b9943c01',NULL,'ZONE-1','admin','ZKEASOFT','2017-11-19 17:48:40.027','admin','ZKEASOFT','2017-11-19 17:48:40.027'),
(247,'1dae90cf6a8547538cc0c369b9943c01',NULL,'</zone>','admin','ZKEASOFT','2017-11-19 17:48:40.030','admin','ZKEASOFT','2017-11-19 17:48:40.030'),
(248,'1dae90cf6a8547538cc0c369b9943c01',NULL,'</div></div></div></div><div class="additional row"><div class="additional col-md-6"><div class="colContent row"><div class="additional zone">','admin','ZKEASOFT','2017-11-19 17:48:40.030','admin','ZKEASOFT','2017-11-19 17:48:40.030'),
(249,'1dae90cf6a8547538cc0c369b9943c01',NULL,'<zone>','admin','ZKEASOFT','2017-11-19 17:48:40.030','admin','ZKEASOFT','2017-11-19 17:48:40.030'),
(250,'1dae90cf6a8547538cc0c369b9943c01',NULL,'ZONE-2','admin','ZKEASOFT','2017-11-19 17:48:40.043','admin','ZKEASOFT','2017-11-19 17:48:40.043'),
(251,'1dae90cf6a8547538cc0c369b9943c01',NULL,'</zone>','admin','ZKEASOFT','2017-11-19 17:48:40.043','admin','ZKEASOFT','2017-11-19 17:48:40.043'),
(252,'1dae90cf6a8547538cc0c369b9943c01',NULL,'</div></div></div><div class="additional col-md-6"><div class="colContent row"><div class="additional zone">','admin','ZKEASOFT','2017-11-19 17:48:40.047','admin','ZKEASOFT','2017-11-19 17:48:40.047'),
(253,'1dae90cf6a8547538cc0c369b9943c01',NULL,'<zone>','admin','ZKEASOFT','2017-11-19 17:48:40.047','admin','ZKEASOFT','2017-11-19 17:48:40.047'),
(254,'1dae90cf6a8547538cc0c369b9943c01',NULL,'ZONE-3','admin','ZKEASOFT','2017-11-19 17:48:40.047','admin','ZKEASOFT','2017-11-19 17:48:40.047'),
(255,'1dae90cf6a8547538cc0c369b9943c01',NULL,'</zone>','admin','ZKEASOFT','2017-11-19 17:48:40.053','admin','ZKEASOFT','2017-11-19 17:48:40.053'),
(256,'1dae90cf6a8547538cc0c369b9943c01',NULL,'</div></div></div></div></div>
    <div class="main container-fluid"><div class="additional row"><div class="additional col-md-12"><div class="colContent row"><div class="additional zone">','admin','ZKEASOFT','2017-11-19 17:48:40.057','admin','ZKEASOFT','2017-11-19 17:48:40.057'),
(257,'1dae90cf6a8547538cc0c369b9943c01',NULL,'<zone>','admin','ZKEASOFT','2017-11-19 17:48:40.057','admin','ZKEASOFT','2017-11-19 17:48:40.057'),
(258,'1dae90cf6a8547538cc0c369b9943c01',NULL,'ZONE-4','admin','ZKEASOFT','2017-11-19 17:48:40.063','admin','ZKEASOFT','2017-11-19 17:48:40.063'),
(259,'1dae90cf6a8547538cc0c369b9943c01',NULL,'</zone>','admin','ZKEASOFT','2017-11-19 17:48:40.063','admin','ZKEASOFT','2017-11-19 17:48:40.063'),
(260,'1dae90cf6a8547538cc0c369b9943c01',NULL,'</div></div></div></div></div>','admin','ZKEASOFT','2017-11-19 17:48:40.073','admin','ZKEASOFT','2017-11-19 17:48:40.073'),
(261,'1dae90cf6a8547538cc0c369b9943c01','50fa3579e7434555a22f095dcb4ea35e','<div class="main custom-style container-fluid" style=""><div class="additional row"><div class="additional col-md-12"><div class="colContent row"><div class="additional zone">','admin','ZKEASOFT','2018-05-21 23:42:40.053','admin','ZKEASOFT','2018-05-21 23:42:40.053'),
(262,'1dae90cf6a8547538cc0c369b9943c01','50fa3579e7434555a22f095dcb4ea35e','<zone>','admin','ZKEASOFT','2018-05-21 23:42:40.110','admin','ZKEASOFT','2018-05-21 23:42:40.110'),
(263,'1dae90cf6a8547538cc0c369b9943c01','50fa3579e7434555a22f095dcb4ea35e','ZONE-0','admin','ZKEASOFT','2018-05-21 23:42:40.113','admin','ZKEASOFT','2018-05-21 23:42:40.113'),
(264,'1dae90cf6a8547538cc0c369b9943c01','50fa3579e7434555a22f095dcb4ea35e','</zone>','admin','ZKEASOFT','2018-05-21 23:42:40.113','admin','ZKEASOFT','2018-05-21 23:42:40.113'),
(265,'1dae90cf6a8547538cc0c369b9943c01','50fa3579e7434555a22f095dcb4ea35e','</div></div></div></div></div><div class="container main custom-style"><div class="additional row"><div class="additional col-md-12"><div class="colContent row"><div class="additional zone">','admin','ZKEASOFT','2018-05-21 23:42:40.117','admin','ZKEASOFT','2018-05-21 23:42:40.117'),
(266,'1dae90cf6a8547538cc0c369b9943c01','50fa3579e7434555a22f095dcb4ea35e','<zone>','admin','ZKEASOFT','2018-05-21 23:42:40.117','admin','ZKEASOFT','2018-05-21 23:42:40.117'),
(267,'1dae90cf6a8547538cc0c369b9943c01','50fa3579e7434555a22f095dcb4ea35e','ZONE-1','admin','ZKEASOFT','2018-05-21 23:42:40.120','admin','ZKEASOFT','2018-05-21 23:42:40.120'),
(268,'1dae90cf6a8547538cc0c369b9943c01','50fa3579e7434555a22f095dcb4ea35e','</zone>','admin','ZKEASOFT','2018-05-21 23:42:40.120','admin','ZKEASOFT','2018-05-21 23:42:40.120'),
(269,'1dae90cf6a8547538cc0c369b9943c01','50fa3579e7434555a22f095dcb4ea35e','</div></div></div></div><div class="additional row"><div class="additional col-md-6"><div class="colContent row"><div class="additional zone">','admin','ZKEASOFT','2018-05-21 23:42:40.120','admin','ZKEASOFT','2018-05-21 23:42:40.120'),
(270,'1dae90cf6a8547538cc0c369b9943c01','50fa3579e7434555a22f095dcb4ea35e','<zone>','admin','ZKEASOFT','2018-05-21 23:42:40.123','admin','ZKEASOFT','2018-05-21 23:42:40.123'),
(271,'1dae90cf6a8547538cc0c369b9943c01','50fa3579e7434555a22f095dcb4ea35e','ZONE-2','admin','ZKEASOFT','2018-05-21 23:42:40.123','admin','ZKEASOFT','2018-05-21 23:42:40.123'),
(272,'1dae90cf6a8547538cc0c369b9943c01','50fa3579e7434555a22f095dcb4ea35e','</zone>','admin','ZKEASOFT','2018-05-21 23:42:40.127','admin','ZKEASOFT','2018-05-21 23:42:40.127'),
(273,'1dae90cf6a8547538cc0c369b9943c01','50fa3579e7434555a22f095dcb4ea35e','</div></div></div><div class="additional col-md-6"><div class="colContent row"><div class="additional zone">','admin','ZKEASOFT','2018-05-21 23:42:40.127','admin','ZKEASOFT','2018-05-21 23:42:40.127'),
(274,'1dae90cf6a8547538cc0c369b9943c01','50fa3579e7434555a22f095dcb4ea35e','<zone>','admin','ZKEASOFT','2018-05-21 23:42:40.130','admin','ZKEASOFT','2018-05-21 23:42:40.130'),
(275,'1dae90cf6a8547538cc0c369b9943c01','50fa3579e7434555a22f095dcb4ea35e','ZONE-3','admin','ZKEASOFT','2018-05-21 23:42:40.133','admin','ZKEASOFT','2018-05-21 23:42:40.133'),
(276,'1dae90cf6a8547538cc0c369b9943c01','50fa3579e7434555a22f095dcb4ea35e','</zone>','admin','ZKEASOFT','2018-05-21 23:42:40.133','admin','ZKEASOFT','2018-05-21 23:42:40.133'),
(277,'1dae90cf6a8547538cc0c369b9943c01','50fa3579e7434555a22f095dcb4ea35e','</div></div></div></div></div>
    <div class="main container-fluid"><div class="additional row"><div class="additional col-md-12"><div class="colContent row"><div class="additional zone">','admin','ZKEASOFT','2018-05-21 23:42:40.133','admin','ZKEASOFT','2018-05-21 23:42:40.133'),
(278,'1dae90cf6a8547538cc0c369b9943c01','50fa3579e7434555a22f095dcb4ea35e','<zone>','admin','ZKEASOFT','2018-05-21 23:42:40.137','admin','ZKEASOFT','2018-05-21 23:42:40.137'),
(279,'1dae90cf6a8547538cc0c369b9943c01','50fa3579e7434555a22f095dcb4ea35e','ZONE-4','admin','ZKEASOFT','2018-05-21 23:42:40.137','admin','ZKEASOFT','2018-05-21 23:42:40.137'),
(280,'1dae90cf6a8547538cc0c369b9943c01','50fa3579e7434555a22f095dcb4ea35e','</zone>','admin','ZKEASOFT','2018-05-21 23:42:40.140','admin','ZKEASOFT','2018-05-21 23:42:40.140'),
(281,'1dae90cf6a8547538cc0c369b9943c01','50fa3579e7434555a22f095dcb4ea35e','</div></div></div></div></div>','admin','ZKEASOFT','2018-05-21 23:42:40.140','admin','ZKEASOFT','2018-05-21 23:42:40.140'),
(282,'1dae90cf6a8547538cc0c369b9943c01','0880a4dfdc184ff99b88c88325716d1b','<div class="main custom-style container-fluid" style=""><div class="additional row"><div class="additional col-md-12"><div class="colContent row"><div class="additional zone">','admin','ZKEASOFT','2018-05-21 23:45:54.990','admin','ZKEASOFT','2018-05-21 23:45:54.990'),
(283,'1dae90cf6a8547538cc0c369b9943c01','0880a4dfdc184ff99b88c88325716d1b','<zone>','admin','ZKEASOFT','2018-05-21 23:45:55.003','admin','ZKEASOFT','2018-05-21 23:45:55.003'),
(284,'1dae90cf6a8547538cc0c369b9943c01','0880a4dfdc184ff99b88c88325716d1b','ZONE-0','admin','ZKEASOFT','2018-05-21 23:45:55.007','admin','ZKEASOFT','2018-05-21 23:45:55.007'),
(285,'1dae90cf6a8547538cc0c369b9943c01','0880a4dfdc184ff99b88c88325716d1b','</zone>','admin','ZKEASOFT','2018-05-21 23:45:55.010','admin','ZKEASOFT','2018-05-21 23:45:55.010'),
(286,'1dae90cf6a8547538cc0c369b9943c01','0880a4dfdc184ff99b88c88325716d1b','</div></div></div></div></div><div class="container main custom-style"><div class="additional row"><div class="additional col-md-12"><div class="colContent row"><div class="additional zone">','admin','ZKEASOFT','2018-05-21 23:45:55.013','admin','ZKEASOFT','2018-05-21 23:45:55.013'),
(287,'1dae90cf6a8547538cc0c369b9943c01','0880a4dfdc184ff99b88c88325716d1b','<zone>','admin','ZKEASOFT','2018-05-21 23:45:55.013','admin','ZKEASOFT','2018-05-21 23:45:55.013'),
(288,'1dae90cf6a8547538cc0c369b9943c01','0880a4dfdc184ff99b88c88325716d1b','ZONE-1','admin','ZKEASOFT','2018-05-21 23:45:55.020','admin','ZKEASOFT','2018-05-21 23:45:55.020'),
(289,'1dae90cf6a8547538cc0c369b9943c01','0880a4dfdc184ff99b88c88325716d1b','</zone>','admin','ZKEASOFT','2018-05-21 23:45:55.023','admin','ZKEASOFT','2018-05-21 23:45:55.023'),
(290,'1dae90cf6a8547538cc0c369b9943c01','0880a4dfdc184ff99b88c88325716d1b','</div></div></div></div><div class="additional row"><div class="additional col-md-6"><div class="colContent row"><div class="additional zone">','admin','ZKEASOFT','2018-05-21 23:45:55.033','admin','ZKEASOFT','2018-05-21 23:45:55.033'),
(291,'1dae90cf6a8547538cc0c369b9943c01','0880a4dfdc184ff99b88c88325716d1b','<zone>','admin','ZKEASOFT','2018-05-21 23:45:55.037','admin','ZKEASOFT','2018-05-21 23:45:55.037'),
(292,'1dae90cf6a8547538cc0c369b9943c01','0880a4dfdc184ff99b88c88325716d1b','ZONE-2','admin','ZKEASOFT','2018-05-21 23:45:55.050','admin','ZKEASOFT','2018-05-21 23:45:55.050'),
(293,'1dae90cf6a8547538cc0c369b9943c01','0880a4dfdc184ff99b88c88325716d1b','</zone>','admin','ZKEASOFT','2018-05-21 23:45:55.050','admin','ZKEASOFT','2018-05-21 23:45:55.050'),
(294,'1dae90cf6a8547538cc0c369b9943c01','0880a4dfdc184ff99b88c88325716d1b','</div></div></div><div class="additional col-md-6"><div class="colContent row"><div class="additional zone">','admin','ZKEASOFT','2018-05-21 23:45:55.053','admin','ZKEASOFT','2018-05-21 23:45:55.053'),
(295,'1dae90cf6a8547538cc0c369b9943c01','0880a4dfdc184ff99b88c88325716d1b','<zone>','admin','ZKEASOFT','2018-05-21 23:45:55.060','admin','ZKEASOFT','2018-05-21 23:45:55.060'),
(296,'1dae90cf6a8547538cc0c369b9943c01','0880a4dfdc184ff99b88c88325716d1b','ZONE-3','admin','ZKEASOFT','2018-05-21 23:45:55.063','admin','ZKEASOFT','2018-05-21 23:45:55.063'),
(297,'1dae90cf6a8547538cc0c369b9943c01','0880a4dfdc184ff99b88c88325716d1b','</zone>','admin','ZKEASOFT','2018-05-21 23:45:55.067','admin','ZKEASOFT','2018-05-21 23:45:55.067'),
(298,'1dae90cf6a8547538cc0c369b9943c01','0880a4dfdc184ff99b88c88325716d1b','</div></div></div></div></div>
    <div class="main container-fluid"><div class="additional row"><div class="additional col-md-12"><div class="colContent row"><div class="additional zone">','admin','ZKEASOFT','2018-05-21 23:45:55.070','admin','ZKEASOFT','2018-05-21 23:45:55.070'),
(299,'1dae90cf6a8547538cc0c369b9943c01','0880a4dfdc184ff99b88c88325716d1b','<zone>','admin','ZKEASOFT','2018-05-21 23:45:55.070','admin','ZKEASOFT','2018-05-21 23:45:55.070'),
(300,'1dae90cf6a8547538cc0c369b9943c01','0880a4dfdc184ff99b88c88325716d1b','ZONE-4','admin','ZKEASOFT','2018-05-21 23:45:55.073','admin','ZKEASOFT','2018-05-21 23:45:55.073'),
(301,'1dae90cf6a8547538cc0c369b9943c01','0880a4dfdc184ff99b88c88325716d1b','</zone>','admin','ZKEASOFT','2018-05-21 23:45:55.077','admin','ZKEASOFT','2018-05-21 23:45:55.077'),
(302,'1dae90cf6a8547538cc0c369b9943c01','0880a4dfdc184ff99b88c88325716d1b','</div></div></div></div></div>','admin','ZKEASOFT','2018-05-21 23:45:55.087','admin','ZKEASOFT','2018-05-21 23:45:55.087'),
(303,'0846a33e56bf45d5aae602ef40d87444','d070f202bb2f45ddbd35f0a7cfee1dfa','<div class="main custom-style container-fluid"><div class="additional row"><div class="additional col-md-12"><div class="colContent row"><div class="additional zone">','admin','ZKEASOFT','2018-05-21 23:46:09.367','admin','ZKEASOFT','2018-05-21 23:46:09.367'),
(304,'0846a33e56bf45d5aae602ef40d87444','d070f202bb2f45ddbd35f0a7cfee1dfa','<zone>','admin','ZKEASOFT','2018-05-21 23:46:09.373','admin','ZKEASOFT','2018-05-21 23:46:09.373'),
(305,'0846a33e56bf45d5aae602ef40d87444','d070f202bb2f45ddbd35f0a7cfee1dfa','ZONE-0','admin','ZKEASOFT','2018-05-21 23:46:09.380','admin','ZKEASOFT','2018-05-21 23:46:09.380'),
(306,'0846a33e56bf45d5aae602ef40d87444','d070f202bb2f45ddbd35f0a7cfee1dfa','</zone>','admin','ZKEASOFT','2018-05-21 23:46:09.380','admin','ZKEASOFT','2018-05-21 23:46:09.380'),
(307,'0846a33e56bf45d5aae602ef40d87444','d070f202bb2f45ddbd35f0a7cfee1dfa','</div></div></div></div></div>
    <div class="container main"><div class="additional row"><div class="additional col-md-12"><div class="colContent row"><div class="additional zone">','admin','ZKEASOFT','2018-05-21 23:46:09.383','admin','ZKEASOFT','2018-05-21 23:46:09.383'),
(308,'0846a33e56bf45d5aae602ef40d87444','d070f202bb2f45ddbd35f0a7cfee1dfa','<zone>','admin','ZKEASOFT','2018-05-21 23:46:09.383','admin','ZKEASOFT','2018-05-21 23:46:09.383'),
(309,'0846a33e56bf45d5aae602ef40d87444','d070f202bb2f45ddbd35f0a7cfee1dfa','ZONE-1','admin','ZKEASOFT','2018-05-21 23:46:09.387','admin','ZKEASOFT','2018-05-21 23:46:09.387'),
(310,'0846a33e56bf45d5aae602ef40d87444','d070f202bb2f45ddbd35f0a7cfee1dfa','</zone>','admin','ZKEASOFT','2018-05-21 23:46:09.390','admin','ZKEASOFT','2018-05-21 23:46:09.390'),
(311,'0846a33e56bf45d5aae602ef40d87444','d070f202bb2f45ddbd35f0a7cfee1dfa','</div></div></div></div><div class="additional row"><div class="additional col-md-8"><div class="colContent row"><div class="additional zone">','admin','ZKEASOFT','2018-05-21 23:46:09.393','admin','ZKEASOFT','2018-05-21 23:46:09.393'),
(312,'0846a33e56bf45d5aae602ef40d87444','d070f202bb2f45ddbd35f0a7cfee1dfa','<zone>','admin','ZKEASOFT','2018-05-21 23:46:09.393','admin','ZKEASOFT','2018-05-21 23:46:09.393'),
(313,'0846a33e56bf45d5aae602ef40d87444','d070f202bb2f45ddbd35f0a7cfee1dfa','ZONE-2','admin','ZKEASOFT','2018-05-21 23:46:09.397','admin','ZKEASOFT','2018-05-21 23:46:09.397'),
(314,'0846a33e56bf45d5aae602ef40d87444','d070f202bb2f45ddbd35f0a7cfee1dfa','</zone>','admin','ZKEASOFT','2018-05-21 23:46:09.397','admin','ZKEASOFT','2018-05-21 23:46:09.397'),
(315,'0846a33e56bf45d5aae602ef40d87444','d070f202bb2f45ddbd35f0a7cfee1dfa','</div></div></div><div class="additional col-md-4"><div class="colContent row"><div class="additional zone">','admin','ZKEASOFT','2018-05-21 23:46:09.400','admin','ZKEASOFT','2018-05-21 23:46:09.400'),
(316,'0846a33e56bf45d5aae602ef40d87444','d070f202bb2f45ddbd35f0a7cfee1dfa','<zone>','admin','ZKEASOFT','2018-05-21 23:46:09.400','admin','ZKEASOFT','2018-05-21 23:46:09.400'),
(317,'0846a33e56bf45d5aae602ef40d87444','d070f202bb2f45ddbd35f0a7cfee1dfa','ZONE-3','admin','ZKEASOFT','2018-05-21 23:46:09.407','admin','ZKEASOFT','2018-05-21 23:46:09.407'),
(318,'0846a33e56bf45d5aae602ef40d87444','d070f202bb2f45ddbd35f0a7cfee1dfa','</zone>','admin','ZKEASOFT','2018-05-21 23:46:09.410','admin','ZKEASOFT','2018-05-21 23:46:09.410'),
(319,'0846a33e56bf45d5aae602ef40d87444','d070f202bb2f45ddbd35f0a7cfee1dfa','</div></div></div></div></div><div class="main container-fluid"><div class="additional row"><div class="additional col-md-12"><div class="colContent row"><div class="additional zone">','admin','ZKEASOFT','2018-05-21 23:46:09.417','admin','ZKEASOFT','2018-05-21 23:46:09.417'),
(320,'0846a33e56bf45d5aae602ef40d87444','d070f202bb2f45ddbd35f0a7cfee1dfa','<zone>','admin','ZKEASOFT','2018-05-21 23:46:09.420','admin','ZKEASOFT','2018-05-21 23:46:09.420'),
(321,'0846a33e56bf45d5aae602ef40d87444','d070f202bb2f45ddbd35f0a7cfee1dfa','ZONE-4','admin','ZKEASOFT','2018-05-21 23:46:09.423','admin','ZKEASOFT','2018-05-21 23:46:09.423'),
(322,'0846a33e56bf45d5aae602ef40d87444','d070f202bb2f45ddbd35f0a7cfee1dfa','</zone>','admin','ZKEASOFT','2018-05-21 23:46:09.427','admin','ZKEASOFT','2018-05-21 23:46:09.427'),
(323,'0846a33e56bf45d5aae602ef40d87444','d070f202bb2f45ddbd35f0a7cfee1dfa','</div></div></div></div></div>','admin','ZKEASOFT','2018-05-21 23:46:09.427','admin','ZKEASOFT','2018-05-21 23:46:09.427'),
(324,'0846a33e56bf45d5aae602ef40d87444','068c85b8de8744e7a81b1d1010583308','<div class="main custom-style container-fluid"><div class="additional row"><div class="additional col-md-12"><div class="colContent row"><div class="additional zone">','admin','ZKEASOFT','2018-05-21 23:46:13.003','admin','ZKEASOFT','2018-05-21 23:46:13.003'),
(325,'0846a33e56bf45d5aae602ef40d87444','068c85b8de8744e7a81b1d1010583308','<zone>','admin','ZKEASOFT','2018-05-21 23:46:13.010','admin','ZKEASOFT','2018-05-21 23:46:13.010'),
(326,'0846a33e56bf45d5aae602ef40d87444','068c85b8de8744e7a81b1d1010583308','ZONE-0','admin','ZKEASOFT','2018-05-21 23:46:13.010','admin','ZKEASOFT','2018-05-21 23:46:13.010'),
(327,'0846a33e56bf45d5aae602ef40d87444','068c85b8de8744e7a81b1d1010583308','</zone>','admin','ZKEASOFT','2018-05-21 23:46:13.013','admin','ZKEASOFT','2018-05-21 23:46:13.013'),
(328,'0846a33e56bf45d5aae602ef40d87444','068c85b8de8744e7a81b1d1010583308','</div></div></div></div></div>
    <div class="container main"><div class="additional row"><div class="additional col-md-12"><div class="colContent row"><div class="additional zone">','admin','ZKEASOFT','2018-05-21 23:46:13.013','admin','ZKEASOFT','2018-05-21 23:46:13.013'),
(329,'0846a33e56bf45d5aae602ef40d87444','068c85b8de8744e7a81b1d1010583308','<zone>','admin','ZKEASOFT','2018-05-21 23:46:13.017','admin','ZKEASOFT','2018-05-21 23:46:13.017'),
(330,'0846a33e56bf45d5aae602ef40d87444','068c85b8de8744e7a81b1d1010583308','ZONE-1','admin','ZKEASOFT','2018-05-21 23:46:13.017','admin','ZKEASOFT','2018-05-21 23:46:13.017'),
(331,'0846a33e56bf45d5aae602ef40d87444','068c85b8de8744e7a81b1d1010583308','</zone>','admin','ZKEASOFT','2018-05-21 23:46:13.017','admin','ZKEASOFT','2018-05-21 23:46:13.017'),
(332,'0846a33e56bf45d5aae602ef40d87444','068c85b8de8744e7a81b1d1010583308','</div></div></div></div><div class="additional row"><div class="additional col-md-8"><div class="colContent row"><div class="additional zone">','admin','ZKEASOFT','2018-05-21 23:46:13.020','admin','ZKEASOFT','2018-05-21 23:46:13.020'),
(333,'0846a33e56bf45d5aae602ef40d87444','068c85b8de8744e7a81b1d1010583308','<zone>','admin','ZKEASOFT','2018-05-21 23:46:13.020','admin','ZKEASOFT','2018-05-21 23:46:13.020'),
(334,'0846a33e56bf45d5aae602ef40d87444','068c85b8de8744e7a81b1d1010583308','ZONE-2','admin','ZKEASOFT','2018-05-21 23:46:13.023','admin','ZKEASOFT','2018-05-21 23:46:13.023'),
(335,'0846a33e56bf45d5aae602ef40d87444','068c85b8de8744e7a81b1d1010583308','</zone>','admin','ZKEASOFT','2018-05-21 23:46:13.023','admin','ZKEASOFT','2018-05-21 23:46:13.023'),
(336,'0846a33e56bf45d5aae602ef40d87444','068c85b8de8744e7a81b1d1010583308','</div></div></div><div class="additional col-md-4"><div class="colContent row"><div class="additional zone">','admin','ZKEASOFT','2018-05-21 23:46:13.027','admin','ZKEASOFT','2018-05-21 23:46:13.027'),
(337,'0846a33e56bf45d5aae602ef40d87444','068c85b8de8744e7a81b1d1010583308','<zone>','admin','ZKEASOFT','2018-05-21 23:46:13.027','admin','ZKEASOFT','2018-05-21 23:46:13.027'),
(338,'0846a33e56bf45d5aae602ef40d87444','068c85b8de8744e7a81b1d1010583308','ZONE-3','admin','ZKEASOFT','2018-05-21 23:46:13.030','admin','ZKEASOFT','2018-05-21 23:46:13.030'),
(339,'0846a33e56bf45d5aae602ef40d87444','068c85b8de8744e7a81b1d1010583308','</zone>','admin','ZKEASOFT','2018-05-21 23:46:13.030','admin','ZKEASOFT','2018-05-21 23:46:13.030'),
(340,'0846a33e56bf45d5aae602ef40d87444','068c85b8de8744e7a81b1d1010583308','</div></div></div></div></div><div class="main container-fluid"><div class="additional row"><div class="additional col-md-12"><div class="colContent row"><div class="additional zone">','admin','ZKEASOFT','2018-05-21 23:46:13.033','admin','ZKEASOFT','2018-05-21 23:46:13.033'),
(341,'0846a33e56bf45d5aae602ef40d87444','068c85b8de8744e7a81b1d1010583308','<zone>','admin','ZKEASOFT','2018-05-21 23:46:13.033','admin','ZKEASOFT','2018-05-21 23:46:13.033'),
(342,'0846a33e56bf45d5aae602ef40d87444','068c85b8de8744e7a81b1d1010583308','ZONE-4','admin','ZKEASOFT','2018-05-21 23:46:13.037','admin','ZKEASOFT','2018-05-21 23:46:13.037'),
(343,'0846a33e56bf45d5aae602ef40d87444','068c85b8de8744e7a81b1d1010583308','</zone>','admin','ZKEASOFT','2018-05-21 23:46:13.037','admin','ZKEASOFT','2018-05-21 23:46:13.037'),
(344,'0846a33e56bf45d5aae602ef40d87444','068c85b8de8744e7a81b1d1010583308','</div></div></div></div></div>','admin','ZKEASOFT','2018-05-21 23:46:13.037','admin','ZKEASOFT','2018-05-21 23:46:13.037'),
(345,'1dae90cf6a8547538cc0c369b9943c01','9ce910ba45a24fd2af804d6d0de7bba3','<div class="main custom-style container-fluid" style=""><div class="additional row"><div class="additional col-md-12"><div class="colContent row"><div class="additional zone">','admin','ZKEASOFT','2018-05-21 23:46:15.127','admin','ZKEASOFT','2018-05-21 23:46:15.127'),
(346,'1dae90cf6a8547538cc0c369b9943c01','9ce910ba45a24fd2af804d6d0de7bba3','<zone>','admin','ZKEASOFT','2018-05-21 23:46:15.130','admin','ZKEASOFT','2018-05-21 23:46:15.130'),
(347,'1dae90cf6a8547538cc0c369b9943c01','9ce910ba45a24fd2af804d6d0de7bba3','ZONE-0','admin','ZKEASOFT','2018-05-21 23:46:15.133','admin','ZKEASOFT','2018-05-21 23:46:15.133'),
(348,'1dae90cf6a8547538cc0c369b9943c01','9ce910ba45a24fd2af804d6d0de7bba3','</zone>','admin','ZKEASOFT','2018-05-21 23:46:15.133','admin','ZKEASOFT','2018-05-21 23:46:15.133'),
(349,'1dae90cf6a8547538cc0c369b9943c01','9ce910ba45a24fd2af804d6d0de7bba3','</div></div></div></div></div><div class="container main custom-style"><div class="additional row"><div class="additional col-md-12"><div class="colContent row"><div class="additional zone">','admin','ZKEASOFT','2018-05-21 23:46:15.137','admin','ZKEASOFT','2018-05-21 23:46:15.137'),
(350,'1dae90cf6a8547538cc0c369b9943c01','9ce910ba45a24fd2af804d6d0de7bba3','<zone>','admin','ZKEASOFT','2018-05-21 23:46:15.137','admin','ZKEASOFT','2018-05-21 23:46:15.137'),
(351,'1dae90cf6a8547538cc0c369b9943c01','9ce910ba45a24fd2af804d6d0de7bba3','ZONE-1','admin','ZKEASOFT','2018-05-21 23:46:15.140','admin','ZKEASOFT','2018-05-21 23:46:15.140'),
(352,'1dae90cf6a8547538cc0c369b9943c01','9ce910ba45a24fd2af804d6d0de7bba3','</zone>','admin','ZKEASOFT','2018-05-21 23:46:15.140','admin','ZKEASOFT','2018-05-21 23:46:15.140'),
(353,'1dae90cf6a8547538cc0c369b9943c01','9ce910ba45a24fd2af804d6d0de7bba3','</div></div></div></div><div class="additional row"><div class="additional col-md-6"><div class="colContent row"><div class="additional zone">','admin','ZKEASOFT','2018-05-21 23:46:15.143','admin','ZKEASOFT','2018-05-21 23:46:15.143'),
(354,'1dae90cf6a8547538cc0c369b9943c01','9ce910ba45a24fd2af804d6d0de7bba3','<zone>','admin','ZKEASOFT','2018-05-21 23:46:15.143','admin','ZKEASOFT','2018-05-21 23:46:15.143'),
(355,'1dae90cf6a8547538cc0c369b9943c01','9ce910ba45a24fd2af804d6d0de7bba3','ZONE-2','admin','ZKEASOFT','2018-05-21 23:46:15.143','admin','ZKEASOFT','2018-05-21 23:46:15.143'),
(356,'1dae90cf6a8547538cc0c369b9943c01','9ce910ba45a24fd2af804d6d0de7bba3','</zone>','admin','ZKEASOFT','2018-05-21 23:46:15.147','admin','ZKEASOFT','2018-05-21 23:46:15.147'),
(357,'1dae90cf6a8547538cc0c369b9943c01','9ce910ba45a24fd2af804d6d0de7bba3','</div></div></div><div class="additional col-md-6"><div class="colContent row"><div class="additional zone">','admin','ZKEASOFT','2018-05-21 23:46:15.147','admin','ZKEASOFT','2018-05-21 23:46:15.147'),
(358,'1dae90cf6a8547538cc0c369b9943c01','9ce910ba45a24fd2af804d6d0de7bba3','<zone>','admin','ZKEASOFT','2018-05-21 23:46:15.150','admin','ZKEASOFT','2018-05-21 23:46:15.150'),
(359,'1dae90cf6a8547538cc0c369b9943c01','9ce910ba45a24fd2af804d6d0de7bba3','ZONE-3','admin','ZKEASOFT','2018-05-21 23:46:15.150','admin','ZKEASOFT','2018-05-21 23:46:15.150'),
(360,'1dae90cf6a8547538cc0c369b9943c01','9ce910ba45a24fd2af804d6d0de7bba3','</zone>','admin','ZKEASOFT','2018-05-21 23:46:15.153','admin','ZKEASOFT','2018-05-21 23:46:15.153'),
(361,'1dae90cf6a8547538cc0c369b9943c01','9ce910ba45a24fd2af804d6d0de7bba3','</div></div></div></div></div>
    <div class="main container-fluid"><div class="additional row"><div class="additional col-md-12"><div class="colContent row"><div class="additional zone">','admin','ZKEASOFT','2018-05-21 23:46:15.157','admin','ZKEASOFT','2018-05-21 23:46:15.157'),
(362,'1dae90cf6a8547538cc0c369b9943c01','9ce910ba45a24fd2af804d6d0de7bba3','<zone>','admin','ZKEASOFT','2018-05-21 23:46:15.160','admin','ZKEASOFT','2018-05-21 23:46:15.160'),
(363,'1dae90cf6a8547538cc0c369b9943c01','9ce910ba45a24fd2af804d6d0de7bba3','ZONE-4','admin','ZKEASOFT','2018-05-21 23:46:15.167','admin','ZKEASOFT','2018-05-21 23:46:15.167'),
(364,'1dae90cf6a8547538cc0c369b9943c01','9ce910ba45a24fd2af804d6d0de7bba3','</zone>','admin','ZKEASOFT','2018-05-21 23:46:15.167','admin','ZKEASOFT','2018-05-21 23:46:15.167'),
(365,'1dae90cf6a8547538cc0c369b9943c01','9ce910ba45a24fd2af804d6d0de7bba3','</div></div></div></div></div>','admin','ZKEASOFT','2018-05-21 23:46:15.173','admin','ZKEASOFT','2018-05-21 23:46:15.173'),
(366,'1dae90cf6a8547538cc0c369b9943c01','534e07f396b14b7584a833d270356cb7','<div class="main custom-style container-fluid" style=""><div class="additional row"><div class="additional col-md-12"><div class="colContent row"><div class="additional zone">','admin','ZKEASOFT','2018-05-21 23:46:19.317','admin','ZKEASOFT','2018-05-21 23:46:19.317'),
(367,'1dae90cf6a8547538cc0c369b9943c01','534e07f396b14b7584a833d270356cb7','<zone>','admin','ZKEASOFT','2018-05-21 23:46:19.320','admin','ZKEASOFT','2018-05-21 23:46:19.320'),
(368,'1dae90cf6a8547538cc0c369b9943c01','534e07f396b14b7584a833d270356cb7','ZONE-0','admin','ZKEASOFT','2018-05-21 23:46:19.323','admin','ZKEASOFT','2018-05-21 23:46:19.323'),
(369,'1dae90cf6a8547538cc0c369b9943c01','534e07f396b14b7584a833d270356cb7','</zone>','admin','ZKEASOFT','2018-05-21 23:46:19.323','admin','ZKEASOFT','2018-05-21 23:46:19.323'),
(370,'1dae90cf6a8547538cc0c369b9943c01','534e07f396b14b7584a833d270356cb7','</div></div></div></div></div><div class="container main custom-style"><div class="additional row"><div class="additional col-md-12"><div class="colContent row"><div class="additional zone">','admin','ZKEASOFT','2018-05-21 23:46:19.327','admin','ZKEASOFT','2018-05-21 23:46:19.327'),
(371,'1dae90cf6a8547538cc0c369b9943c01','534e07f396b14b7584a833d270356cb7','<zone>','admin','ZKEASOFT','2018-05-21 23:46:19.330','admin','ZKEASOFT','2018-05-21 23:46:19.330'),
(372,'1dae90cf6a8547538cc0c369b9943c01','534e07f396b14b7584a833d270356cb7','ZONE-1','admin','ZKEASOFT','2018-05-21 23:46:19.330','admin','ZKEASOFT','2018-05-21 23:46:19.330'),
(373,'1dae90cf6a8547538cc0c369b9943c01','534e07f396b14b7584a833d270356cb7','</zone>','admin','ZKEASOFT','2018-05-21 23:46:19.337','admin','ZKEASOFT','2018-05-21 23:46:19.337'),
(374,'1dae90cf6a8547538cc0c369b9943c01','534e07f396b14b7584a833d270356cb7','</div></div></div></div><div class="additional row"><div class="additional col-md-6"><div class="colContent row"><div class="additional zone">','admin','ZKEASOFT','2018-05-21 23:46:19.337','admin','ZKEASOFT','2018-05-21 23:46:19.337'),
(375,'1dae90cf6a8547538cc0c369b9943c01','534e07f396b14b7584a833d270356cb7','<zone>','admin','ZKEASOFT','2018-05-21 23:46:19.340','admin','ZKEASOFT','2018-05-21 23:46:19.340'),
(376,'1dae90cf6a8547538cc0c369b9943c01','534e07f396b14b7584a833d270356cb7','ZONE-2','admin','ZKEASOFT','2018-05-21 23:46:19.340','admin','ZKEASOFT','2018-05-21 23:46:19.340'),
(377,'1dae90cf6a8547538cc0c369b9943c01','534e07f396b14b7584a833d270356cb7','</zone>','admin','ZKEASOFT','2018-05-21 23:46:19.343','admin','ZKEASOFT','2018-05-21 23:46:19.343'),
(378,'1dae90cf6a8547538cc0c369b9943c01','534e07f396b14b7584a833d270356cb7','</div></div></div><div class="additional col-md-6"><div class="colContent row"><div class="additional zone">','admin','ZKEASOFT','2018-05-21 23:46:19.343','admin','ZKEASOFT','2018-05-21 23:46:19.343'),
(379,'1dae90cf6a8547538cc0c369b9943c01','534e07f396b14b7584a833d270356cb7','<zone>','admin','ZKEASOFT','2018-05-21 23:46:19.347','admin','ZKEASOFT','2018-05-21 23:46:19.347'),
(380,'1dae90cf6a8547538cc0c369b9943c01','534e07f396b14b7584a833d270356cb7','ZONE-3','admin','ZKEASOFT','2018-05-21 23:46:19.347','admin','ZKEASOFT','2018-05-21 23:46:19.347'),
(381,'1dae90cf6a8547538cc0c369b9943c01','534e07f396b14b7584a833d270356cb7','</zone>','admin','ZKEASOFT','2018-05-21 23:46:19.350','admin','ZKEASOFT','2018-05-21 23:46:19.350'),
(382,'1dae90cf6a8547538cc0c369b9943c01','534e07f396b14b7584a833d270356cb7','</div></div></div></div></div>
    <div class="main container-fluid"><div class="additional row"><div class="additional col-md-12"><div class="colContent row"><div class="additional zone">','admin','ZKEASOFT','2018-05-21 23:46:19.350','admin','ZKEASOFT','2018-05-21 23:46:19.350'),
(383,'1dae90cf6a8547538cc0c369b9943c01','534e07f396b14b7584a833d270356cb7','<zone>','admin','ZKEASOFT','2018-05-21 23:46:19.353','admin','ZKEASOFT','2018-05-21 23:46:19.353'),
(384,'1dae90cf6a8547538cc0c369b9943c01','534e07f396b14b7584a833d270356cb7','ZONE-4','admin','ZKEASOFT','2018-05-21 23:46:19.353','admin','ZKEASOFT','2018-05-21 23:46:19.353'),
(385,'1dae90cf6a8547538cc0c369b9943c01','534e07f396b14b7584a833d270356cb7','</zone>','admin','ZKEASOFT','2018-05-21 23:46:19.353','admin','ZKEASOFT','2018-05-21 23:46:19.353'),
(386,'1dae90cf6a8547538cc0c369b9943c01','534e07f396b14b7584a833d270356cb7','</div></div></div></div></div>','admin','ZKEASOFT','2018-05-21 23:46:19.357','admin','ZKEASOFT','2018-05-21 23:46:19.357'),
(387,'0846a33e56bf45d5aae602ef40d87444','c5b97a044c9844529fc48383d141e73c','<div class="main custom-style container-fluid"><div class="additional row"><div class="additional col-md-12"><div class="colContent row"><div class="additional zone">','admin','ZKEASOFT','2018-05-21 23:46:28.740','admin','ZKEASOFT','2018-05-21 23:46:28.740'),
(388,'0846a33e56bf45d5aae602ef40d87444','c5b97a044c9844529fc48383d141e73c','<zone>','admin','ZKEASOFT','2018-05-21 23:46:28.747','admin','ZKEASOFT','2018-05-21 23:46:28.747'),
(389,'0846a33e56bf45d5aae602ef40d87444','c5b97a044c9844529fc48383d141e73c','ZONE-0','admin','ZKEASOFT','2018-05-21 23:46:28.747','admin','ZKEASOFT','2018-05-21 23:46:28.747'),
(390,'0846a33e56bf45d5aae602ef40d87444','c5b97a044c9844529fc48383d141e73c','</zone>','admin','ZKEASOFT','2018-05-21 23:46:28.753','admin','ZKEASOFT','2018-05-21 23:46:28.753'),
(391,'0846a33e56bf45d5aae602ef40d87444','c5b97a044c9844529fc48383d141e73c','</div></div></div></div></div>
    <div class="container main"><div class="additional row"><div class="additional col-md-12"><div class="colContent row"><div class="additional zone">','admin','ZKEASOFT','2018-05-21 23:46:28.753','admin','ZKEASOFT','2018-05-21 23:46:28.753'),
(392,'0846a33e56bf45d5aae602ef40d87444','c5b97a044c9844529fc48383d141e73c','<zone>','admin','ZKEASOFT','2018-05-21 23:46:28.760','admin','ZKEASOFT','2018-05-21 23:46:28.760'),
(393,'0846a33e56bf45d5aae602ef40d87444','c5b97a044c9844529fc48383d141e73c','ZONE-1','admin','ZKEASOFT','2018-05-21 23:46:28.760','admin','ZKEASOFT','2018-05-21 23:46:28.760'),
(394,'0846a33e56bf45d5aae602ef40d87444','c5b97a044c9844529fc48383d141e73c','</zone>','admin','ZKEASOFT','2018-05-21 23:46:28.763','admin','ZKEASOFT','2018-05-21 23:46:28.763'),
(395,'0846a33e56bf45d5aae602ef40d87444','c5b97a044c9844529fc48383d141e73c','</div></div></div></div><div class="additional row"><div class="additional col-md-8"><div class="colContent row"><div class="additional zone">','admin','ZKEASOFT','2018-05-21 23:46:28.763','admin','ZKEASOFT','2018-05-21 23:46:28.763'),
(396,'0846a33e56bf45d5aae602ef40d87444','c5b97a044c9844529fc48383d141e73c','<zone>','admin','ZKEASOFT','2018-05-21 23:46:28.767','admin','ZKEASOFT','2018-05-21 23:46:28.767'),
(397,'0846a33e56bf45d5aae602ef40d87444','c5b97a044c9844529fc48383d141e73c','ZONE-2','admin','ZKEASOFT','2018-05-21 23:46:28.770','admin','ZKEASOFT','2018-05-21 23:46:28.770'),
(398,'0846a33e56bf45d5aae602ef40d87444','c5b97a044c9844529fc48383d141e73c','</zone>','admin','ZKEASOFT','2018-05-21 23:46:28.780','admin','ZKEASOFT','2018-05-21 23:46:28.780'),
(399,'0846a33e56bf45d5aae602ef40d87444','c5b97a044c9844529fc48383d141e73c','</div></div></div><div class="additional col-md-4"><div class="colContent row"><div class="additional zone">','admin','ZKEASOFT','2018-05-21 23:46:28.783','admin','ZKEASOFT','2018-05-21 23:46:28.783'),
(400,'0846a33e56bf45d5aae602ef40d87444','c5b97a044c9844529fc48383d141e73c','<zone>','admin','ZKEASOFT','2018-05-21 23:46:28.790','admin','ZKEASOFT','2018-05-21 23:46:28.790'),
(401,'0846a33e56bf45d5aae602ef40d87444','c5b97a044c9844529fc48383d141e73c','ZONE-3','admin','ZKEASOFT','2018-05-21 23:46:28.790','admin','ZKEASOFT','2018-05-21 23:46:28.790'),
(402,'0846a33e56bf45d5aae602ef40d87444','c5b97a044c9844529fc48383d141e73c','</zone>','admin','ZKEASOFT','2018-05-21 23:46:28.797','admin','ZKEASOFT','2018-05-21 23:46:28.797'),
(403,'0846a33e56bf45d5aae602ef40d87444','c5b97a044c9844529fc48383d141e73c','</div></div></div></div></div><div class="main container-fluid"><div class="additional row"><div class="additional col-md-12"><div class="colContent row"><div class="additional zone">','admin','ZKEASOFT','2018-05-21 23:46:28.797','admin','ZKEASOFT','2018-05-21 23:46:28.797'),
(404,'0846a33e56bf45d5aae602ef40d87444','c5b97a044c9844529fc48383d141e73c','<zone>','admin','ZKEASOFT','2018-05-21 23:46:28.803','admin','ZKEASOFT','2018-05-21 23:46:28.803'),
(405,'0846a33e56bf45d5aae602ef40d87444','c5b97a044c9844529fc48383d141e73c','ZONE-4','admin','ZKEASOFT','2018-05-21 23:46:28.810','admin','ZKEASOFT','2018-05-21 23:46:28.810'),
(406,'0846a33e56bf45d5aae602ef40d87444','c5b97a044c9844529fc48383d141e73c','</zone>','admin','ZKEASOFT','2018-05-21 23:46:28.810','admin','ZKEASOFT','2018-05-21 23:46:28.810'),
(407,'0846a33e56bf45d5aae602ef40d87444','c5b97a044c9844529fc48383d141e73c','</div></div></div></div></div>','admin','ZKEASOFT','2018-05-21 23:46:28.817','admin','ZKEASOFT','2018-05-21 23:46:28.817'),
(408,'0846a33e56bf45d5aae602ef40d87444','4b889b430aa44517bbad38a57c745cc5','<div class="main custom-style container-fluid"><div class="additional row"><div class="additional col-md-12"><div class="colContent row"><div class="additional zone">','admin','ZKEASOFT','2018-05-21 23:46:34.763','admin','ZKEASOFT','2018-05-21 23:46:34.763'),
(409,'0846a33e56bf45d5aae602ef40d87444','4b889b430aa44517bbad38a57c745cc5','<zone>','admin','ZKEASOFT','2018-05-21 23:46:34.767','admin','ZKEASOFT','2018-05-21 23:46:34.767'),
(410,'0846a33e56bf45d5aae602ef40d87444','4b889b430aa44517bbad38a57c745cc5','ZONE-0','admin','ZKEASOFT','2018-05-21 23:46:34.770','admin','ZKEASOFT','2018-05-21 23:46:34.770'),
(411,'0846a33e56bf45d5aae602ef40d87444','4b889b430aa44517bbad38a57c745cc5','</zone>','admin','ZKEASOFT','2018-05-21 23:46:34.773','admin','ZKEASOFT','2018-05-21 23:46:34.773'),
(412,'0846a33e56bf45d5aae602ef40d87444','4b889b430aa44517bbad38a57c745cc5','</div></div></div></div></div>
    <div class="container main"><div class="additional row"><div class="additional col-md-12"><div class="colContent row"><div class="additional zone">','admin','ZKEASOFT','2018-05-21 23:46:34.773','admin','ZKEASOFT','2018-05-21 23:46:34.773'),
(413,'0846a33e56bf45d5aae602ef40d87444','4b889b430aa44517bbad38a57c745cc5','<zone>','admin','ZKEASOFT','2018-05-21 23:46:34.777','admin','ZKEASOFT','2018-05-21 23:46:34.777'),
(414,'0846a33e56bf45d5aae602ef40d87444','4b889b430aa44517bbad38a57c745cc5','ZONE-1','admin','ZKEASOFT','2018-05-21 23:46:34.777','admin','ZKEASOFT','2018-05-21 23:46:34.777'),
(415,'0846a33e56bf45d5aae602ef40d87444','4b889b430aa44517bbad38a57c745cc5','</zone>','admin','ZKEASOFT','2018-05-21 23:46:34.783','admin','ZKEASOFT','2018-05-21 23:46:34.783'),
(416,'0846a33e56bf45d5aae602ef40d87444','4b889b430aa44517bbad38a57c745cc5','</div></div></div></div><div class="additional row"><div class="additional col-md-8"><div class="colContent row"><div class="additional zone">','admin','ZKEASOFT','2018-05-21 23:46:34.783','admin','ZKEASOFT','2018-05-21 23:46:34.783'),
(417,'0846a33e56bf45d5aae602ef40d87444','4b889b430aa44517bbad38a57c745cc5','<zone>','admin','ZKEASOFT','2018-05-21 23:46:34.797','admin','ZKEASOFT','2018-05-21 23:46:34.797'),
(418,'0846a33e56bf45d5aae602ef40d87444','4b889b430aa44517bbad38a57c745cc5','ZONE-2','admin','ZKEASOFT','2018-05-21 23:46:34.800','admin','ZKEASOFT','2018-05-21 23:46:34.800'),
(419,'0846a33e56bf45d5aae602ef40d87444','4b889b430aa44517bbad38a57c745cc5','</zone>','admin','ZKEASOFT','2018-05-21 23:46:34.800','admin','ZKEASOFT','2018-05-21 23:46:34.800'),
(420,'0846a33e56bf45d5aae602ef40d87444','4b889b430aa44517bbad38a57c745cc5','</div></div></div><div class="additional col-md-4"><div class="colContent row"><div class="additional zone">','admin','ZKEASOFT','2018-05-21 23:46:34.803','admin','ZKEASOFT','2018-05-21 23:46:34.803'),
(421,'0846a33e56bf45d5aae602ef40d87444','4b889b430aa44517bbad38a57c745cc5','<zone>','admin','ZKEASOFT','2018-05-21 23:46:34.810','admin','ZKEASOFT','2018-05-21 23:46:34.810'),
(422,'0846a33e56bf45d5aae602ef40d87444','4b889b430aa44517bbad38a57c745cc5','ZONE-3','admin','ZKEASOFT','2018-05-21 23:46:34.817','admin','ZKEASOFT','2018-05-21 23:46:34.817'),
(423,'0846a33e56bf45d5aae602ef40d87444','4b889b430aa44517bbad38a57c745cc5','</zone>','admin','ZKEASOFT','2018-05-21 23:46:34.820','admin','ZKEASOFT','2018-05-21 23:46:34.820'),
(424,'0846a33e56bf45d5aae602ef40d87444','4b889b430aa44517bbad38a57c745cc5','</div></div></div></div></div><div class="main container-fluid"><div class="additional row"><div class="additional col-md-12"><div class="colContent row"><div class="additional zone">','admin','ZKEASOFT','2018-05-21 23:46:34.820','admin','ZKEASOFT','2018-05-21 23:46:34.820'),
(425,'0846a33e56bf45d5aae602ef40d87444','4b889b430aa44517bbad38a57c745cc5','<zone>','admin','ZKEASOFT','2018-05-21 23:46:34.827','admin','ZKEASOFT','2018-05-21 23:46:34.827'),
(426,'0846a33e56bf45d5aae602ef40d87444','4b889b430aa44517bbad38a57c745cc5','ZONE-4','admin','ZKEASOFT','2018-05-21 23:46:34.827','admin','ZKEASOFT','2018-05-21 23:46:34.827'),
(427,'0846a33e56bf45d5aae602ef40d87444','4b889b430aa44517bbad38a57c745cc5','</zone>','admin','ZKEASOFT','2018-05-21 23:46:34.833','admin','ZKEASOFT','2018-05-21 23:46:34.833'),
(428,'0846a33e56bf45d5aae602ef40d87444','4b889b430aa44517bbad38a57c745cc5','</div></div></div></div></div>','admin','ZKEASOFT','2018-05-21 23:46:34.833','admin','ZKEASOFT','2018-05-21 23:46:34.833'),
(429,'0846a33e56bf45d5aae602ef40d87444','e371628aa3ff46c3a167f121c7a3f32b','<div class="main custom-style container-fluid"><div class="additional row"><div class="additional col-md-12"><div class="colContent row"><div class="additional zone">','admin','ZKEASOFT','2018-05-22 11:31:26.443','admin','ZKEASOFT','2018-05-22 11:31:26.443'),
(430,'0846a33e56bf45d5aae602ef40d87444','e371628aa3ff46c3a167f121c7a3f32b','<zone>','admin','ZKEASOFT','2018-05-22 11:31:26.453','admin','ZKEASOFT','2018-05-22 11:31:26.453'),
(431,'0846a33e56bf45d5aae602ef40d87444','e371628aa3ff46c3a167f121c7a3f32b','ZONE-0','admin','ZKEASOFT','2018-05-22 11:31:26.453','admin','ZKEASOFT','2018-05-22 11:31:26.453'),
(432,'0846a33e56bf45d5aae602ef40d87444','e371628aa3ff46c3a167f121c7a3f32b','</zone>','admin','ZKEASOFT','2018-05-22 11:31:26.457','admin','ZKEASOFT','2018-05-22 11:31:26.457'),
(433,'0846a33e56bf45d5aae602ef40d87444','e371628aa3ff46c3a167f121c7a3f32b','</div></div></div></div></div>
    <div class="container main"><div class="additional row"><div class="additional col-md-12"><div class="colContent row"><div class="additional zone">','admin','ZKEASOFT','2018-05-22 11:31:26.457','admin','ZKEASOFT','2018-05-22 11:31:26.457'),
(434,'0846a33e56bf45d5aae602ef40d87444','e371628aa3ff46c3a167f121c7a3f32b','<zone>','admin','ZKEASOFT','2018-05-22 11:31:26.457','admin','ZKEASOFT','2018-05-22 11:31:26.457'),
(435,'0846a33e56bf45d5aae602ef40d87444','e371628aa3ff46c3a167f121c7a3f32b','ZONE-1','admin','ZKEASOFT','2018-05-22 11:31:26.460','admin','ZKEASOFT','2018-05-22 11:31:26.460'),
(436,'0846a33e56bf45d5aae602ef40d87444','e371628aa3ff46c3a167f121c7a3f32b','</zone>','admin','ZKEASOFT','2018-05-22 11:31:26.463','admin','ZKEASOFT','2018-05-22 11:31:26.463'),
(437,'0846a33e56bf45d5aae602ef40d87444','e371628aa3ff46c3a167f121c7a3f32b','</div></div></div></div><div class="additional row"><div class="additional col-md-8"><div class="colContent row"><div class="additional zone">','admin','ZKEASOFT','2018-05-22 11:31:26.463','admin','ZKEASOFT','2018-05-22 11:31:26.463'),
(438,'0846a33e56bf45d5aae602ef40d87444','e371628aa3ff46c3a167f121c7a3f32b','<zone>','admin','ZKEASOFT','2018-05-22 11:31:26.467','admin','ZKEASOFT','2018-05-22 11:31:26.467'),
(439,'0846a33e56bf45d5aae602ef40d87444','e371628aa3ff46c3a167f121c7a3f32b','ZONE-2','admin','ZKEASOFT','2018-05-22 11:31:26.467','admin','ZKEASOFT','2018-05-22 11:31:26.467'),
(440,'0846a33e56bf45d5aae602ef40d87444','e371628aa3ff46c3a167f121c7a3f32b','</zone>','admin','ZKEASOFT','2018-05-22 11:31:26.470','admin','ZKEASOFT','2018-05-22 11:31:26.470'),
(441,'0846a33e56bf45d5aae602ef40d87444','e371628aa3ff46c3a167f121c7a3f32b','</div></div></div><div class="additional col-md-4"><div class="colContent row"><div class="additional zone">','admin','ZKEASOFT','2018-05-22 11:31:26.473','admin','ZKEASOFT','2018-05-22 11:31:26.473'),
(442,'0846a33e56bf45d5aae602ef40d87444','e371628aa3ff46c3a167f121c7a3f32b','<zone>','admin','ZKEASOFT','2018-05-22 11:31:26.473','admin','ZKEASOFT','2018-05-22 11:31:26.473'),
(443,'0846a33e56bf45d5aae602ef40d87444','e371628aa3ff46c3a167f121c7a3f32b','ZONE-3','admin','ZKEASOFT','2018-05-22 11:31:26.477','admin','ZKEASOFT','2018-05-22 11:31:26.477'),
(444,'0846a33e56bf45d5aae602ef40d87444','e371628aa3ff46c3a167f121c7a3f32b','</zone>','admin','ZKEASOFT','2018-05-22 11:31:26.480','admin','ZKEASOFT','2018-05-22 11:31:26.480'),
(445,'0846a33e56bf45d5aae602ef40d87444','e371628aa3ff46c3a167f121c7a3f32b','</div></div></div></div></div><div class="main container-fluid"><div class="additional row"><div class="additional col-md-12"><div class="colContent row"><div class="additional zone">','admin','ZKEASOFT','2018-05-22 11:31:26.480','admin','ZKEASOFT','2018-05-22 11:31:26.480'),
(446,'0846a33e56bf45d5aae602ef40d87444','e371628aa3ff46c3a167f121c7a3f32b','<zone>','admin','ZKEASOFT','2018-05-22 11:31:26.483','admin','ZKEASOFT','2018-05-22 11:31:26.483'),
(447,'0846a33e56bf45d5aae602ef40d87444','e371628aa3ff46c3a167f121c7a3f32b','ZONE-4','admin','ZKEASOFT','2018-05-22 11:31:26.483','admin','ZKEASOFT','2018-05-22 11:31:26.483'),
(448,'0846a33e56bf45d5aae602ef40d87444','e371628aa3ff46c3a167f121c7a3f32b','</zone>','admin','ZKEASOFT','2018-05-22 11:31:26.487','admin','ZKEASOFT','2018-05-22 11:31:26.487'),
(449,'0846a33e56bf45d5aae602ef40d87444','e371628aa3ff46c3a167f121c7a3f32b','</div></div></div></div></div>','admin','ZKEASOFT','2018-05-22 11:31:26.487','admin','ZKEASOFT','2018-05-22 11:31:26.487'),
(450,'0846a33e56bf45d5aae602ef40d87444','a3d735320eb04c63bf3258d7b44e30f8','<div class="main custom-style container-fluid"><div class="additional row"><div class="additional col-md-12"><div class="colContent row"><div class="additional zone">','admin','ZKEASOFT','2018-05-22 11:31:31.517','admin','ZKEASOFT','2018-05-22 11:31:31.517'),
(451,'0846a33e56bf45d5aae602ef40d87444','a3d735320eb04c63bf3258d7b44e30f8','<zone>','admin','ZKEASOFT','2018-05-22 11:31:31.520','admin','ZKEASOFT','2018-05-22 11:31:31.520'),
(452,'0846a33e56bf45d5aae602ef40d87444','a3d735320eb04c63bf3258d7b44e30f8','ZONE-0','admin','ZKEASOFT','2018-05-22 11:31:31.537','admin','ZKEASOFT','2018-05-22 11:31:31.537'),
(453,'0846a33e56bf45d5aae602ef40d87444','a3d735320eb04c63bf3258d7b44e30f8','</zone>','admin','ZKEASOFT','2018-05-22 11:31:31.547','admin','ZKEASOFT','2018-05-22 11:31:31.547'),
(454,'0846a33e56bf45d5aae602ef40d87444','a3d735320eb04c63bf3258d7b44e30f8','</div></div></div></div></div>
    <div class="container main"><div class="additional row"><div class="additional col-md-12"><div class="colContent row"><div class="additional zone">','admin','ZKEASOFT','2018-05-22 11:31:31.560','admin','ZKEASOFT','2018-05-22 11:31:31.560'),
(455,'0846a33e56bf45d5aae602ef40d87444','a3d735320eb04c63bf3258d7b44e30f8','<zone>','admin','ZKEASOFT','2018-05-22 11:31:31.580','admin','ZKEASOFT','2018-05-22 11:31:31.580'),
(456,'0846a33e56bf45d5aae602ef40d87444','a3d735320eb04c63bf3258d7b44e30f8','ZONE-1','admin','ZKEASOFT','2018-05-22 11:31:31.593','admin','ZKEASOFT','2018-05-22 11:31:31.593'),
(457,'0846a33e56bf45d5aae602ef40d87444','a3d735320eb04c63bf3258d7b44e30f8','</zone>','admin','ZKEASOFT','2018-05-22 11:31:31.607','admin','ZKEASOFT','2018-05-22 11:31:31.607'),
(458,'0846a33e56bf45d5aae602ef40d87444','a3d735320eb04c63bf3258d7b44e30f8','</div></div></div></div><div class="additional row"><div class="additional col-md-8"><div class="colContent row"><div class="additional zone">','admin','ZKEASOFT','2018-05-22 11:31:31.617','admin','ZKEASOFT','2018-05-22 11:31:31.617'),
(459,'0846a33e56bf45d5aae602ef40d87444','a3d735320eb04c63bf3258d7b44e30f8','<zone>','admin','ZKEASOFT','2018-05-22 11:31:31.620','admin','ZKEASOFT','2018-05-22 11:31:31.620'),
(460,'0846a33e56bf45d5aae602ef40d87444','a3d735320eb04c63bf3258d7b44e30f8','ZONE-2','admin','ZKEASOFT','2018-05-22 11:31:31.620','admin','ZKEASOFT','2018-05-22 11:31:31.620'),
(461,'0846a33e56bf45d5aae602ef40d87444','a3d735320eb04c63bf3258d7b44e30f8','</zone>','admin','ZKEASOFT','2018-05-22 11:31:31.627','admin','ZKEASOFT','2018-05-22 11:31:31.627'),
(462,'0846a33e56bf45d5aae602ef40d87444','a3d735320eb04c63bf3258d7b44e30f8','</div></div></div><div class="additional col-md-4"><div class="colContent row"><div class="additional zone">','admin','ZKEASOFT','2018-05-22 11:31:31.640','admin','ZKEASOFT','2018-05-22 11:31:31.640'),
(463,'0846a33e56bf45d5aae602ef40d87444','a3d735320eb04c63bf3258d7b44e30f8','<zone>','admin','ZKEASOFT','2018-05-22 11:31:31.653','admin','ZKEASOFT','2018-05-22 11:31:31.653'),
(464,'0846a33e56bf45d5aae602ef40d87444','a3d735320eb04c63bf3258d7b44e30f8','ZONE-3','admin','ZKEASOFT','2018-05-22 11:31:31.663','admin','ZKEASOFT','2018-05-22 11:31:31.663'),
(465,'0846a33e56bf45d5aae602ef40d87444','a3d735320eb04c63bf3258d7b44e30f8','</zone>','admin','ZKEASOFT','2018-05-22 11:31:31.677','admin','ZKEASOFT','2018-05-22 11:31:31.677'),
(466,'0846a33e56bf45d5aae602ef40d87444','a3d735320eb04c63bf3258d7b44e30f8','</div></div></div></div></div><div class="main container-fluid"><div class="additional row"><div class="additional col-md-12"><div class="colContent row"><div class="additional zone">','admin','ZKEASOFT','2018-05-22 11:31:31.687','admin','ZKEASOFT','2018-05-22 11:31:31.687'),
(467,'0846a33e56bf45d5aae602ef40d87444','a3d735320eb04c63bf3258d7b44e30f8','<zone>','admin','ZKEASOFT','2018-05-22 11:31:31.700','admin','ZKEASOFT','2018-05-22 11:31:31.700'),
(468,'0846a33e56bf45d5aae602ef40d87444','a3d735320eb04c63bf3258d7b44e30f8','ZONE-4','admin','ZKEASOFT','2018-05-22 11:31:31.713','admin','ZKEASOFT','2018-05-22 11:31:31.713'),
(469,'0846a33e56bf45d5aae602ef40d87444','a3d735320eb04c63bf3258d7b44e30f8','</zone>','admin','ZKEASOFT','2018-05-22 11:31:31.723','admin','ZKEASOFT','2018-05-22 11:31:31.723'),
(470,'0846a33e56bf45d5aae602ef40d87444','a3d735320eb04c63bf3258d7b44e30f8','</div></div></div></div></div>','admin','ZKEASOFT','2018-05-22 11:31:31.737','admin','ZKEASOFT','2018-05-22 11:31:31.737'),
(471,'0846a33e56bf45d5aae602ef40d87444','9d84599edb2443439a53e8d906815c8f','<div class="main custom-style container-fluid"><div class="additional row"><div class="additional col-md-12"><div class="colContent row"><div class="additional zone">','admin','ZKEASOFT','2018-05-22 11:31:35.700','admin','ZKEASOFT','2018-05-22 11:31:35.700'),
(472,'0846a33e56bf45d5aae602ef40d87444','9d84599edb2443439a53e8d906815c8f','<zone>','admin','ZKEASOFT','2018-05-22 11:31:35.700','admin','ZKEASOFT','2018-05-22 11:31:35.700'),
(473,'0846a33e56bf45d5aae602ef40d87444','9d84599edb2443439a53e8d906815c8f','ZONE-0','admin','ZKEASOFT','2018-05-22 11:31:35.713','admin','ZKEASOFT','2018-05-22 11:31:35.713'),
(474,'0846a33e56bf45d5aae602ef40d87444','9d84599edb2443439a53e8d906815c8f','</zone>','admin','ZKEASOFT','2018-05-22 11:31:35.723','admin','ZKEASOFT','2018-05-22 11:31:35.723'),
(475,'0846a33e56bf45d5aae602ef40d87444','9d84599edb2443439a53e8d906815c8f','</div></div></div></div></div>
    <div class="container main"><div class="additional row"><div class="additional col-md-12"><div class="colContent row"><div class="additional zone">','admin','ZKEASOFT','2018-05-22 11:31:35.737','admin','ZKEASOFT','2018-05-22 11:31:35.737'),
(476,'0846a33e56bf45d5aae602ef40d87444','9d84599edb2443439a53e8d906815c8f','<zone>','admin','ZKEASOFT','2018-05-22 11:31:35.750','admin','ZKEASOFT','2018-05-22 11:31:35.750'),
(477,'0846a33e56bf45d5aae602ef40d87444','9d84599edb2443439a53e8d906815c8f','ZONE-1','admin','ZKEASOFT','2018-05-22 11:31:35.763','admin','ZKEASOFT','2018-05-22 11:31:35.763'),
(478,'0846a33e56bf45d5aae602ef40d87444','9d84599edb2443439a53e8d906815c8f','</zone>','admin','ZKEASOFT','2018-05-22 11:31:35.773','admin','ZKEASOFT','2018-05-22 11:31:35.773'),
(479,'0846a33e56bf45d5aae602ef40d87444','9d84599edb2443439a53e8d906815c8f','</div></div></div></div><div class="additional row"><div class="additional col-md-8"><div class="colContent row"><div class="additional zone">','admin','ZKEASOFT','2018-05-22 11:31:35.787','admin','ZKEASOFT','2018-05-22 11:31:35.787'),
(480,'0846a33e56bf45d5aae602ef40d87444','9d84599edb2443439a53e8d906815c8f','<zone>','admin','ZKEASOFT','2018-05-22 11:31:35.800','admin','ZKEASOFT','2018-05-22 11:31:35.800'),
(481,'0846a33e56bf45d5aae602ef40d87444','9d84599edb2443439a53e8d906815c8f','ZONE-2','admin','ZKEASOFT','2018-05-22 11:31:35.813','admin','ZKEASOFT','2018-05-22 11:31:35.813'),
(482,'0846a33e56bf45d5aae602ef40d87444','9d84599edb2443439a53e8d906815c8f','</zone>','admin','ZKEASOFT','2018-05-22 11:31:35.823','admin','ZKEASOFT','2018-05-22 11:31:35.823'),
(483,'0846a33e56bf45d5aae602ef40d87444','9d84599edb2443439a53e8d906815c8f','</div></div></div><div class="additional col-md-4"><div class="colContent row"><div class="additional zone">','admin','ZKEASOFT','2018-05-22 11:31:35.837','admin','ZKEASOFT','2018-05-22 11:31:35.837'),
(484,'0846a33e56bf45d5aae602ef40d87444','9d84599edb2443439a53e8d906815c8f','<zone>','admin','ZKEASOFT','2018-05-22 11:31:35.850','admin','ZKEASOFT','2018-05-22 11:31:35.850'),
(485,'0846a33e56bf45d5aae602ef40d87444','9d84599edb2443439a53e8d906815c8f','ZONE-3','admin','ZKEASOFT','2018-05-22 11:31:35.860','admin','ZKEASOFT','2018-05-22 11:31:35.860'),
(486,'0846a33e56bf45d5aae602ef40d87444','9d84599edb2443439a53e8d906815c8f','</zone>','admin','ZKEASOFT','2018-05-22 11:31:35.873','admin','ZKEASOFT','2018-05-22 11:31:35.873'),
(487,'0846a33e56bf45d5aae602ef40d87444','9d84599edb2443439a53e8d906815c8f','</div></div></div></div></div><div class="main container-fluid"><div class="additional row"><div class="additional col-md-12"><div class="colContent row"><div class="additional zone">','admin','ZKEASOFT','2018-05-22 11:31:35.887','admin','ZKEASOFT','2018-05-22 11:31:35.887'),
(488,'0846a33e56bf45d5aae602ef40d87444','9d84599edb2443439a53e8d906815c8f','<zone>','admin','ZKEASOFT','2018-05-22 11:31:35.897','admin','ZKEASOFT','2018-05-22 11:31:35.897'),
(489,'0846a33e56bf45d5aae602ef40d87444','9d84599edb2443439a53e8d906815c8f','ZONE-4','admin','ZKEASOFT','2018-05-22 11:31:35.910','admin','ZKEASOFT','2018-05-22 11:31:35.910'),
(490,'0846a33e56bf45d5aae602ef40d87444','9d84599edb2443439a53e8d906815c8f','</zone>','admin','ZKEASOFT','2018-05-22 11:31:35.923','admin','ZKEASOFT','2018-05-22 11:31:35.923'),
(491,'0846a33e56bf45d5aae602ef40d87444','9d84599edb2443439a53e8d906815c8f','</div></div></div></div></div>','admin','ZKEASOFT','2018-05-22 11:31:35.937','admin','ZKEASOFT','2018-05-22 11:31:35.937'),
(492,'0846a33e56bf45d5aae602ef40d87444','a8d73e29b1eb4b7ea43420e2b6bf2c1b','<div class="main custom-style container-fluid"><div class="additional row"><div class="additional col-md-12"><div class="colContent row"><div class="additional zone">','admin','ZKEASOFT','2018-05-22 11:31:39.900','admin','ZKEASOFT','2018-05-22 11:31:39.900'),
(493,'0846a33e56bf45d5aae602ef40d87444','a8d73e29b1eb4b7ea43420e2b6bf2c1b','<zone>','admin','ZKEASOFT','2018-05-22 11:31:39.900','admin','ZKEASOFT','2018-05-22 11:31:39.900'),
(494,'0846a33e56bf45d5aae602ef40d87444','a8d73e29b1eb4b7ea43420e2b6bf2c1b','ZONE-0','admin','ZKEASOFT','2018-05-22 11:31:39.903','admin','ZKEASOFT','2018-05-22 11:31:39.903'),
(495,'0846a33e56bf45d5aae602ef40d87444','a8d73e29b1eb4b7ea43420e2b6bf2c1b','</zone>','admin','ZKEASOFT','2018-05-22 11:31:39.903','admin','ZKEASOFT','2018-05-22 11:31:39.903'),
(496,'0846a33e56bf45d5aae602ef40d87444','a8d73e29b1eb4b7ea43420e2b6bf2c1b','</div></div></div></div></div>
    <div class="container main"><div class="additional row"><div class="additional col-md-12"><div class="colContent row"><div class="additional zone">','admin','ZKEASOFT','2018-05-22 11:31:39.907','admin','ZKEASOFT','2018-05-22 11:31:39.907'),
(497,'0846a33e56bf45d5aae602ef40d87444','a8d73e29b1eb4b7ea43420e2b6bf2c1b','<zone>','admin','ZKEASOFT','2018-05-22 11:31:39.907','admin','ZKEASOFT','2018-05-22 11:31:39.907'),
(498,'0846a33e56bf45d5aae602ef40d87444','a8d73e29b1eb4b7ea43420e2b6bf2c1b','ZONE-1','admin','ZKEASOFT','2018-05-22 11:31:39.907','admin','ZKEASOFT','2018-05-22 11:31:39.907'),
(499,'0846a33e56bf45d5aae602ef40d87444','a8d73e29b1eb4b7ea43420e2b6bf2c1b','</zone>','admin','ZKEASOFT','2018-05-22 11:31:39.910','admin','ZKEASOFT','2018-05-22 11:31:39.910'),
(500,'0846a33e56bf45d5aae602ef40d87444','a8d73e29b1eb4b7ea43420e2b6bf2c1b','</div></div></div></div><div class="additional row"><div class="additional col-md-8"><div class="colContent row"><div class="additional zone">','admin','ZKEASOFT','2018-05-22 11:31:39.913','admin','ZKEASOFT','2018-05-22 11:31:39.913'),
(501,'0846a33e56bf45d5aae602ef40d87444','a8d73e29b1eb4b7ea43420e2b6bf2c1b','<zone>','admin','ZKEASOFT','2018-05-22 11:31:39.913','admin','ZKEASOFT','2018-05-22 11:31:39.913'),
(502,'0846a33e56bf45d5aae602ef40d87444','a8d73e29b1eb4b7ea43420e2b6bf2c1b','ZONE-2','admin','ZKEASOFT','2018-05-22 11:31:39.917','admin','ZKEASOFT','2018-05-22 11:31:39.917'),
(503,'0846a33e56bf45d5aae602ef40d87444','a8d73e29b1eb4b7ea43420e2b6bf2c1b','</zone>','admin','ZKEASOFT','2018-05-22 11:31:39.917','admin','ZKEASOFT','2018-05-22 11:31:39.917'),
(504,'0846a33e56bf45d5aae602ef40d87444','a8d73e29b1eb4b7ea43420e2b6bf2c1b','</div></div></div><div class="additional col-md-4"><div class="colContent row"><div class="additional zone">','admin','ZKEASOFT','2018-05-22 11:31:39.920','admin','ZKEASOFT','2018-05-22 11:31:39.920'),
(505,'0846a33e56bf45d5aae602ef40d87444','a8d73e29b1eb4b7ea43420e2b6bf2c1b','<zone>','admin','ZKEASOFT','2018-05-22 11:31:39.923','admin','ZKEASOFT','2018-05-22 11:31:39.923'),
(506,'0846a33e56bf45d5aae602ef40d87444','a8d73e29b1eb4b7ea43420e2b6bf2c1b','ZONE-3','admin','ZKEASOFT','2018-05-22 11:31:39.927','admin','ZKEASOFT','2018-05-22 11:31:39.927'),
(507,'0846a33e56bf45d5aae602ef40d87444','a8d73e29b1eb4b7ea43420e2b6bf2c1b','</zone>','admin','ZKEASOFT','2018-05-22 11:31:39.930','admin','ZKEASOFT','2018-05-22 11:31:39.930'),
(508,'0846a33e56bf45d5aae602ef40d87444','a8d73e29b1eb4b7ea43420e2b6bf2c1b','</div></div></div></div></div><div class="main container-fluid"><div class="additional row"><div class="additional col-md-12"><div class="colContent row"><div class="additional zone">','admin','ZKEASOFT','2018-05-22 11:31:39.933','admin','ZKEASOFT','2018-05-22 11:31:39.933'),
(509,'0846a33e56bf45d5aae602ef40d87444','a8d73e29b1eb4b7ea43420e2b6bf2c1b','<zone>','admin','ZKEASOFT','2018-05-22 11:31:39.933','admin','ZKEASOFT','2018-05-22 11:31:39.933'),
(510,'0846a33e56bf45d5aae602ef40d87444','a8d73e29b1eb4b7ea43420e2b6bf2c1b','ZONE-4','admin','ZKEASOFT','2018-05-22 11:31:39.937','admin','ZKEASOFT','2018-05-22 11:31:39.937'),
(511,'0846a33e56bf45d5aae602ef40d87444','a8d73e29b1eb4b7ea43420e2b6bf2c1b','</zone>','admin','ZKEASOFT','2018-05-22 11:31:39.937','admin','ZKEASOFT','2018-05-22 11:31:39.937'),
(512,'0846a33e56bf45d5aae602ef40d87444','a8d73e29b1eb4b7ea43420e2b6bf2c1b','</div></div></div></div></div>','admin','ZKEASOFT','2018-05-22 11:31:39.937','admin','ZKEASOFT','2018-05-22 11:31:39.937'),
(513,'1dae90cf6a8547538cc0c369b9943c01','be49e3ec3b5a4f5eae3edaf8ba64f185','<div class="main custom-style container-fluid" style=""><div class="additional row"><div class="additional col-md-12"><div class="colContent row"><div class="additional zone">','admin','ZKEASOFT','2018-05-22 11:31:43.950','admin','ZKEASOFT','2018-05-22 11:31:43.950'),
(514,'1dae90cf6a8547538cc0c369b9943c01','be49e3ec3b5a4f5eae3edaf8ba64f185','<zone>','admin','ZKEASOFT','2018-05-22 11:31:43.953','admin','ZKEASOFT','2018-05-22 11:31:43.953'),
(515,'1dae90cf6a8547538cc0c369b9943c01','be49e3ec3b5a4f5eae3edaf8ba64f185','ZONE-0','admin','ZKEASOFT','2018-05-22 11:31:43.953','admin','ZKEASOFT','2018-05-22 11:31:43.953'),
(516,'1dae90cf6a8547538cc0c369b9943c01','be49e3ec3b5a4f5eae3edaf8ba64f185','</zone>','admin','ZKEASOFT','2018-05-22 11:31:43.957','admin','ZKEASOFT','2018-05-22 11:31:43.957'),
(517,'1dae90cf6a8547538cc0c369b9943c01','be49e3ec3b5a4f5eae3edaf8ba64f185','</div></div></div></div></div><div class="container main custom-style"><div class="additional row"><div class="additional col-md-12"><div class="colContent row"><div class="additional zone">','admin','ZKEASOFT','2018-05-22 11:31:43.957','admin','ZKEASOFT','2018-05-22 11:31:43.957'),
(518,'1dae90cf6a8547538cc0c369b9943c01','be49e3ec3b5a4f5eae3edaf8ba64f185','<zone>','admin','ZKEASOFT','2018-05-22 11:31:43.963','admin','ZKEASOFT','2018-05-22 11:31:43.963'),
(519,'1dae90cf6a8547538cc0c369b9943c01','be49e3ec3b5a4f5eae3edaf8ba64f185','ZONE-1','admin','ZKEASOFT','2018-05-22 11:31:43.967','admin','ZKEASOFT','2018-05-22 11:31:43.967'),
(520,'1dae90cf6a8547538cc0c369b9943c01','be49e3ec3b5a4f5eae3edaf8ba64f185','</zone>','admin','ZKEASOFT','2018-05-22 11:31:43.967','admin','ZKEASOFT','2018-05-22 11:31:43.967'),
(521,'1dae90cf6a8547538cc0c369b9943c01','be49e3ec3b5a4f5eae3edaf8ba64f185','</div></div></div></div><div class="additional row"><div class="additional col-md-6"><div class="colContent row"><div class="additional zone">','admin','ZKEASOFT','2018-05-22 11:31:43.970','admin','ZKEASOFT','2018-05-22 11:31:43.970'),
(522,'1dae90cf6a8547538cc0c369b9943c01','be49e3ec3b5a4f5eae3edaf8ba64f185','<zone>','admin','ZKEASOFT','2018-05-22 11:31:43.973','admin','ZKEASOFT','2018-05-22 11:31:43.973'),
(523,'1dae90cf6a8547538cc0c369b9943c01','be49e3ec3b5a4f5eae3edaf8ba64f185','ZONE-2','admin','ZKEASOFT','2018-05-22 11:31:43.977','admin','ZKEASOFT','2018-05-22 11:31:43.977'),
(524,'1dae90cf6a8547538cc0c369b9943c01','be49e3ec3b5a4f5eae3edaf8ba64f185','</zone>','admin','ZKEASOFT','2018-05-22 11:31:43.980','admin','ZKEASOFT','2018-05-22 11:31:43.980'),
(525,'1dae90cf6a8547538cc0c369b9943c01','be49e3ec3b5a4f5eae3edaf8ba64f185','</div></div></div><div class="additional col-md-6"><div class="colContent row"><div class="additional zone">','admin','ZKEASOFT','2018-05-22 11:31:43.983','admin','ZKEASOFT','2018-05-22 11:31:43.983'),
(526,'1dae90cf6a8547538cc0c369b9943c01','be49e3ec3b5a4f5eae3edaf8ba64f185','<zone>','admin','ZKEASOFT','2018-05-22 11:31:43.983','admin','ZKEASOFT','2018-05-22 11:31:43.983'),
(527,'1dae90cf6a8547538cc0c369b9943c01','be49e3ec3b5a4f5eae3edaf8ba64f185','ZONE-3','admin','ZKEASOFT','2018-05-22 11:31:43.987','admin','ZKEASOFT','2018-05-22 11:31:43.987'),
(528,'1dae90cf6a8547538cc0c369b9943c01','be49e3ec3b5a4f5eae3edaf8ba64f185','</zone>','admin','ZKEASOFT','2018-05-22 11:31:43.987','admin','ZKEASOFT','2018-05-22 11:31:43.987'),
(529,'1dae90cf6a8547538cc0c369b9943c01','be49e3ec3b5a4f5eae3edaf8ba64f185','</div></div></div></div></div>
    <div class="main container-fluid"><div class="additional row"><div class="additional col-md-12"><div class="colContent row"><div class="additional zone">','admin','ZKEASOFT','2018-05-22 11:31:43.990','admin','ZKEASOFT','2018-05-22 11:31:43.990'),
(530,'1dae90cf6a8547538cc0c369b9943c01','be49e3ec3b5a4f5eae3edaf8ba64f185','<zone>','admin','ZKEASOFT','2018-05-22 11:31:43.990','admin','ZKEASOFT','2018-05-22 11:31:43.990'),
(531,'1dae90cf6a8547538cc0c369b9943c01','be49e3ec3b5a4f5eae3edaf8ba64f185','ZONE-4','admin','ZKEASOFT','2018-05-22 11:31:43.993','admin','ZKEASOFT','2018-05-22 11:31:43.993'),
(532,'1dae90cf6a8547538cc0c369b9943c01','be49e3ec3b5a4f5eae3edaf8ba64f185','</zone>','admin','ZKEASOFT','2018-05-22 11:31:43.997','admin','ZKEASOFT','2018-05-22 11:31:43.997'),
(533,'1dae90cf6a8547538cc0c369b9943c01','be49e3ec3b5a4f5eae3edaf8ba64f185','</div></div></div></div></div>','admin','ZKEASOFT','2018-05-22 11:31:44.000','admin','ZKEASOFT','2018-05-22 11:31:44.000'),
(534,'1dae90cf6a8547538cc0c369b9943c01','1c93b61690ce49d7af8e1ea45ac58eb9','<div class="main custom-style container-fluid" style=""><div class="additional row"><div class="additional col-md-12"><div class="colContent row"><div class="additional zone">','admin','ZKEASOFT','2018-05-22 11:31:49.357','admin','ZKEASOFT','2018-05-22 11:31:49.357'),
(535,'1dae90cf6a8547538cc0c369b9943c01','1c93b61690ce49d7af8e1ea45ac58eb9','<zone>','admin','ZKEASOFT','2018-05-22 11:31:49.360','admin','ZKEASOFT','2018-05-22 11:31:49.360'),
(536,'1dae90cf6a8547538cc0c369b9943c01','1c93b61690ce49d7af8e1ea45ac58eb9','ZONE-0','admin','ZKEASOFT','2018-05-22 11:31:49.373','admin','ZKEASOFT','2018-05-22 11:31:49.373'),
(537,'1dae90cf6a8547538cc0c369b9943c01','1c93b61690ce49d7af8e1ea45ac58eb9','</zone>','admin','ZKEASOFT','2018-05-22 11:31:49.387','admin','ZKEASOFT','2018-05-22 11:31:49.387'),
(538,'1dae90cf6a8547538cc0c369b9943c01','1c93b61690ce49d7af8e1ea45ac58eb9','</div></div></div></div></div><div class="container main custom-style"><div class="additional row"><div class="additional col-md-12"><div class="colContent row"><div class="additional zone">','admin','ZKEASOFT','2018-05-22 11:31:49.397','admin','ZKEASOFT','2018-05-22 11:31:49.397'),
(539,'1dae90cf6a8547538cc0c369b9943c01','1c93b61690ce49d7af8e1ea45ac58eb9','<zone>','admin','ZKEASOFT','2018-05-22 11:31:49.410','admin','ZKEASOFT','2018-05-22 11:31:49.410'),
(540,'1dae90cf6a8547538cc0c369b9943c01','1c93b61690ce49d7af8e1ea45ac58eb9','ZONE-1','admin','ZKEASOFT','2018-05-22 11:31:49.427','admin','ZKEASOFT','2018-05-22 11:31:49.427'),
(541,'1dae90cf6a8547538cc0c369b9943c01','1c93b61690ce49d7af8e1ea45ac58eb9','</zone>','admin','ZKEASOFT','2018-05-22 11:31:49.440','admin','ZKEASOFT','2018-05-22 11:31:49.440'),
(542,'1dae90cf6a8547538cc0c369b9943c01','1c93b61690ce49d7af8e1ea45ac58eb9','</div></div></div></div><div class="additional row"><div class="additional col-md-6"><div class="colContent row"><div class="additional zone">','admin','ZKEASOFT','2018-05-22 11:31:49.453','admin','ZKEASOFT','2018-05-22 11:31:49.453'),
(543,'1dae90cf6a8547538cc0c369b9943c01','1c93b61690ce49d7af8e1ea45ac58eb9','<zone>','admin','ZKEASOFT','2018-05-22 11:31:49.463','admin','ZKEASOFT','2018-05-22 11:31:49.463'),
(544,'1dae90cf6a8547538cc0c369b9943c01','1c93b61690ce49d7af8e1ea45ac58eb9','ZONE-2','admin','ZKEASOFT','2018-05-22 11:31:49.477','admin','ZKEASOFT','2018-05-22 11:31:49.477'),
(545,'1dae90cf6a8547538cc0c369b9943c01','1c93b61690ce49d7af8e1ea45ac58eb9','</zone>','admin','ZKEASOFT','2018-05-22 11:31:49.490','admin','ZKEASOFT','2018-05-22 11:31:49.490'),
(546,'1dae90cf6a8547538cc0c369b9943c01','1c93b61690ce49d7af8e1ea45ac58eb9','</div></div></div><div class="additional col-md-6"><div class="colContent row"><div class="additional zone">','admin','ZKEASOFT','2018-05-22 11:31:49.503','admin','ZKEASOFT','2018-05-22 11:31:49.503'),
(547,'1dae90cf6a8547538cc0c369b9943c01','1c93b61690ce49d7af8e1ea45ac58eb9','<zone>','admin','ZKEASOFT','2018-05-22 11:31:49.517','admin','ZKEASOFT','2018-05-22 11:31:49.517'),
(548,'1dae90cf6a8547538cc0c369b9943c01','1c93b61690ce49d7af8e1ea45ac58eb9','ZONE-3','admin','ZKEASOFT','2018-05-22 11:31:49.527','admin','ZKEASOFT','2018-05-22 11:31:49.527'),
(549,'1dae90cf6a8547538cc0c369b9943c01','1c93b61690ce49d7af8e1ea45ac58eb9','</zone>','admin','ZKEASOFT','2018-05-22 11:31:49.540','admin','ZKEASOFT','2018-05-22 11:31:49.540'),
(550,'1dae90cf6a8547538cc0c369b9943c01','1c93b61690ce49d7af8e1ea45ac58eb9','</div></div></div></div></div>
    <div class="main container-fluid"><div class="additional row"><div class="additional col-md-12"><div class="colContent row"><div class="additional zone">','admin','ZKEASOFT','2018-05-22 11:31:49.553','admin','ZKEASOFT','2018-05-22 11:31:49.553'),
(551,'1dae90cf6a8547538cc0c369b9943c01','1c93b61690ce49d7af8e1ea45ac58eb9','<zone>','admin','ZKEASOFT','2018-05-22 11:31:49.567','admin','ZKEASOFT','2018-05-22 11:31:49.567'),
(552,'1dae90cf6a8547538cc0c369b9943c01','1c93b61690ce49d7af8e1ea45ac58eb9','ZONE-4','admin','ZKEASOFT','2018-05-22 11:31:49.580','admin','ZKEASOFT','2018-05-22 11:31:49.580'),
(553,'1dae90cf6a8547538cc0c369b9943c01','1c93b61690ce49d7af8e1ea45ac58eb9','</zone>','admin','ZKEASOFT','2018-05-22 11:31:49.593','admin','ZKEASOFT','2018-05-22 11:31:49.593'),
(554,'1dae90cf6a8547538cc0c369b9943c01','1c93b61690ce49d7af8e1ea45ac58eb9','</div></div></div></div></div>','admin','ZKEASOFT','2018-05-22 11:31:49.607','admin','ZKEASOFT','2018-05-22 11:31:49.607');
/*!40000 ALTER TABLE `CMS_LayoutHtml` ENABLE KEYS */;

DROP TABLE IF EXISTS `CMS_Media`;
CREATE TABLE `CMS_Media` (
	`ID` VARCHAR(50) CHARACTER SET utf8mb4  NOT NULL,
	`ParentID` VARCHAR(50) CHARACTER SET utf8mb4  NULL,
	`Title` VARCHAR(50) CHARACTER SET utf8mb4  NULL,
	`MediaType` INT  NULL,
	`Url` VARCHAR(100) CHARACTER SET utf8mb4  NULL,
	`Status` INT  NULL,
	`CreateBy` VARCHAR(50) CHARACTER SET utf8mb4  NULL,
	`CreatebyName` VARCHAR(100) CHARACTER SET utf8mb4  NULL,
	`CreateDate` DATETIME  NULL,
	`LastUpdateBy` VARCHAR(50) CHARACTER SET utf8mb4  NULL,
	`LastUpdateByName` VARCHAR(100) CHARACTER SET utf8mb4  NULL,
	`LastUpdateDate` DATETIME  NULL,
	`Description` VARCHAR(500) CHARACTER SET utf8mb4  NULL,
	PRIMARY KEY (`ID`)
);

/*!40000 ALTER TABLE `CMS_Media` DISABLE KEYS */;
INSERT INTO `CMS_Media` VALUES
('6056810a7ede46bb94b55b2756323640','#','图片',1,NULL,NULL,'admin','ZKEASOFT','2016-04-01 21:42:14.960','admin','ZKEASOFT','2016-04-01 21:42:14.960',NULL);
/*!40000 ALTER TABLE `CMS_Media` ENABLE KEYS */;

DROP TABLE IF EXISTS `CMS_Message`;
CREATE TABLE `CMS_Message` (
	`ID` INT AUTO_INCREMENT  NOT NULL,
	`Title` VARCHAR(50) CHARACTER SET utf8mb4  NULL,
	`Email` VARCHAR(50) CHARACTER SET utf8mb4  NOT NULL,
	`PostMessage` LONGTEXT CHARACTER SET utf8mb4  NOT NULL,
	`Reply` LONGTEXT CHARACTER SET utf8mb4  NULL,
	`Status` INT  NULL,
	`CreateBy` VARCHAR(50) CHARACTER SET utf8mb4  NULL,
	`CreatebyName` VARCHAR(100) CHARACTER SET utf8mb4  NULL,
	`CreateDate` DATETIME  NULL,
	`LastUpdateBy` VARCHAR(50) CHARACTER SET utf8mb4  NULL,
	`LastUpdateByName` VARCHAR(100) CHARACTER SET utf8mb4  NULL,
	`LastUpdateDate` DATETIME  NULL,
	`Description` VARCHAR(200) CHARACTER SET utf8mb4  NULL,
	PRIMARY KEY (`ID`)
);

/*!40000 ALTER TABLE `CMS_Message` DISABLE KEYS */;
INSERT INTO `CMS_Message` VALUES
(1,'ZKEASOFT','zkea@zkea.net','ZKEACMS是基于ASP.NET MVC4开发的开源CMS，提供免费下载学习使用。','KEACMS使用可视化编辑设计，所见即所得，可直接在页面上设计你要的页面。',1,'admin','ZKEASOFT','2017-03-19 21:02:34.260','admin','ZKEASOFT','2017-03-19 21:02:34.260',NULL),
(2,'ZKEASOFT','zkea@zkea.net','ZKEACMS使用可视化编辑设计','ZKEACMS是一个内容管理软件（网站），不仅只是管理内容，更是重新定义了布局、页面和组件，让用户可以自由规划页面的布局，页面和内容。',1,'admin','ZKEASOFT','2017-03-19 21:03:09.967','admin','ZKEASOFT','2017-03-19 21:03:09.967',NULL);
/*!40000 ALTER TABLE `CMS_Message` ENABLE KEYS */;

DROP TABLE IF EXISTS `CMS_Page`;
CREATE TABLE `CMS_Page` (
	`ID` VARCHAR(100) CHARACTER SET utf8mb4  NOT NULL,
	`ReferencePageID` VARCHAR(100) CHARACTER SET utf8mb4  NULL,
	`IsPublishedPage` TINYINT(1)  NULL,
	`ParentId` VARCHAR(100) CHARACTER SET utf8mb4  NULL,
	`PageName` VARCHAR(100) CHARACTER SET utf8mb4  NULL,
	`IsHomePage` TINYINT(1)  NOT NULL,
	`Url` VARCHAR(255) CHARACTER SET utf8mb4  NULL,
	`LayoutId` VARCHAR(100) CHARACTER SET utf8mb4  NULL,
	`Title` VARCHAR(255) CHARACTER SET utf8mb4  NULL,
	`Content` LONGTEXT CHARACTER SET utf8mb4  NULL,
	`DisplayOrder` INT  NULL,
	`Description` LONGTEXT CHARACTER SET utf8mb4  NULL,
	`Status` INT  NULL,
	`IsPublish` TINYINT(1)  NOT NULL,
	`PublishDate` DATETIME  NULL,
	`MetaKeyWorlds` VARCHAR(255) CHARACTER SET utf8mb4  NULL,
	`MetaDescription` VARCHAR(255) CHARACTER SET utf8mb4  NULL,
	`Script` VARCHAR(255) CHARACTER SET utf8mb4  NULL,
	`Style` VARCHAR(255) CHARACTER SET utf8mb4  NULL,
	`CreateBy` VARCHAR(50) CHARACTER SET utf8mb4  NULL,
	`CreatebyName` VARCHAR(100) CHARACTER SET utf8mb4  NULL,
	`CreateDate` DATETIME  NULL,
	`LastUpdateBy` VARCHAR(50) CHARACTER SET utf8mb4  NULL,
	`LastUpdateByName` VARCHAR(100) CHARACTER SET utf8mb4  NULL,
	`LastUpdateDate` DATETIME  NULL,
	PRIMARY KEY (`ID`),
	KEY `FK_CMS_Page_CMS_Layout` (`LayoutId`),
	CONSTRAINT `FK_CMS_Page_CMS_Layout` FOREIGN KEY (`LayoutId`) REFERENCES `CMS_Layout` (`ID`) ON DELETE NO ACTION ON UPDATE NO ACTION
);

/*!40000 ALTER TABLE `CMS_Page` DISABLE KEYS */;
INSERT INTO `CMS_Page` VALUES
('068c85b8de8744e7a81b1d1010583308','9d84599edb2443439a53e8d906815c8f',1,'#','产品',0,'~/product','0846a33e56bf45d5aae602ef40d87444','产品',NULL,4,NULL,1,0,'2016-05-15 20:56:40.843',NULL,NULL,NULL,NULL,'admin','ZKEASOFT','2016-05-15 20:56:40.843','admin','ZKEASOFT','2016-05-15 20:56:40.843'),
('0880a4dfdc184ff99b88c88325716d1b',NULL,0,'#','主页',1,'~/index','1dae90cf6a8547538cc0c369b9943c01','欢迎使用ZKEACMS进行创作',NULL,1,NULL,1,1,'2017-10-15 18:11:36.000',NULL,NULL,'[]','[]','admin',NULL,'2015-08-31 13:27:16.000','admin','ZKEASOFT','2019-08-01 16:52:01.177'),
('1c93b61690ce49d7af8e1ea45ac58eb9',NULL,0,'#','联系我们',0,'~/contact','1dae90cf6a8547538cc0c369b9943c01',' 联系我们',NULL,7,NULL,1,1,'2017-03-19 21:05:28.837',' 联系我们',' 联系我们',NULL,NULL,'admin','ZKEASOFT','2017-03-19 21:03:50.763','admin','ZKEASOFT','2017-03-19 21:05:16.280'),
('4b889b430aa44517bbad38a57c745cc5','a8d73e29b1eb4b7ea43420e2b6bf2c1b',1,'9d84599edb2443439a53e8d906815c8f','产品详细',0,'~/product/detail','0846a33e56bf45d5aae602ef40d87444',NULL,NULL,1,NULL,1,0,'2016-03-10 23:24:38.777',NULL,NULL,NULL,NULL,'admin','ZKEASOFT','2016-03-10 23:24:38.780','admin','ZKEASOFT','2016-03-10 23:24:38.780'),
('50fa3579e7434555a22f095dcb4ea35e','0880a4dfdc184ff99b88c88325716d1b',1,'#','主页',1,'~/index','1dae90cf6a8547538cc0c369b9943c01','欢迎使用ZKEACMS进行创作',NULL,1,NULL,1,0,'2017-10-15 18:11:36.273',NULL,NULL,NULL,NULL,'admin','ZKEASOFT','2017-10-15 18:11:36.277','admin','ZKEASOFT','2017-10-15 18:11:36.810'),
('534e07f396b14b7584a833d270356cb7','1c93b61690ce49d7af8e1ea45ac58eb9',1,'#','联系我们',0,'~/contact','1dae90cf6a8547538cc0c369b9943c01',' 联系我们',NULL,7,NULL,1,0,'2017-03-19 21:05:30.803',' 联系我们',' 联系我们',NULL,NULL,'admin','ZKEASOFT','2017-03-19 21:05:30.833','admin','ZKEASOFT','2017-03-19 21:05:31.050'),
('9ce910ba45a24fd2af804d6d0de7bba3','be49e3ec3b5a4f5eae3edaf8ba64f185',1,'#','问卷调查',0,'~/questionnaire','1dae90cf6a8547538cc0c369b9943c01','问卷调查 | ZKEASOFT',NULL,5,NULL,1,0,'2017-10-15 18:20:42.203',NULL,NULL,NULL,NULL,'admin','ZKEASOFT','2017-10-15 18:20:42.207','admin','ZKEASOFT','2017-10-15 18:20:42.217'),
('9d84599edb2443439a53e8d906815c8f',NULL,0,'#','产品',0,'~/product','0846a33e56bf45d5aae602ef40d87444','产品',NULL,4,NULL,1,1,'2016-05-15 20:56:40.763',NULL,NULL,NULL,NULL,'admin','ZKEASOFT','2016-03-10 23:18:10.430','admin','ZKEASOFT','2016-05-14 15:01:42.697'),
('a3d735320eb04c63bf3258d7b44e30f8',NULL,0,'e371628aa3ff46c3a167f121c7a3f32b','文章详细',0,'~/article/detail','0846a33e56bf45d5aae602ef40d87444',NULL,NULL,1,NULL,1,1,'2017-12-03 17:11:47.220',NULL,NULL,NULL,NULL,'admin','ZKEASOFT','2016-03-10 21:24:03.240','admin','ZKEASOFT','2017-12-03 17:11:47.223'),
('a8d73e29b1eb4b7ea43420e2b6bf2c1b',NULL,0,'9d84599edb2443439a53e8d906815c8f','产品详细',0,'~/product/detail','0846a33e56bf45d5aae602ef40d87444',NULL,NULL,1,NULL,1,1,'2016-03-10 23:24:38.743',NULL,NULL,NULL,NULL,'admin','ZKEASOFT','2016-03-10 23:20:11.263','admin','ZKEASOFT','2016-03-10 23:24:38.737'),
('be49e3ec3b5a4f5eae3edaf8ba64f185',NULL,0,'#','问卷调查',0,'~/questionnaire','1dae90cf6a8547538cc0c369b9943c01','问卷调查 | ZKEASOFT',NULL,5,NULL,1,1,'2017-10-15 18:20:42.193',NULL,NULL,NULL,NULL,'admin','ZKEASOFT','2017-10-15 17:58:52.057','admin','ZKEASOFT','2017-10-15 18:20:42.193'),
('c5b97a044c9844529fc48383d141e73c','a3d735320eb04c63bf3258d7b44e30f8',1,'e371628aa3ff46c3a167f121c7a3f32b','文章详细',0,'~/article/detail','0846a33e56bf45d5aae602ef40d87444',NULL,NULL,1,NULL,1,0,'2017-12-03 17:11:47.237',NULL,NULL,NULL,NULL,'admin','ZKEASOFT','2017-12-03 17:11:47.243','admin','ZKEASOFT','2017-12-03 17:11:47.307'),
('d070f202bb2f45ddbd35f0a7cfee1dfa','e371628aa3ff46c3a167f121c7a3f32b',1,'#','文章',0,'~/article','0846a33e56bf45d5aae602ef40d87444','文章',NULL,3,NULL,1,0,'2017-10-15 18:11:44.947',NULL,NULL,NULL,NULL,'admin','ZKEASOFT','2017-10-15 18:11:44.947','admin','ZKEASOFT','2017-10-15 18:11:45.367'),
('e371628aa3ff46c3a167f121c7a3f32b',NULL,0,'#','文章',0,'~/article','0846a33e56bf45d5aae602ef40d87444','文章',NULL,3,NULL,1,1,'2017-10-15 18:11:44.940',NULL,NULL,NULL,NULL,'admin','ZKEASOFT','2016-03-09 12:45:01.000','admin','ZKEASOFT','2017-10-15 18:11:44.940');
/*!40000 ALTER TABLE `CMS_Page` ENABLE KEYS */;

DROP TABLE IF EXISTS `CMS_Redirection`;
CREATE TABLE `CMS_Redirection` (
	`ID` INT AUTO_INCREMENT  NOT NULL,
	`Title` VARCHAR(200) CHARACTER SET utf8mb4  NOT NULL,
	`InComingUrl` VARCHAR(500) CHARACTER SET utf8mb4  NOT NULL,
	`DestinationURL` VARCHAR(500) CHARACTER SET utf8mb4  NOT NULL,
	`IsPermanent` TINYINT(1)  NOT NULL,
	`Description` VARCHAR(500) CHARACTER SET utf8mb4  NULL,
	`Status` INT  NULL,
	`CreateBy` VARCHAR(50) CHARACTER SET utf8mb4  NULL,
	`CreatebyName` VARCHAR(100) CHARACTER SET utf8mb4  NULL,
	`CreateDate` DATETIME  NULL,
	`LastUpdateBy` VARCHAR(50) CHARACTER SET utf8mb4  NULL,
	`LastUpdateByName` VARCHAR(100) CHARACTER SET utf8mb4  NULL,
	`LastUpdateDate` DATETIME  NULL,
	PRIMARY KEY (`ID`)
);

/*!40000 ALTER TABLE `CMS_Redirection` DISABLE KEYS */;
INSERT INTO `CMS_Redirection` VALUES
(1,'默认','~/','~/index',0,NULL,1,'admin','ZKEASOFT','2017-08-14 14:58:06.000','admin','ZKEASOFT','2017-08-14 15:53:01.387');
/*!40000 ALTER TABLE `CMS_Redirection` ENABLE KEYS */;

DROP TABLE IF EXISTS `CMS_Rule`;
CREATE TABLE `CMS_Rule` (
	`RuleID` INT AUTO_INCREMENT  NOT NULL,
	`Title` VARCHAR(50) CHARACTER SET utf8mb4  NULL,
	`ZoneName` VARCHAR(50) CHARACTER SET utf8mb4  NULL,
	`RuleExpression` VARCHAR(800) CHARACTER SET utf8mb4  NULL,
	`Description` VARCHAR(500) CHARACTER SET utf8mb4  NULL,
	`Status` INT  NULL,
	`CreateBy` VARCHAR(50) CHARACTER SET utf8mb4  NULL,
	`CreatebyName` VARCHAR(100) CHARACTER SET utf8mb4  NULL,
	`CreateDate` DATETIME  NULL,
	`LastUpdateBy` VARCHAR(50) CHARACTER SET utf8mb4  NULL,
	`LastUpdateByName` VARCHAR(100) CHARACTER SET utf8mb4  NULL,
	`LastUpdateDate` DATETIME  NULL,
	`RuleItems` LONGTEXT CHARACTER SET utf8mb4  NULL,
	PRIMARY KEY (`RuleID`)
);

/*!40000 ALTER TABLE `CMS_Rule` DISABLE KEYS */;
INSERT INTO `CMS_Rule` VALUES
(1,'所有页面','顶部','StartsWith(ValueOf(''Url''),''/'')',NULL,1,'admin','ZKEASOFT','2018-05-21 23:43:34.623','admin','ZKEASOFT','2018-05-21 23:43:34.623','[{"Condition":"and","FunctionName":"StartsWith","Property":"ValueOf(''Url'')","Value":"/","Title":null,"Description":null,"Status":null,"CreateBy":null,"CreatebyName":null,"CreateDate":null,"LastUpdateBy":null,"LastUpdateByName":null,"LastUpdateDate":null,"ActionType":1}]'),
(2,'所有页面','底部','StartsWith(ValueOf(''Url''),''/'')',NULL,1,'admin','ZKEASOFT','2018-05-21 23:43:52.343','admin','ZKEASOFT','2018-05-21 23:43:52.343','[{"Condition":"and","FunctionName":"StartsWith","Property":"ValueOf(''Url'')","Value":"/","Title":null,"Description":null,"Status":null,"CreateBy":null,"CreatebyName":null,"CreateDate":null,"LastUpdateBy":null,"LastUpdateByName":null,"LastUpdateDate":null,"ActionType":1}]');
/*!40000 ALTER TABLE `CMS_Rule` ENABLE KEYS */;

DROP TABLE IF EXISTS `CMS_Theme`;
CREATE TABLE `CMS_Theme` (
	`ID` VARCHAR(100) CHARACTER SET utf8mb4  NOT NULL,
	`Title` VARCHAR(50) CHARACTER SET utf8mb4  NULL,
	`Url` VARCHAR(100) CHARACTER SET utf8mb4  NULL,
	`UrlDebugger` VARCHAR(100) CHARACTER SET utf8mb4  NULL,
	`Thumbnail` VARCHAR(100) CHARACTER SET utf8mb4  NULL,
	`IsActived` TINYINT(1)  NULL,
	`Status` INT  NULL,
	`Description` VARCHAR(500) CHARACTER SET utf8mb4  NULL,
	`CreateBy` VARCHAR(50) CHARACTER SET utf8mb4  NULL,
	`CreatebyName` VARCHAR(100) CHARACTER SET utf8mb4  NULL,
	`CreateDate` DATETIME  NULL,
	`LastUpdateBy` VARCHAR(50) CHARACTER SET utf8mb4  NULL,
	`LastUpdateByName` VARCHAR(100) CHARACTER SET utf8mb4  NULL,
	`LastUpdateDate` DATETIME  NULL,
	PRIMARY KEY (`ID`)
);

/*!40000 ALTER TABLE `CMS_Theme` DISABLE KEYS */;
INSERT INTO `CMS_Theme` VALUES
('Default','默认','~/themes/Default/css/Theme.min.css','~/themes/Default/css/Theme.css','~/themes/Default/thumbnail.jpg',1,1,NULL,'admin','ZKEASOFT','2016-04-04 22:17:10.790','admin','ZKEASOFT','2016-04-04 22:21:01.487');
/*!40000 ALTER TABLE `CMS_Theme` ENABLE KEYS */;

DROP TABLE IF EXISTS `CMS_WidgetBase`;
CREATE TABLE `CMS_WidgetBase` (
	`ID` VARCHAR(100) CHARACTER SET utf8mb4  NOT NULL,
	`WidgetName` VARCHAR(255) CHARACTER SET utf8mb4  NULL,
	`Title` VARCHAR(255) CHARACTER SET utf8mb4  NULL,
	`Position` INT  NULL,
	`LayoutId` VARCHAR(100) CHARACTER SET utf8mb4  NULL,
	`PageId` VARCHAR(100) CHARACTER SET utf8mb4  NULL,
	`ZoneId` VARCHAR(100) CHARACTER SET utf8mb4  NULL,
	`PartialView` VARCHAR(255) CHARACTER SET utf8mb4  NULL,
	`AssemblyName` VARCHAR(255) CHARACTER SET utf8mb4  NULL,
	`ServiceTypeName` VARCHAR(255) CHARACTER SET utf8mb4  NULL,
	`ViewModelTypeName` VARCHAR(255) CHARACTER SET utf8mb4  NULL,
	`FormView` VARCHAR(255) CHARACTER SET utf8mb4  NULL,
	`StyleClass` VARCHAR(1000) CHARACTER SET utf8mb4  NULL,
	`CreateBy` VARCHAR(50) CHARACTER SET utf8mb4  NULL,
	`CreatebyName` VARCHAR(100) CHARACTER SET utf8mb4  NULL,
	`CreateDate` DATETIME  NULL,
	`LastUpdateBy` VARCHAR(50) CHARACTER SET utf8mb4  NULL,
	`LastUpdateByName` VARCHAR(100) CHARACTER SET utf8mb4  NULL,
	`LastUpdateDate` DATETIME  NULL,
	`Description` LONGTEXT CHARACTER SET utf8mb4  NULL,
	`Status` INT  NULL,
	`IsTemplate` TINYINT(1)  NULL,
	`Thumbnail` VARCHAR(200) CHARACTER SET utf8mb4  NULL,
	`IsSystem` TINYINT(1)  NULL,
	`ExtendData` LONGTEXT CHARACTER SET utf8mb4  NULL,
	`RuleID` INT  NULL,
	PRIMARY KEY (`ID`)
);

/*!40000 ALTER TABLE `CMS_WidgetBase` DISABLE KEYS */;
INSERT INTO `CMS_WidgetBase` VALUES
('00f62c5acfe840e0bee3ca2979f0f025','图片右',NULL,9,NULL,NULL,NULL,'Widget.Section','ZKEACMS.SectionWidget','ZKEACMS.SectionWidget.Service.SectionWidgetService','ZKEACMS.SectionWidget.Models.SectionWidget','SectionWidgetForm',NULL,'admin','ZKEASOFT','2016-03-09 14:13:55.010','admin','ZKEASOFT','2016-06-29 14:13:22.937',NULL,NULL,1,'~/images/template%20(6).png',1,NULL,NULL),
('01b59004dd1e4f68afa98c9c80d86f4c','表单',NULL,1,NULL,'be49e3ec3b5a4f5eae3edaf8ba64f185','ZONE-1','Widget.Form','ZKEACMS.FormGenerator','ZKEACMS.FormGenerator.Service.FormWidgetService','ZKEACMS.FormGenerator.Models.FormWidget',NULL,'','admin','ZKEASOFT','2017-10-15 17:59:05.133','admin','ZKEASOFT','2017-10-15 18:20:39.980',NULL,NULL,0,NULL,0,'{"FormID":"5ed56d90ac154e73befa6fbc981ae3ae","CustomClass":"","CustomStyle":"","ActionType":1}',NULL),
('02dd343bb4f24322bcf3daf8ada7565d','留言箱',NULL,2,NULL,'534e07f396b14b7584a833d270356cb7','ZONE-1','Widget.MessageBox','ZKEACMS.Message','ZKEACMS.Message.Service.MessageBoxWidgetService','ZKEACMS.Message.Models.MessageBoxWidget',NULL,NULL,'admin','ZKEASOFT','2017-03-19 21:05:31.030','admin','ZKEASOFT','2017-03-19 21:05:31.030',NULL,NULL,0,'~/Plugins/ZKEACMS.Message/Content/Image/Widget.MessageBox.png',0,'{"ID":"02dd343bb4f24322bcf3daf8ada7565d","WidgetName":"留言箱","Position":2,"LayoutID":null,"PageID":"534e07f396b14b7584a833d270356cb7","ZoneID":"d5f02570e4814439acc86a1874cb8f07","IsTemplate":false,"Thumbnail":null,"IsSystem":false,"PartialView":"Widget.MessageBox","AssemblyName":"Easy.CMS.Message","ServiceTypeName":"Easy.CMS.Message.Service.MessageBoxWidgetService","ViewModelTypeName":"Easy.CMS.Message.Models.MessageBoxWidget","FormView":null,"StyleClass":null,"CustomClass":"","CustomStyle":"","ExtendData":null,"ExtendFields":[],"Title":null,"Description":null,"Status":null,"CreateBy":"admin","CreatebyName":"ZKEASOFT","CreateDate":"2017-03-19T21:04:44.953","LastUpdateBy":"admin","LastUpdateByName":"ZKEASOFT","LastUpdateDate":"2017-03-19T21:04:44.953","ActionType":1}',NULL),
('062018a8e5cf48b4a0d90296e7f4e965','分隔符',NULL,2,NULL,'9d84599edb2443439a53e8d906815c8f','ZONE-1','Widget.HTML','ZKEACMS','ZKEACMS.Common.Service.HtmlWidgetService','ZKEACMS.Common.Models.HtmlWidget',NULL,NULL,'admin','ZKEASOFT','2016-03-11 10:01:58.757','admin','ZKEASOFT','2016-03-11 10:01:58.757',NULL,NULL,0,'~/images/Widget.HTML.png',0,NULL,NULL),
('09617f6142934daaadee6cfb9df6d66f','段落',NULL,4,NULL,NULL,NULL,'Widget.HTML','ZKEACMS','ZKEACMS.Common.Service.HtmlWidgetService','ZKEACMS.Common.Models.HtmlWidget',NULL,NULL,'admin','ZKEASOFT','2016-03-09 13:53:07.263','admin','ZKEASOFT','2016-03-24 10:49:44.100',NULL,NULL,1,'~/images/template%20(2).png',1,NULL,NULL),
('0f66ab8ff0df44e2b5e57fd8d8c5d8ff','文字三列',NULL,8,NULL,NULL,NULL,'Widget.Section','ZKEACMS.SectionWidget','ZKEACMS.SectionWidget.Service.SectionWidgetService','ZKEACMS.SectionWidget.Models.SectionWidget','SectionWidgetForm',NULL,'admin','ZKEASOFT','2016-03-09 21:23:51.277','admin','ZKEASOFT','2016-06-29 14:12:54.387',NULL,NULL,1,'~/images/template (15).png',1,NULL,NULL),
('1433264e95f545ab97e6a481fa3747ea','评论箱',NULL,2,NULL,'a3d735320eb04c63bf3258d7b44e30f8','ZONE-1','Widget.Comments','ZKEACMS.Message','ZKEACMS.Message.Service.CommentsWidgetService','ZKEACMS.Message.Models.CommentsWidget',NULL,NULL,'admin','ZKEASOFT','2017-12-03 17:11:36.467','admin','ZKEASOFT','2017-12-03 17:11:36.467',NULL,NULL,0,NULL,0,'{"CustomClass":"","CustomStyle":"","ActionType":1}',NULL),
('155c6511dd9c4cc1b3ccb27d5ad4b8ab','表单',NULL,1,NULL,'9ce910ba45a24fd2af804d6d0de7bba3','ZONE-1','Widget.Form','ZKEACMS.FormGenerator','ZKEACMS.FormGenerator.Service.FormWidgetService','ZKEACMS.FormGenerator.Models.FormWidget',NULL,'','admin','ZKEASOFT','2017-10-15 18:20:42.213','admin','ZKEASOFT','2017-10-15 18:20:42.213',NULL,NULL,0,NULL,0,'{"FormID":"5ed56d90ac154e73befa6fbc981ae3ae","CustomClass":"","CustomStyle":"","ActionType":1}',NULL),
('19350341920b4827bf2a4e458ad24a58','焦点图',NULL,1,NULL,'0880a4dfdc184ff99b88c88325716d1b','ZONE-1','Widget.Carousel','ZKEACMS','ZKEACMS.Common.Service.CarouselWidgetService','ZKEACMS.Common.Models.CarouselWidget',NULL,NULL,'admin','ZKEASOFT','2016-03-27 15:14:34.677','admin','ZKEASOFT','2017-03-21 22:44:54.987',NULL,NULL,0,'~/images/Widget.Carousel.png',0,NULL,NULL),
('1fb967867e3b440e86336bc5a51e8719','图例三（圆）',NULL,17,NULL,NULL,NULL,'Widget.Section','ZKEACMS.SectionWidget','ZKEACMS.SectionWidget.Service.SectionWidgetService','ZKEACMS.SectionWidget.Models.SectionWidget','SectionWidgetForm','align-center image-circle','admin','ZKEASOFT','2016-03-09 14:40:26.767','admin','ZKEASOFT','2016-06-29 14:19:30.777',NULL,NULL,1,'~/images/template%20(12).png',1,NULL,NULL),
('2b3eb61307d24c50a6b3aaa75db3810e','图片左',NULL,11,NULL,NULL,NULL,'Widget.Section','ZKEACMS.SectionWidget','ZKEACMS.SectionWidget.Service.SectionWidgetService','ZKEACMS.SectionWidget.Models.SectionWidget','SectionWidgetForm',NULL,'admin','ZKEASOFT','2016-03-09 14:06:17.637','admin','ZKEASOFT','2016-06-29 14:14:54.330',NULL,NULL,1,'~/images/template%20(5).png',1,NULL,NULL),
('2b510992f0174e668ca53116434e065c','图片',NULL,1,NULL,'e371628aa3ff46c3a167f121c7a3f32b','ZONE-1','Widget.Image','ZKEACMS','ZKEACMS.Common.Service.ImageWidgetService','ZKEACMS.Common.Models.ImageWidget',NULL,NULL,'admin','ZKEASOFT','2016-03-10 23:15:37.333','admin','ZKEASOFT','2017-10-15 18:00:21.587',NULL,NULL,0,'~/images/Widget.Image.png',0,NULL,NULL),
('3017aef0eabc451b81daebe6bae68857','图片',NULL,1,NULL,'d070f202bb2f45ddbd35f0a7cfee1dfa','ZONE-1','Widget.Image','ZKEACMS','ZKEACMS.Common.Service.ImageWidgetService','ZKEACMS.Common.Models.ImageWidget',NULL,NULL,'admin','ZKEASOFT','2017-10-15 18:11:44.950','admin','ZKEASOFT','2017-10-15 18:11:44.950',NULL,NULL,0,'~/images/Widget.Image.png',0,NULL,NULL),
('34567e55bacd40dbaf9794d5032dd26e','留言板',NULL,4,NULL,'534e07f396b14b7584a833d270356cb7','ZONE-1','Widget.Message','ZKEACMS.Message','ZKEACMS.Message.Service.MessageWidgetService','ZKEACMS.Message.Models.MessageWidget',NULL,NULL,'admin','ZKEASOFT','2017-03-19 21:05:30.977','admin','ZKEASOFT','2017-03-19 21:05:30.977',NULL,NULL,0,'~/Plugins/ZKEACMS.Message/Content/Image/Widget.Message.png',0,'{"FormView":null,"ExtendData":null,"Description":null,"Status":null,"CreateBy":"admin","CreatebyName":"ZKEASOFT","CreateDate":"2017-03-19T21:04:56.38","LastUpdateBy":"admin","LastUpdateByName":"ZKEASOFT","LastUpdateDate":"2017-03-19T21:04:56.38","ActionType":1,"ID":"34567e55bacd40dbaf9794d5032dd26e","WidgetName":"留言板","Position":4,"LayoutID":null,"PageID":"534e07f396b14b7584a833d270356cb7","ZoneID":"d5f02570e4814439acc86a1874cb8f07","IsTemplate":false,"Thumbnail":null,"IsSystem":false,"PartialView":"Widget.Message","AssemblyName":"Easy.CMS.Message","ServiceTypeName":"Easy.CMS.Message.Service.MessageWidgetService","ViewModelTypeName":"Easy.CMS.Message.Models.MessageWidget","StyleClass":null,"CustomClass":"","CustomStyle":"","ExtendFields":[],"Title":null}',NULL),
('3466e616139645d2b1e1d9935d231922','产品类别','产品类别',1,NULL,'068c85b8de8744e7a81b1d1010583308','ZONE-3','Widget.ProductCategory','ZKEACMS.Product','ZKEACMS.Product.Service.ProductCategoryWidgetService','ZKEACMS.Product.Models.ProductCategoryWidget',NULL,NULL,'admin','ZKEASOFT','2016-05-15 20:56:40.877','admin','ZKEASOFT','2016-05-15 20:56:40.877',NULL,NULL,0,'~/Plugins/ZKEACMS.Product/Content/Image/Widget.ProductCategory.png',0,NULL,NULL),
('357a58069e8047a289e10b920061d57d','分隔符',NULL,3,NULL,'534e07f396b14b7584a833d270356cb7','ZONE-1','Widget.HTML','ZKEACMS','ZKEACMS.Common.Service.HtmlWidgetService','ZKEACMS.Common.Models.HtmlWidget',NULL,NULL,'admin','ZKEASOFT','2017-03-19 21:05:30.900','admin','ZKEASOFT','2017-03-19 21:05:30.900',NULL,NULL,0,'~/images/Widget.HTML.png',0,NULL,NULL),
('3aa8b53e7ad143ff818855a7abcb3fdd','文章内容',NULL,1,NULL,'c5b97a044c9844529fc48383d141e73c','ZONE-1','Widget.ArticleDetail','ZKEACMS.Article','ZKEACMS.Article.Service.ArticleDetailWidgetService','ZKEACMS.Article.Models.ArticleDetailWidget',NULL,NULL,'admin','ZKEASOFT','2017-12-03 17:11:47.290','admin','ZKEASOFT','2017-12-03 17:11:47.290',NULL,NULL,0,'~/Plugins/ZKEACMS.Article/Content/Image/Widget.ArticleDetail.png',0,NULL,NULL),
('3b8beb945c9f4c9390a6122d8b4788d5','分隔符',NULL,2,NULL,'d070f202bb2f45ddbd35f0a7cfee1dfa','ZONE-1','Widget.HTML','ZKEACMS','ZKEACMS.Common.Service.HtmlWidgetService','ZKEACMS.Common.Models.HtmlWidget',NULL,NULL,'admin','ZKEASOFT','2017-10-15 18:11:45.347','admin','ZKEASOFT','2017-10-15 18:11:45.347',NULL,NULL,0,'~/images/Widget.HTML.png',0,NULL,NULL),
('3e3783f4b7ca421488f2bf08d32fe2f0','分隔符',NULL,2,NULL,'068c85b8de8744e7a81b1d1010583308','ZONE-1','Widget.HTML','ZKEACMS','ZKEACMS.Common.Service.HtmlWidgetService','ZKEACMS.Common.Models.HtmlWidget',NULL,NULL,'admin','ZKEASOFT','2016-05-15 20:56:40.850','admin','ZKEASOFT','2016-05-15 20:56:40.850',NULL,NULL,0,'~/images/Widget.HTML.png',0,NULL,NULL),
('416c5402962b41548c83fabaa5492b42','文章列表',NULL,1,NULL,'e371628aa3ff46c3a167f121c7a3f32b','ZONE-2','Widget.ArticleList','ZKEACMS.Article','ZKEACMS.Article.Service.ArticleListWidgetService','ZKEACMS.Article.Models.ArticleListWidget',NULL,NULL,'admin','ZKEASOFT','2016-03-10 21:20:31.667','admin','ZKEASOFT','2016-03-11 11:51:20.640',NULL,NULL,0,'~/Plugins/ZKEACMS.Article/Content/Image/Widget.ArticleList.png',0,NULL,NULL),
('41e075ab1b89453388494a539eec55b9','焦点图',NULL,1,NULL,'50fa3579e7434555a22f095dcb4ea35e','ZONE-1','Widget.Carousel','ZKEACMS','ZKEACMS.Common.Service.CarouselWidgetService','ZKEACMS.Common.Models.CarouselWidget',NULL,NULL,'admin','ZKEASOFT','2017-10-15 18:11:36.633','admin','ZKEASOFT','2017-10-15 18:11:36.633',NULL,NULL,0,'~/images/Widget.Carousel.png',0,NULL,NULL),
('43bb869688ee4752a3127dd19ccc6caa','图片',NULL,1,NULL,'1c93b61690ce49d7af8e1ea45ac58eb9','ZONE-1','Widget.Image','ZKEACMS','ZKEACMS.Common.Service.ImageWidgetService','ZKEACMS.Common.Models.ImageWidget',NULL,NULL,'admin','ZKEASOFT','2017-03-19 21:04:20.407','admin','ZKEASOFT','2017-03-19 21:04:29.773',NULL,NULL,0,'~/images/Widget.Image.png',0,NULL,NULL),
('481574ebc98b4cdf9a07e3f20c1ab78d','图片左（圆）',NULL,12,NULL,NULL,NULL,'Widget.Section','ZKEACMS.SectionWidget','ZKEACMS.SectionWidget.Service.SectionWidgetService','ZKEACMS.SectionWidget.Models.SectionWidget','SectionWidgetForm','image-circle','admin','ZKEASOFT','2016-03-09 14:15:48.870','admin','ZKEASOFT','2016-06-29 14:15:23.317',NULL,NULL,1,'~/images/template%20(7).png',1,NULL,NULL),
('4d67b2d10f4a425586e3b1115f7f7072','分隔符',NULL,3,NULL,'1c93b61690ce49d7af8e1ea45ac58eb9','ZONE-1','Widget.HTML','ZKEACMS','ZKEACMS.Common.Service.HtmlWidgetService','ZKEACMS.Common.Models.HtmlWidget',NULL,NULL,'admin','ZKEASOFT','2017-03-19 21:05:15.683','admin','ZKEASOFT','2017-03-19 21:05:15.683',NULL,NULL,0,'~/images/Widget.HTML.png',0,NULL,NULL),
('50f810582d28440eb3bdff9ee5b1ef24','图片左（平分）',NULL,13,NULL,NULL,NULL,'Widget.HTML','ZKEACMS','ZKEACMS.Common.Service.HtmlWidgetService','ZKEACMS.Common.Models.HtmlWidget',NULL,NULL,'admin','ZKEASOFT','2016-03-09 21:36:23.247','admin','ZKEASOFT','2016-06-29 14:16:05.733',NULL,NULL,1,'~/images/template (17).png',1,NULL,NULL),
('55b73e54fd054de4847960bdac350c6d','图例二（圆）',NULL,15,NULL,NULL,NULL,'Widget.Section','ZKEACMS.SectionWidget','ZKEACMS.SectionWidget.Service.SectionWidgetService','ZKEACMS.SectionWidget.Models.SectionWidget','SectionWidgetForm','align-center image-circle','admin','ZKEASOFT','2016-03-09 14:33:40.533','admin','ZKEASOFT','2016-06-29 14:17:49.737',NULL,NULL,1,'~/images/template%20(10).png',1,NULL,NULL),
('56991d0ff59d4c1db27aff3a50fcb382','页头',NULL,2,NULL,NULL,NULL,'Widget.HTML','ZKEACMS','ZKEACMS.Common.Service.HtmlWidgetService','ZKEACMS.Common.Models.HtmlWidget',NULL,NULL,'admin','ZKEASOFT','2016-03-09 13:51:35.577','admin','ZKEASOFT','2016-06-29 14:10:19.703',NULL,NULL,1,'~/images/template%20(1).png',1,NULL,NULL),
('604b2461f7c545e28dbb21fb15def5c7','相关链接','相关链接',1,NULL,'0880a4dfdc184ff99b88c88325716d1b','ZONE-2','Widget.Section','ZKEACMS.SectionWidget','ZKEACMS.SectionWidget.Service.SectionWidgetService','ZKEACMS.SectionWidget.Models.SectionWidget','SectionWidgetForm',NULL,'admin',NULL,'2015-09-01 10:13:42.000','admin','ZKEASOFT','2017-10-15 17:18:36.063',NULL,0,0,'~/images/Widget.Section.png',0,NULL,NULL),
('62ca3b6b6ea644b4a64501021b02f13b','分隔符',NULL,2,NULL,'e371628aa3ff46c3a167f121c7a3f32b','ZONE-1','Widget.HTML','ZKEACMS','ZKEACMS.Common.Service.HtmlWidgetService','ZKEACMS.Common.Models.HtmlWidget',NULL,NULL,'admin','ZKEASOFT','2016-03-10 23:16:08.137','admin','ZKEASOFT','2017-10-15 18:00:21.613',NULL,NULL,0,'~/images/Widget.HTML.png',0,NULL,NULL),
('6bb06e46293c46f084e83751a0832d36','产品列表',NULL,1,NULL,'068c85b8de8744e7a81b1d1010583308','ZONE-2','Widget.ProductList','ZKEACMS.Product','ZKEACMS.Product.Service.ProductListWidgetService','ZKEACMS.Product.Models.ProductListWidget',NULL,NULL,'admin','ZKEASOFT','2016-05-15 20:56:40.867','admin','ZKEASOFT','2016-05-15 20:56:40.867',NULL,NULL,0,'~/Plugins/ZKEACMS.Product/Content/Image/Widget.ProductList.png',0,NULL,NULL),
('6ee67036e78b4b498d932ab2d76757fb','导航',NULL,NULL,NULL,NULL,'ZONE-X','Widget.Navigation','ZKEACMS','ZKEACMS.Common.Service.NavigationWidgetService','ZKEACMS.Common.Models.NavigationWidget',NULL,'full','admin','ZKEASOFT','2018-05-21 23:44:21.393','admin','ZKEASOFT','2018-05-21 23:46:00.573',NULL,NULL,0,NULL,0,NULL,1),
('7679a5060035444d85fe49dc3c02cada','图片',NULL,1,NULL,'534e07f396b14b7584a833d270356cb7','ZONE-1','Widget.Image','ZKEACMS','ZKEACMS.Common.Service.ImageWidgetService','ZKEACMS.Common.Models.ImageWidget',NULL,NULL,'admin','ZKEASOFT','2017-03-19 21:05:30.853','admin','ZKEASOFT','2017-03-19 21:05:30.853',NULL,NULL,0,'~/images/Widget.Image.png',0,NULL,NULL),
('787d9ad849dd40d0905f22ae072d8507','产品内容',NULL,1,NULL,'a8d73e29b1eb4b7ea43420e2b6bf2c1b','ZONE-1','Widget.ProductDetail','ZKEACMS.Product','ZKEACMS.Product.Service.ProductDetailWidgetService','ZKEACMS.Product.Models.ProductDetailWidget',NULL,NULL,'admin','ZKEASOFT','2016-03-10 23:20:19.903','admin','ZKEASOFT','2016-03-10 23:20:19.903',NULL,NULL,0,'~/Plugins/ZKEACMS.Product/Content/Image/Widget.ProductDetail.png',0,NULL,NULL),
('7e7a1d5b8d644333a7b3341509fc960f','注册用户','注册用户',2,NULL,'50fa3579e7434555a22f095dcb4ea35e','ZONE-3','Widget.Section','ZKEACMS.SectionWidget','ZKEACMS.SectionWidget.Service.SectionWidgetService','ZKEACMS.SectionWidget.Models.SectionWidget','SectionWidgetForm',NULL,'admin','ZKEASOFT','2017-10-15 18:11:36.773','admin','ZKEASOFT','2017-10-15 18:11:36.773',NULL,NULL,0,NULL,0,NULL,NULL),
('7f77f09c3fcd4d498a4aa3b1c9508d7d','注册用户','注册用户',2,NULL,'0880a4dfdc184ff99b88c88325716d1b','ZONE-3','Widget.Section','ZKEACMS.SectionWidget','ZKEACMS.SectionWidget.Service.SectionWidgetService','ZKEACMS.SectionWidget.Models.SectionWidget','SectionWidgetForm',NULL,'admin','ZKEASOFT','2017-10-15 17:03:14.000','admin','ZKEASOFT','2017-10-15 17:04:42.893',NULL,NULL,0,NULL,0,NULL,NULL),
('80f365c7991a49a0b04aa11006018814','网站管理','后台管理',1,NULL,'0880a4dfdc184ff99b88c88325716d1b','ZONE-3','Widget.Section','ZKEACMS.SectionWidget','ZKEACMS.SectionWidget.Service.SectionWidgetService','ZKEACMS.SectionWidget.Models.SectionWidget','SectionWidgetForm',NULL,'admin',NULL,'2015-09-01 10:09:22.000','admin','ZKEASOFT','2017-10-15 17:03:50.207',NULL,0,0,NULL,0,NULL,NULL),
('88ab49212dee47bba878a52bec86f501','网站管理','后台管理',1,NULL,'50fa3579e7434555a22f095dcb4ea35e','ZONE-3','Widget.Section','ZKEACMS.SectionWidget','ZKEACMS.SectionWidget.Service.SectionWidgetService','ZKEACMS.SectionWidget.Models.SectionWidget','SectionWidgetForm',NULL,'admin','ZKEASOFT','2017-10-15 18:11:36.793','admin','ZKEASOFT','2017-10-15 18:11:36.793',NULL,0,0,NULL,0,NULL,NULL),
('8c5b69f614b641c0a5f7a8e318de8df3','ZKEACMS 简介',NULL,3,NULL,'0880a4dfdc184ff99b88c88325716d1b','ZONE-1','Widget.ArticleSummary','ZKEACMS.Article','ZKEACMS.Article.Service.ArticleSummaryWidgetService','ZKEACMS.Article.Models.ArticleSummaryWidget',NULL,NULL,'admin',NULL,'2015-09-01 09:54:38.000','admin','ZKEASOFT','2017-10-15 17:12:08.850',NULL,0,0,NULL,0,NULL,NULL),
('8cc061c2e2514ef9b85bbecdec3f84ab','分隔符',NULL,5,NULL,NULL,NULL,'Widget.HTML','ZKEACMS','ZKEACMS.Common.Service.HtmlWidgetService','ZKEACMS.Common.Models.HtmlWidget',NULL,NULL,'admin','ZKEASOFT','2016-03-09 13:55:12.377','admin','ZKEASOFT','2016-03-09 13:55:12.377',NULL,NULL,1,'~/images/template%20(3).png',1,NULL,NULL),
('8df64186d2fd4d63a9f9bb3b6e34cd2a','文章类别','文章类别',1,NULL,'e371628aa3ff46c3a167f121c7a3f32b','ZONE-3','Widget.ArticleType','ZKEACMS.Article','ZKEACMS.Article.Service.ArticleTypeWidgetService','ZKEACMS.Article.Models.ArticleTypeWidget',NULL,NULL,'admin','ZKEASOFT','2016-03-10 21:21:20.527','admin','ZKEASOFT','2016-05-15 21:04:35.783',NULL,NULL,0,'~/Plugins/ZKEACMS.Article/Content/Image/Widget.ArticleType.png',0,NULL,NULL),
('8ea46d2923ad4d62958c565b19bb172d','图片',NULL,1,NULL,'068c85b8de8744e7a81b1d1010583308','ZONE-1','Widget.Image','ZKEACMS','ZKEACMS.Common.Service.ImageWidgetService','ZKEACMS.Common.Models.ImageWidget',NULL,NULL,'admin','ZKEASOFT','2016-05-15 20:56:40.857','admin','ZKEASOFT','2016-05-15 20:56:40.857',NULL,NULL,0,'~/images/Widget.Image.png',0,NULL,NULL),
('942b4ac54f3e4dfca006172bf4122da4','留言板',NULL,4,NULL,'1c93b61690ce49d7af8e1ea45ac58eb9','ZONE-1','Widget.Message','ZKEACMS.Message','ZKEACMS.Message.Service.MessageWidgetService','ZKEACMS.Message.Models.MessageWidget',NULL,NULL,'admin','ZKEASOFT','2017-03-19 21:04:56.380','admin','ZKEASOFT','2017-03-19 21:04:56.380',NULL,NULL,0,'~/Plugins/ZKEACMS.Message/Content/Image/Widget.Message.png',0,'{"FormView":null,"ExtendData":null,"Description":null,"Status":null,"CreateBy":null,"CreatebyName":null,"CreateDate":null,"LastUpdateBy":null,"LastUpdateByName":null,"LastUpdateDate":null,"ActionType":1,"ID":"942b4ac54f3e4dfca006172bf4122da4","WidgetName":"留言板","Position":1,"LayoutID":null,"PageID":"1c93b61690ce49d7af8e1ea45ac58eb9","ZoneID":"3ca302874c164b7b9691ca948300417b","IsTemplate":false,"Thumbnail":null,"IsSystem":false,"PartialView":"Widget.Message","AssemblyName":"Easy.CMS.Message","ServiceTypeName":"Easy.CMS.Message.Service.MessageWidgetService","ViewModelTypeName":"Easy.CMS.Message.Models.MessageWidget","StyleClass":null,"CustomClass":"","CustomStyle":"","ExtendFields":null,"Title":null}',NULL),
('94624262dc00460cbbc1e0f51711e712','产品内容',NULL,1,NULL,'4b889b430aa44517bbad38a57c745cc5','ZONE-1','Widget.ProductDetail','ZKEACMS.Product','ZKEACMS.Product.Service.ProductDetailWidgetService','ZKEACMS.Product.Models.ProductDetailWidget',NULL,NULL,'admin','ZKEASOFT','2016-03-10 23:24:38.783','admin','ZKEASOFT','2016-03-10 23:24:38.783',NULL,NULL,0,'~/Plugins/ZKEACMS.Product/Content/Image/Widget.ProductDetail.png',0,NULL,NULL),
('a64ad266b3bd4e0eb4e2df09b550fe55','留言箱',NULL,2,NULL,'1c93b61690ce49d7af8e1ea45ac58eb9','ZONE-1','Widget.MessageBox','ZKEACMS.Message','ZKEACMS.Message.Service.MessageBoxWidgetService','ZKEACMS.Message.Models.MessageBoxWidget',NULL,NULL,'admin','ZKEASOFT','2017-03-19 21:04:44.953','admin','ZKEASOFT','2017-03-19 21:04:44.953',NULL,NULL,0,'~/Plugins/ZKEACMS.Message/Content/Image/Widget.MessageBox.png',0,'{"ID":"a64ad266b3bd4e0eb4e2df09b550fe55","WidgetName":"留言箱","Position":1,"LayoutID":null,"PageID":"1c93b61690ce49d7af8e1ea45ac58eb9","ZoneID":"4cf5d05f2b954a7e8904713ad6781a61","IsTemplate":false,"Thumbnail":null,"IsSystem":false,"PartialView":"Widget.MessageBox","AssemblyName":"Easy.CMS.Message","ServiceTypeName":"Easy.CMS.Message.Service.MessageBoxWidgetService","ViewModelTypeName":"Easy.CMS.Message.Models.MessageBoxWidget","FormView":null,"StyleClass":null,"CustomClass":"","CustomStyle":"","ExtendData":null,"ExtendFields":null,"Title":null,"Description":null,"Status":null,"CreateBy":null,"CreatebyName":null,"CreateDate":null,"LastUpdateBy":null,"LastUpdateByName":null,"LastUpdateDate":null,"ActionType":1}',NULL),
('a686b84212f94b3b8315093b2e8b883d','版权申明',NULL,NULL,NULL,NULL,'ZONE-X','Widget.HTML','ZKEACMS','ZKEACMS.Common.Service.HtmlWidgetService','ZKEACMS.Common.Models.HtmlWidget',NULL,'footer','admin','ZKEASOFT','2018-05-21 23:44:55.063','admin','ZKEASOFT','2018-05-21 23:44:55.063',NULL,NULL,0,NULL,0,NULL,2),
('b568ff7f4a894870adaf9afadf787bf9','图例二',NULL,14,NULL,NULL,NULL,'Widget.Section','ZKEACMS.SectionWidget','ZKEACMS.SectionWidget.Service.SectionWidgetService','ZKEACMS.SectionWidget.Models.SectionWidget','SectionWidgetForm',NULL,'admin','ZKEASOFT','2016-03-09 14:20:29.887','admin','ZKEASOFT','2016-06-29 14:16:58.140',NULL,NULL,1,'~/images/template%20(9).png',1,NULL,NULL),
('bb7dab4f077745ef8b5b425eaabb423c','巨幕',NULL,1,NULL,NULL,NULL,'Widget.HTML','ZKEACMS','ZKEACMS.Common.Service.HtmlWidgetService','ZKEACMS.Common.Models.HtmlWidget',NULL,NULL,'admin','ZKEASOFT','2016-03-09 21:28:47.827','admin','ZKEASOFT','2016-06-29 14:09:41.597',NULL,NULL,1,'~/images/template (16).png',1,NULL,NULL),
('c71d1f1c48944d6a9e232b6813261e04','评论箱',NULL,2,NULL,'c5b97a044c9844529fc48383d141e73c','ZONE-1','Widget.Comments','ZKEACMS.Message','ZKEACMS.Message.Service.CommentsWidgetService','ZKEACMS.Message.Models.CommentsWidget',NULL,NULL,'admin','ZKEASOFT','2017-12-03 17:11:47.253','admin','ZKEASOFT','2017-12-03 17:11:47.253',NULL,NULL,0,NULL,0,'{"CustomClass":"","CustomStyle":"","ActionType":1}',NULL),
('ca9f8809636d448cbd4f3beb418465b3','文章列表',NULL,1,NULL,'d070f202bb2f45ddbd35f0a7cfee1dfa','ZONE-2','Widget.ArticleList','ZKEACMS.Article','ZKEACMS.Article.Service.ArticleListWidgetService','ZKEACMS.Article.Models.ArticleListWidget',NULL,NULL,'admin','ZKEASOFT','2017-10-15 18:11:45.317','admin','ZKEASOFT','2017-10-15 18:11:45.317',NULL,NULL,0,'~/Plugins/ZKEACMS.Article/Content/Image/Widget.ArticleList.png',0,NULL,NULL),
('cd21a7bf68b44f6e8d178b153288a26e','ZKEACMS 简介',NULL,3,NULL,'50fa3579e7434555a22f095dcb4ea35e','ZONE-1','Widget.ArticleSummary','ZKEACMS.Article','ZKEACMS.Article.Service.ArticleSummaryWidgetService','ZKEACMS.Article.Models.ArticleSummaryWidget',NULL,NULL,'admin','ZKEASOFT','2017-10-15 18:11:36.807','admin','ZKEASOFT','2017-10-15 18:11:36.807',NULL,0,0,NULL,0,NULL,NULL),
('de8d94fd51cb4e73b00518dbb2f134d3','文章类别','文章类别',1,NULL,'d070f202bb2f45ddbd35f0a7cfee1dfa','ZONE-3','Widget.ArticleType','ZKEACMS.Article','ZKEACMS.Article.Service.ArticleTypeWidgetService','ZKEACMS.Article.Models.ArticleTypeWidget',NULL,NULL,'admin','ZKEASOFT','2017-10-15 18:11:45.367','admin','ZKEASOFT','2017-10-15 18:11:45.367',NULL,NULL,0,'~/Plugins/ZKEACMS.Article/Content/Image/Widget.ArticleType.png',0,NULL,NULL),
('e0783dbbcc564322a1f2e3ca2833dbd4','相关链接','相关链接',1,NULL,'50fa3579e7434555a22f095dcb4ea35e','ZONE-2','Widget.Section','ZKEACMS.SectionWidget','ZKEACMS.SectionWidget.Service.SectionWidgetService','ZKEACMS.SectionWidget.Models.SectionWidget','SectionWidgetForm',NULL,'admin','ZKEASOFT','2017-10-15 18:11:36.733','admin','ZKEASOFT','2017-10-15 18:11:36.733',NULL,0,0,'~/images/Widget.Section.png',0,NULL,NULL),
('e5ba6adb117440959757b98e4289430f','图片',NULL,1,NULL,'9d84599edb2443439a53e8d906815c8f','ZONE-1','Widget.Image','ZKEACMS','ZKEACMS.Common.Service.ImageWidgetService','ZKEACMS.Common.Models.ImageWidget',NULL,NULL,'admin','ZKEASOFT','2016-03-10 23:31:24.887','admin','ZKEASOFT','2016-03-27 15:16:41.790',NULL,NULL,0,'~/images/Widget.Image.png',0,NULL,NULL),
('e88916cc41b3465b9ae954bafac5f796','产品列表',NULL,1,NULL,'9d84599edb2443439a53e8d906815c8f','ZONE-2','Widget.ProductList','ZKEACMS.Product','ZKEACMS.Product.Service.ProductListWidgetService','ZKEACMS.Product.Models.ProductListWidget',NULL,NULL,'admin','ZKEASOFT','2016-03-10 23:18:21.907','admin','ZKEASOFT','2016-03-10 23:31:03.770',NULL,NULL,0,'~/Plugins/ZKEACMS.Product/Content/Image/Widget.ProductList.png',0,NULL,NULL),
('e8fd1019bab045e5927ec30abaaa1aba','文章内容',NULL,1,NULL,'a3d735320eb04c63bf3258d7b44e30f8','ZONE-1','Widget.ArticleDetail','ZKEACMS.Article','ZKEACMS.Article.Service.ArticleDetailWidgetService','ZKEACMS.Article.Models.ArticleDetailWidget',NULL,NULL,'admin','ZKEASOFT','2016-03-10 21:24:12.857','admin','ZKEASOFT','2016-03-10 21:24:12.857',NULL,NULL,0,'~/Plugins/ZKEACMS.Article/Content/Image/Widget.ArticleDetail.png',0,NULL,NULL),
('eb7657f5bcbd4e98977a42950936e7ac','产品类别','产品类别',1,NULL,'9d84599edb2443439a53e8d906815c8f','ZONE-3','Widget.ProductCategory','ZKEACMS.Product','ZKEACMS.Product.Service.ProductCategoryWidgetService','ZKEACMS.Product.Models.ProductCategoryWidget',NULL,NULL,'admin','ZKEASOFT','2016-03-10 23:28:35.323','admin','ZKEASOFT','2016-05-15 20:56:37.497',NULL,NULL,0,'~/Plugins/ZKEACMS.Product/Content/Image/Widget.ProductCategory.png',0,NULL,NULL),
('ed837392097f4e60b812bc57111dd762','图例三',NULL,16,NULL,NULL,NULL,'Widget.Section','ZKEACMS.SectionWidget','ZKEACMS.SectionWidget.Service.SectionWidgetService','ZKEACMS.SectionWidget.Models.SectionWidget','SectionWidgetForm',NULL,'admin','ZKEASOFT','2016-03-09 14:36:24.463','admin','ZKEASOFT','2016-06-29 14:18:22.983',NULL,NULL,1,'~/images/template%20(11).png',1,NULL,NULL),
('f41174cfa4d247f4974c47f4d2b000fd','文字二列',NULL,7,NULL,NULL,NULL,'Widget.Section','ZKEACMS.SectionWidget','ZKEACMS.SectionWidget.Service.SectionWidgetService','ZKEACMS.SectionWidget.Models.SectionWidget','SectionWidgetForm',NULL,'admin','ZKEASOFT','2016-03-09 21:21:37.693','admin','ZKEASOFT','2016-06-29 14:11:06.067',NULL,NULL,1,'~/images/template (14).png',1,NULL,NULL),
('f6de0d62d3974ee2bf2ded3fbbc82c2b','间距',NULL,6,NULL,NULL,NULL,'Widget.HTML','ZKEACMS','ZKEACMS.Common.Service.HtmlWidgetService','ZKEACMS.Common.Models.HtmlWidget',NULL,NULL,'admin','ZKEASOFT','2016-03-09 14:00:46.400','admin','ZKEASOFT','2016-03-09 14:08:21.673',NULL,NULL,1,'~/images/template%20(4).png',1,NULL,NULL),
('f6f11ba2fec844de883acf0a1fe3eb89','图片右（圆）',NULL,10,NULL,NULL,NULL,'Widget.Section','ZKEACMS.SectionWidget','ZKEACMS.SectionWidget.Service.SectionWidgetService','ZKEACMS.SectionWidget.Models.SectionWidget','SectionWidgetForm','image-circle','admin','ZKEASOFT','2016-03-09 14:15:44.227','admin','ZKEASOFT','2016-06-29 14:13:44.223',NULL,NULL,1,'~/images/template%20(8).png',1,NULL,NULL),
('fee7f4d7d7e641b0bfa74491a543d245','图片',NULL,3,NULL,NULL,NULL,'Widget.Image','ZKEACMS','ZKEACMS.Common.Service.ImageWidgetService','ZKEACMS.Common.Models.ImageWidget',NULL,NULL,'admin','ZKEASOFT','2016-03-09 21:14:46.133','admin','ZKEASOFT','2016-03-09 21:14:46.133',NULL,NULL,1,'~/images/template (13).png',1,NULL,NULL);
/*!40000 ALTER TABLE `CMS_WidgetBase` ENABLE KEYS */;

DROP TABLE IF EXISTS `CMS_Zone`;
CREATE TABLE `CMS_Zone` (
	`ID` VARCHAR(100) CHARACTER SET utf8mb4  NOT NULL,
	`LayoutId` VARCHAR(100) CHARACTER SET utf8mb4  NULL,
	`PageId` VARCHAR(100) CHARACTER SET utf8mb4  NULL,
	`ZoneName` VARCHAR(255) CHARACTER SET utf8mb4  NULL,
	`Title` VARCHAR(255) CHARACTER SET utf8mb4  NULL,
	`CreateBy` VARCHAR(50) CHARACTER SET utf8mb4  NULL,
	`CreatebyName` VARCHAR(100) CHARACTER SET utf8mb4  NULL,
	`CreateDate` DATETIME  NULL,
	`LastUpdateBy` VARCHAR(50) CHARACTER SET utf8mb4  NULL,
	`LastUpdateByName` VARCHAR(100) CHARACTER SET utf8mb4  NULL,
	`LastUpdateDate` DATETIME  NULL,
	`Description` LONGTEXT CHARACTER SET utf8mb4  NULL,
	`Status` INT  NULL,
	`HeadingCode` VARCHAR(100) CHARACTER SET utf8mb4  NULL,
	PRIMARY KEY (`ID`),
	KEY `FK_CMS_Zone_CMS_Layout` (`LayoutId`),
	CONSTRAINT `FK_CMS_Zone_CMS_Layout` FOREIGN KEY (`LayoutId`) REFERENCES `CMS_Layout` (`ID`) ON DELETE NO ACTION ON UPDATE NO ACTION
);

/*!40000 ALTER TABLE `CMS_Zone` DISABLE KEYS */;
INSERT INTO `CMS_Zone` VALUES
('0338e740ea064e5a88d6223fd476506f','1dae90cf6a8547538cc0c369b9943c01','be49e3ec3b5a4f5eae3edaf8ba64f185','顶部',NULL,'admin','ZKEASOFT','2018-05-21 23:45:46.650','admin','ZKEASOFT','2018-05-21 23:45:46.650',NULL,NULL,'ZONE-0'),
('0387a1373f59466a91feb96bb69aadca','0846a33e56bf45d5aae602ef40d87444','068c85b8de8744e7a81b1d1010583308','焦点',NULL,'admin','ZKEASOFT','2018-05-21 23:46:12.987','admin','ZKEASOFT','2018-05-21 23:46:12.987',NULL,NULL,'ZONE-1'),
('07384e5dc4f34a199d4ca73b3317b1f2','1dae90cf6a8547538cc0c369b9943c01','0880a4dfdc184ff99b88c88325716d1b','顶部',NULL,'admin','ZKEASOFT','2018-05-21 23:42:49.190','admin','ZKEASOFT','2018-05-21 23:42:49.190',NULL,NULL,'ZONE-0'),
('095b8b8b28144248a2b0eff648e7fc48','0846a33e56bf45d5aae602ef40d87444','e371628aa3ff46c3a167f121c7a3f32b','主内容',NULL,'admin','ZKEASOFT','2018-05-21 23:45:21.930','admin','ZKEASOFT','2018-05-21 23:45:21.930',NULL,NULL,'ZONE-2'),
('0c44eb9149b34ffaaa44d6976d11e1d8','1dae90cf6a8547538cc0c369b9943c01','534e07f396b14b7584a833d270356cb7','底部',NULL,'admin','ZKEASOFT','2018-05-21 23:46:19.307','admin','ZKEASOFT','2018-05-21 23:46:19.307',NULL,NULL,'ZONE-4'),
('0e5c5a55882b4a34a77f3de1f0f36a4c','1dae90cf6a8547538cc0c369b9943c01','9ce910ba45a24fd2af804d6d0de7bba3','内容左',NULL,'admin','ZKEASOFT','2018-05-21 23:46:15.117','admin','ZKEASOFT','2018-05-21 23:46:15.117',NULL,NULL,'ZONE-2'),
('1319756527364a5da511499b37a1eed5','1dae90cf6a8547538cc0c369b9943c01','50fa3579e7434555a22f095dcb4ea35e','顶部',NULL,'admin','ZKEASOFT','2018-05-21 23:42:39.973','admin','ZKEASOFT','2018-05-21 23:42:39.973',NULL,NULL,'ZONE-0'),
('14a23e1671924f758113054ed008adec','0846a33e56bf45d5aae602ef40d87444','c5b97a044c9844529fc48383d141e73c','焦点',NULL,'admin','ZKEASOFT','2018-05-21 23:46:28.727','admin','ZKEASOFT','2018-05-21 23:46:28.727',NULL,NULL,'ZONE-1'),
('17ef6a804c524ed298492e404ad5576b','1dae90cf6a8547538cc0c369b9943c01','534e07f396b14b7584a833d270356cb7','顶部',NULL,'admin','ZKEASOFT','2018-05-21 23:46:19.303','admin','ZKEASOFT','2018-05-21 23:46:19.303',NULL,NULL,'ZONE-0'),
('18f2e25482b444ba8861238637861ba5','0846a33e56bf45d5aae602ef40d87444','4b889b430aa44517bbad38a57c745cc5','焦点',NULL,'admin','ZKEASOFT','2018-05-21 23:46:34.747','admin','ZKEASOFT','2018-05-21 23:46:34.747',NULL,NULL,'ZONE-1'),
('19d3d679eaf74a21bf4f123487eaee0d','1dae90cf6a8547538cc0c369b9943c01','0880a4dfdc184ff99b88c88325716d1b','底部',NULL,'admin','ZKEASOFT','2018-05-21 23:42:49.193','admin','ZKEASOFT','2018-05-21 23:42:49.193',NULL,NULL,'ZONE-4'),
('1c232c2d572f415082e74771e37e3580','0846a33e56bf45d5aae602ef40d87444',NULL,'底部',NULL,'admin','ZKEASOFT','2016-03-10 21:08:20.893','admin','ZKEASOFT','2017-11-19 17:48:10.637',NULL,NULL,'ZONE-4'),
('1cd27416b7db429bb639d8950cc29793','1dae90cf6a8547538cc0c369b9943c01','0880a4dfdc184ff99b88c88325716d1b','主内容',NULL,'admin','ZKEASOFT','2018-05-21 23:42:49.197','admin','ZKEASOFT','2018-05-21 23:42:49.197',NULL,NULL,'ZONE-1'),
('23ec6afdd2ea49dd8fb5839ae2bec741','1dae90cf6a8547538cc0c369b9943c01','50fa3579e7434555a22f095dcb4ea35e','底部',NULL,'admin','ZKEASOFT','2018-05-21 23:42:39.983','admin','ZKEASOFT','2018-05-21 23:42:39.983',NULL,NULL,'ZONE-4'),
('25ce97efa1484065995e6e5aaade9a83','1dae90cf6a8547538cc0c369b9943c01','0880a4dfdc184ff99b88c88325716d1b','内容右',NULL,'admin','ZKEASOFT','2018-05-21 23:42:49.160','admin','ZKEASOFT','2018-05-21 23:42:49.160',NULL,NULL,'ZONE-3'),
('2921f81e4531493694790faed3ed76e9','1dae90cf6a8547538cc0c369b9943c01','534e07f396b14b7584a833d270356cb7','主内容',NULL,'admin','ZKEASOFT','2018-05-21 23:46:19.310','admin','ZKEASOFT','2018-05-21 23:46:19.310',NULL,NULL,'ZONE-1'),
('294c86a5d87a46d49f41999c495344ea','0846a33e56bf45d5aae602ef40d87444','c5b97a044c9844529fc48383d141e73c','其它',NULL,'admin','ZKEASOFT','2018-05-21 23:46:28.730','admin','ZKEASOFT','2018-05-21 23:46:28.730',NULL,NULL,'ZONE-3'),
('2fd26e7c5a844bea8a2422d074d73109','0846a33e56bf45d5aae602ef40d87444','a3d735320eb04c63bf3258d7b44e30f8','底部',NULL,'admin','ZKEASOFT','2018-05-21 23:45:43.330','admin','ZKEASOFT','2018-05-21 23:45:43.330',NULL,NULL,'ZONE-4'),
('302009d870f74aa1b5b55dc6f1c6385f','0846a33e56bf45d5aae602ef40d87444','9d84599edb2443439a53e8d906815c8f','主内容',NULL,'admin','ZKEASOFT','2018-05-21 23:45:44.810','admin','ZKEASOFT','2018-05-21 23:45:44.810',NULL,NULL,'ZONE-2'),
('34f9c91a64ee4986bec02073ea77035d','0846a33e56bf45d5aae602ef40d87444','e371628aa3ff46c3a167f121c7a3f32b','顶部',NULL,'admin','ZKEASOFT','2018-05-21 23:45:21.927','admin','ZKEASOFT','2018-05-21 23:45:21.927',NULL,NULL,'ZONE-0'),
('360d6da3007e41d68c521c3154173c7a','0846a33e56bf45d5aae602ef40d87444','a8d73e29b1eb4b7ea43420e2b6bf2c1b','顶部',NULL,'admin','ZKEASOFT','2018-05-21 23:45:45.783','admin','ZKEASOFT','2018-05-21 23:45:45.783',NULL,NULL,'ZONE-0'),
('39af0cedd23a42d08c2c93e7b0dbaee0','0846a33e56bf45d5aae602ef40d87444','d070f202bb2f45ddbd35f0a7cfee1dfa','主内容',NULL,'admin','ZKEASOFT','2018-05-21 23:46:09.357','admin','ZKEASOFT','2018-05-21 23:46:09.357',NULL,NULL,'ZONE-2'),
('3b3f74427bf84da999406f98f7d8cdd7','1dae90cf6a8547538cc0c369b9943c01','be49e3ec3b5a4f5eae3edaf8ba64f185','底部',NULL,'admin','ZKEASOFT','2018-05-21 23:45:46.690','admin','ZKEASOFT','2018-05-21 23:45:46.690',NULL,NULL,'ZONE-4'),
('3ca302874c164b7b9691ca948300417b','1dae90cf6a8547538cc0c369b9943c01',NULL,'内容右',NULL,'admin',NULL,'2015-08-31 11:58:54.257','admin','ZKEASOFT','2017-11-19 17:48:39.823',NULL,NULL,'ZONE-3'),
('3f166bd62afb4a888801ec561cbc15ef','1dae90cf6a8547538cc0c369b9943c01','50fa3579e7434555a22f095dcb4ea35e','主内容',NULL,'admin','ZKEASOFT','2018-05-21 23:42:39.987','admin','ZKEASOFT','2018-05-21 23:42:39.987',NULL,NULL,'ZONE-1'),
('40a562598d3a44a98646519094631628','1dae90cf6a8547538cc0c369b9943c01',NULL,'顶部',NULL,'admin',NULL,'2015-08-31 11:58:54.253','admin','ZKEASOFT','2017-11-19 17:48:39.840',NULL,NULL,'ZONE-0'),
('4cf5d05f2b954a7e8904713ad6781a61','1dae90cf6a8547538cc0c369b9943c01',NULL,'内容左',NULL,'admin',NULL,'2015-08-31 11:58:54.257','admin','ZKEASOFT','2017-11-19 17:48:39.847',NULL,NULL,'ZONE-2'),
('572963d3322b4cddb7d94d6bec2f08c7','0846a33e56bf45d5aae602ef40d87444','a3d735320eb04c63bf3258d7b44e30f8','顶部',NULL,'admin','ZKEASOFT','2018-05-21 23:45:43.343','admin','ZKEASOFT','2018-05-21 23:45:43.343',NULL,NULL,'ZONE-0'),
('57c4f0c9fb31439c913d0221c20a6343','1dae90cf6a8547538cc0c369b9943c01','9ce910ba45a24fd2af804d6d0de7bba3','顶部',NULL,'admin','ZKEASOFT','2018-05-21 23:46:15.113','admin','ZKEASOFT','2018-05-21 23:46:15.113',NULL,NULL,'ZONE-0'),
('58f65b43d383423a9456102ea06450c1','0846a33e56bf45d5aae602ef40d87444','4b889b430aa44517bbad38a57c745cc5','底部',NULL,'admin','ZKEASOFT','2018-05-21 23:46:34.740','admin','ZKEASOFT','2018-05-21 23:46:34.740',NULL,NULL,'ZONE-4'),
('5d3fdb35e2c54313850c69c401548b4d','0846a33e56bf45d5aae602ef40d87444','4b889b430aa44517bbad38a57c745cc5','顶部',NULL,'admin','ZKEASOFT','2018-05-21 23:46:34.753','admin','ZKEASOFT','2018-05-21 23:46:34.753',NULL,NULL,'ZONE-0'),
('5d84136b25ea4bd4a65779e0bb7acc3d','1dae90cf6a8547538cc0c369b9943c01','be49e3ec3b5a4f5eae3edaf8ba64f185','内容左',NULL,'admin','ZKEASOFT','2018-05-21 23:45:46.680','admin','ZKEASOFT','2018-05-21 23:45:46.680',NULL,NULL,'ZONE-2'),
('6920822269c34d5781b7df72fa37df16','0846a33e56bf45d5aae602ef40d87444','e371628aa3ff46c3a167f121c7a3f32b','底部',NULL,'admin','ZKEASOFT','2018-05-21 23:45:21.917','admin','ZKEASOFT','2018-05-21 23:45:21.917',NULL,NULL,'ZONE-4'),
('6bba8443507f4273b2b61048f7c71f40','0846a33e56bf45d5aae602ef40d87444',NULL,'焦点',NULL,'admin','ZKEASOFT','2016-03-10 21:08:20.887','admin','ZKEASOFT','2017-11-19 17:48:10.903',NULL,NULL,'ZONE-1'),
('7480ffc27b034c51aca983367316bb7c','0846a33e56bf45d5aae602ef40d87444','d070f202bb2f45ddbd35f0a7cfee1dfa','顶部',NULL,'admin','ZKEASOFT','2018-05-21 23:46:09.353','admin','ZKEASOFT','2018-05-21 23:46:09.353',NULL,NULL,'ZONE-0'),
('7577ca3b1628498c8f38b42545f3c1b3','1dae90cf6a8547538cc0c369b9943c01','9ce910ba45a24fd2af804d6d0de7bba3','主内容',NULL,'admin','ZKEASOFT','2018-05-21 23:46:15.120','admin','ZKEASOFT','2018-05-21 23:46:15.120',NULL,NULL,'ZONE-1'),
('75be97a54a4b430ca6d26b8285bbce8d','0846a33e56bf45d5aae602ef40d87444','a3d735320eb04c63bf3258d7b44e30f8','主内容',NULL,'admin','ZKEASOFT','2018-05-21 23:45:43.347','admin','ZKEASOFT','2018-05-21 23:45:43.347',NULL,NULL,'ZONE-2'),
('787c9336ef3341d4b63e710f16281424','0846a33e56bf45d5aae602ef40d87444','d070f202bb2f45ddbd35f0a7cfee1dfa','其它',NULL,'admin','ZKEASOFT','2018-05-21 23:46:09.350','admin','ZKEASOFT','2018-05-21 23:46:09.350',NULL,NULL,'ZONE-3'),
('7c1d057dff154fa0836ebe82b5f08b6b','0846a33e56bf45d5aae602ef40d87444','a8d73e29b1eb4b7ea43420e2b6bf2c1b','主内容',NULL,'admin','ZKEASOFT','2018-05-21 23:45:45.787','admin','ZKEASOFT','2018-05-21 23:45:45.787',NULL,NULL,'ZONE-2'),
('7fe7ceb43d734faca8a21e78185995d6','1dae90cf6a8547538cc0c369b9943c01',NULL,'底部',NULL,'admin',NULL,'2015-08-31 11:58:54.260','admin','ZKEASOFT','2017-11-19 17:48:39.873',NULL,NULL,'ZONE-4'),
('82e28c8ca83c4a52847b2f759b4d1ab0','0846a33e56bf45d5aae602ef40d87444','4b889b430aa44517bbad38a57c745cc5','主内容',NULL,'admin','ZKEASOFT','2018-05-21 23:46:34.757','admin','ZKEASOFT','2018-05-21 23:46:34.757',NULL,NULL,'ZONE-2'),
('85b6e66b7b3345e9a482af084da307d3','0846a33e56bf45d5aae602ef40d87444',NULL,'其它',NULL,'admin','ZKEASOFT','2016-03-10 21:08:20.890','admin','ZKEASOFT','2017-11-19 17:48:10.963',NULL,NULL,'ZONE-3'),
('8b3a4cd737594c00a7e34c17c1bbc9fc','0846a33e56bf45d5aae602ef40d87444','a8d73e29b1eb4b7ea43420e2b6bf2c1b','底部',NULL,'admin','ZKEASOFT','2018-05-21 23:45:45.760','admin','ZKEASOFT','2018-05-21 23:45:45.760',NULL,NULL,'ZONE-4'),
('8d4f87b76dfa4c96ae71734ef5ad08fd','1dae90cf6a8547538cc0c369b9943c01','1c93b61690ce49d7af8e1ea45ac58eb9','内容右',NULL,'admin','ZKEASOFT','2018-05-21 23:45:47.657','admin','ZKEASOFT','2018-05-21 23:45:47.657',NULL,NULL,'ZONE-3'),
('93ed2f72cef64bf891e0a1ef999c0ebc','0846a33e56bf45d5aae602ef40d87444','9d84599edb2443439a53e8d906815c8f','其它',NULL,'admin','ZKEASOFT','2018-05-21 23:45:44.800','admin','ZKEASOFT','2018-05-21 23:45:44.800',NULL,NULL,'ZONE-3'),
('9774034c2832414e9ccaa39b43685710','1dae90cf6a8547538cc0c369b9943c01','1c93b61690ce49d7af8e1ea45ac58eb9','内容左',NULL,'admin','ZKEASOFT','2018-05-21 23:45:47.670','admin','ZKEASOFT','2018-05-21 23:45:47.670',NULL,NULL,'ZONE-2'),
('9b5eab51ed78479f9a3b6cd88f30865c','0846a33e56bf45d5aae602ef40d87444','a3d735320eb04c63bf3258d7b44e30f8','其它',NULL,'admin','ZKEASOFT','2018-05-21 23:45:43.340','admin','ZKEASOFT','2018-05-21 23:45:43.340',NULL,NULL,'ZONE-3'),
('9c39ce55ae2b46fbaab97287436b651f','0846a33e56bf45d5aae602ef40d87444','a3d735320eb04c63bf3258d7b44e30f8','焦点',NULL,'admin','ZKEASOFT','2018-05-21 23:45:43.340','admin','ZKEASOFT','2018-05-21 23:45:43.340',NULL,NULL,'ZONE-1'),
('9c87f7474bcf450a942838b42335a928','0846a33e56bf45d5aae602ef40d87444','068c85b8de8744e7a81b1d1010583308','顶部',NULL,'admin','ZKEASOFT','2018-05-21 23:46:12.993','admin','ZKEASOFT','2018-05-21 23:46:12.993',NULL,NULL,'ZONE-0'),
('9ccbb73c31ba46caa173b1ff5208cd4e','1dae90cf6a8547538cc0c369b9943c01','0880a4dfdc184ff99b88c88325716d1b','内容左',NULL,'admin','ZKEASOFT','2018-05-21 23:42:49.193','admin','ZKEASOFT','2018-05-21 23:42:49.193',NULL,NULL,'ZONE-2'),
('a30b21857de2411982aa4f40e0fcba59','0846a33e56bf45d5aae602ef40d87444','068c85b8de8744e7a81b1d1010583308','其它',NULL,'admin','ZKEASOFT','2018-05-21 23:46:12.993','admin','ZKEASOFT','2018-05-21 23:46:12.993',NULL,NULL,'ZONE-3'),
('a4bd66363b6a4f2ea1d21ed601c69866','0846a33e56bf45d5aae602ef40d87444','9d84599edb2443439a53e8d906815c8f','焦点',NULL,'admin','ZKEASOFT','2018-05-21 23:45:44.797','admin','ZKEASOFT','2018-05-21 23:45:44.797',NULL,NULL,'ZONE-1'),
('a979c68e8f49405fa3c5cc21fafdb7b9','1dae90cf6a8547538cc0c369b9943c01','9ce910ba45a24fd2af804d6d0de7bba3','底部',NULL,'admin','ZKEASOFT','2018-05-21 23:46:15.117','admin','ZKEASOFT','2018-05-21 23:46:15.117',NULL,NULL,'ZONE-4'),
('aae6dbf58fff429d9a32627933854a8f','1dae90cf6a8547538cc0c369b9943c01','be49e3ec3b5a4f5eae3edaf8ba64f185','主内容',NULL,'admin','ZKEASOFT','2018-05-21 23:45:46.693','admin','ZKEASOFT','2018-05-21 23:45:46.693',NULL,NULL,'ZONE-1'),
('af49758840b345a6ab910d11a691fc99','1dae90cf6a8547538cc0c369b9943c01','1c93b61690ce49d7af8e1ea45ac58eb9','顶部',NULL,'admin','ZKEASOFT','2018-05-21 23:45:47.667','admin','ZKEASOFT','2018-05-21 23:45:47.667',NULL,NULL,'ZONE-0'),
('b0a92bfb56704f8aaf7dade22c3db2d2','1dae90cf6a8547538cc0c369b9943c01','50fa3579e7434555a22f095dcb4ea35e','内容左',NULL,'admin','ZKEASOFT','2018-05-21 23:42:39.977','admin','ZKEASOFT','2018-05-21 23:42:39.977',NULL,NULL,'ZONE-2'),
('be7a1e6a999b4264aab2b5ac593909a8','0846a33e56bf45d5aae602ef40d87444',NULL,'顶部',NULL,'admin','ZKEASOFT','2016-03-10 21:08:20.527','admin','ZKEASOFT','2017-11-19 17:48:10.967',NULL,NULL,'ZONE-0'),
('bed6101f906b4e50b3ba034bfe39d184','1dae90cf6a8547538cc0c369b9943c01','50fa3579e7434555a22f095dcb4ea35e','内容右',NULL,'admin','ZKEASOFT','2018-05-21 23:42:39.833','admin','ZKEASOFT','2018-05-21 23:42:39.833',NULL,NULL,'ZONE-3'),
('c1f4cb36e7924ff99ff38aeb3983eca3','0846a33e56bf45d5aae602ef40d87444','d070f202bb2f45ddbd35f0a7cfee1dfa','底部',NULL,'admin','ZKEASOFT','2018-05-21 23:46:09.343','admin','ZKEASOFT','2018-05-21 23:46:09.343',NULL,NULL,'ZONE-4'),
('c22c6484c2864c82932ec6ad0a20492a','0846a33e56bf45d5aae602ef40d87444','e371628aa3ff46c3a167f121c7a3f32b','焦点',NULL,'admin','ZKEASOFT','2018-05-21 23:45:21.923','admin','ZKEASOFT','2018-05-21 23:45:21.923',NULL,NULL,'ZONE-1'),
('c291af01f0b443c3ad59b5b289d97e1f','1dae90cf6a8547538cc0c369b9943c01','534e07f396b14b7584a833d270356cb7','内容左',NULL,'admin','ZKEASOFT','2018-05-21 23:46:19.307','admin','ZKEASOFT','2018-05-21 23:46:19.307',NULL,NULL,'ZONE-2'),
('c7bcd0a9d172432bafbf9f5a986685f2','0846a33e56bf45d5aae602ef40d87444',NULL,'主内容',NULL,'admin','ZKEASOFT','2016-03-10 21:08:20.893','admin','ZKEASOFT','2017-11-19 17:48:10.967',NULL,NULL,'ZONE-2'),
('ca49f8b95d724a3bb1cc01a10ca72cb9','1dae90cf6a8547538cc0c369b9943c01','534e07f396b14b7584a833d270356cb7','内容右',NULL,'admin','ZKEASOFT','2018-05-21 23:46:19.297','admin','ZKEASOFT','2018-05-21 23:46:19.297',NULL,NULL,'ZONE-3'),
('d5a2daad909b4ecfb02988584d8903ad','0846a33e56bf45d5aae602ef40d87444','a8d73e29b1eb4b7ea43420e2b6bf2c1b','其它',NULL,'admin','ZKEASOFT','2018-05-21 23:45:45.777','admin','ZKEASOFT','2018-05-21 23:45:45.777',NULL,NULL,'ZONE-3'),
('d5f02570e4814439acc86a1874cb8f07','1dae90cf6a8547538cc0c369b9943c01',NULL,'主内容',NULL,'admin',NULL,'2015-08-31 11:58:54.257','admin','ZKEASOFT','2017-11-19 17:48:39.887',NULL,NULL,'ZONE-1'),
('d79708e9937541c9833467ed6f31ebda','0846a33e56bf45d5aae602ef40d87444','068c85b8de8744e7a81b1d1010583308','底部',NULL,'admin','ZKEASOFT','2018-05-21 23:46:12.980','admin','ZKEASOFT','2018-05-21 23:46:12.980',NULL,NULL,'ZONE-4'),
('db297e847b15465cb4ee5d46cd7ca168','1dae90cf6a8547538cc0c369b9943c01','1c93b61690ce49d7af8e1ea45ac58eb9','主内容',NULL,'admin','ZKEASOFT','2018-05-21 23:45:47.673','admin','ZKEASOFT','2018-05-21 23:45:47.673',NULL,NULL,'ZONE-1'),
('de442cdec7044de895680750884b1eb4','0846a33e56bf45d5aae602ef40d87444','a8d73e29b1eb4b7ea43420e2b6bf2c1b','焦点',NULL,'admin','ZKEASOFT','2018-05-21 23:45:45.773','admin','ZKEASOFT','2018-05-21 23:45:45.773',NULL,NULL,'ZONE-1'),
('df2ff4bd579d4e6cb8855b196ba2c322','0846a33e56bf45d5aae602ef40d87444','9d84599edb2443439a53e8d906815c8f','顶部',NULL,'admin','ZKEASOFT','2018-05-21 23:45:44.810','admin','ZKEASOFT','2018-05-21 23:45:44.810',NULL,NULL,'ZONE-0'),
('e333b823cf0e4d40a7999bc2787370b2','0846a33e56bf45d5aae602ef40d87444','c5b97a044c9844529fc48383d141e73c','底部',NULL,'admin','ZKEASOFT','2018-05-21 23:46:28.723','admin','ZKEASOFT','2018-05-21 23:46:28.723',NULL,NULL,'ZONE-4'),
('e74560705e8c414bbb284cc95dc54d8a','0846a33e56bf45d5aae602ef40d87444','c5b97a044c9844529fc48383d141e73c','主内容',NULL,'admin','ZKEASOFT','2018-05-21 23:46:28.733','admin','ZKEASOFT','2018-05-21 23:46:28.733',NULL,NULL,'ZONE-2'),
('ea3ca53e83924909bfab5e9242583a93','0846a33e56bf45d5aae602ef40d87444','e371628aa3ff46c3a167f121c7a3f32b','其它',NULL,'admin','ZKEASOFT','2018-05-21 23:45:21.927','admin','ZKEASOFT','2018-05-21 23:45:21.927',NULL,NULL,'ZONE-3'),
('ea5cdd077bf44e16b8fc4a22433d63ca','0846a33e56bf45d5aae602ef40d87444','068c85b8de8744e7a81b1d1010583308','主内容',NULL,'admin','ZKEASOFT','2018-05-21 23:46:12.997','admin','ZKEASOFT','2018-05-21 23:46:12.997',NULL,NULL,'ZONE-2'),
('eaaf42be824141679c05866ad9a8acf2','0846a33e56bf45d5aae602ef40d87444','d070f202bb2f45ddbd35f0a7cfee1dfa','焦点',NULL,'admin','ZKEASOFT','2018-05-21 23:46:09.350','admin','ZKEASOFT','2018-05-21 23:46:09.350',NULL,NULL,'ZONE-1'),
('ee21c0c23a834cfaae370413da4630cc','0846a33e56bf45d5aae602ef40d87444','9d84599edb2443439a53e8d906815c8f','底部',NULL,'admin','ZKEASOFT','2018-05-21 23:45:44.780','admin','ZKEASOFT','2018-05-21 23:45:44.780',NULL,NULL,'ZONE-4'),
('eeb31d7a5ee7485ea014708e14f66cac','1dae90cf6a8547538cc0c369b9943c01','1c93b61690ce49d7af8e1ea45ac58eb9','底部',NULL,'admin','ZKEASOFT','2018-05-21 23:45:47.673','admin','ZKEASOFT','2018-05-21 23:45:47.673',NULL,NULL,'ZONE-4'),
('f41ee7803dc6431bafb45ff035fca916','1dae90cf6a8547538cc0c369b9943c01','be49e3ec3b5a4f5eae3edaf8ba64f185','内容右',NULL,'admin','ZKEASOFT','2018-05-21 23:45:46.637','admin','ZKEASOFT','2018-05-21 23:45:46.637',NULL,NULL,'ZONE-3'),
('f4f64f6755be449c8ccb6c5969749b19','0846a33e56bf45d5aae602ef40d87444','c5b97a044c9844529fc48383d141e73c','顶部',NULL,'admin','ZKEASOFT','2018-05-21 23:46:28.733','admin','ZKEASOFT','2018-05-21 23:46:28.733',NULL,NULL,'ZONE-0'),
('f844832366834170a8c8caeb8c64b96b','1dae90cf6a8547538cc0c369b9943c01','9ce910ba45a24fd2af804d6d0de7bba3','内容右',NULL,'admin','ZKEASOFT','2018-05-21 23:46:15.107','admin','ZKEASOFT','2018-05-21 23:46:15.107',NULL,NULL,'ZONE-3'),
('fb0f4ea5b0ed44289f665eec3b829ea2','0846a33e56bf45d5aae602ef40d87444','4b889b430aa44517bbad38a57c745cc5','其它',NULL,'admin','ZKEASOFT','2018-05-21 23:46:34.750','admin','ZKEASOFT','2018-05-21 23:46:34.750',NULL,NULL,'ZONE-3');
/*!40000 ALTER TABLE `CMS_Zone` ENABLE KEYS */;

DROP TABLE IF EXISTS `Comments`;
CREATE TABLE `Comments` (
	`ID` INT AUTO_INCREMENT  NOT NULL,
	`PagePath` VARCHAR(300) CHARACTER SET utf8mb4  NULL,
	`UserId` VARCHAR(100) CHARACTER SET utf8mb4  NULL,
	`Picture` VARCHAR(300) CHARACTER SET utf8mb4  NULL,
	`UserName` VARCHAR(100) CHARACTER SET utf8mb4  NULL,
	`CommentContent` VARCHAR(500) CHARACTER SET utf8mb4  NULL,
	`Agrees` INT  NULL,
	`Disagrees` INT  NULL,
	`Title` VARCHAR(50) CHARACTER SET utf8mb4  NULL,
	`Description` VARCHAR(500) CHARACTER SET utf8mb4  NULL,
	`Status` INT  NULL,
	`CreateBy` VARCHAR(50) CHARACTER SET utf8mb4  NULL,
	`CreatebyName` VARCHAR(100) CHARACTER SET utf8mb4  NULL,
	`CreateDate` DATETIME  NULL,
	`LastUpdateBy` VARCHAR(50) CHARACTER SET utf8mb4  NULL,
	`LastUpdateByName` VARCHAR(100) CHARACTER SET utf8mb4  NULL,
	`LastUpdateDate` DATETIME  NULL,
	PRIMARY KEY (`ID`)
);


DROP TABLE IF EXISTS `DataArchived`;
CREATE TABLE `DataArchived` (
	`ID` VARCHAR(100) CHARACTER SET utf8mb4  NOT NULL,
	`Data` LONGTEXT CHARACTER SET utf8mb4  NULL,
	`Title` VARCHAR(50) CHARACTER SET utf8mb4  NULL,
	`Description` VARCHAR(500) CHARACTER SET utf8mb4  NULL,
	`Status` INT  NULL,
	`CreateBy` VARCHAR(50) CHARACTER SET utf8mb4  NULL,
	`CreatebyName` VARCHAR(100) CHARACTER SET utf8mb4  NULL,
	`CreateDate` DATETIME  NULL,
	`LastUpdateBy` VARCHAR(50) CHARACTER SET utf8mb4  NULL,
	`LastUpdateByName` VARCHAR(100) CHARACTER SET utf8mb4  NULL,
	`LastUpdateDate` DATETIME  NULL,
	PRIMARY KEY (`ID`)
);

/*!40000 ALTER TABLE `DataArchived` DISABLE KEYS */;
INSERT INTO `DataArchived` VALUES
('Alipay.AopSdk.AspnetCore.AlipayOptions','{"AppId":null,"Uid":null,"Gatewayurl":null,"PrivateKey":null,"AlipayPublicKey":null,"SignType":"RSA2","CharSet":"UTF-8","IsKeyFromFile":false}',NULL,NULL,NULL,NULL,NULL,'2019-04-24 19:55:03.627',NULL,NULL,'2019-04-24 19:55:03.627'),
('ZKEACMS.GlobalScripts.Models.LiveChatScript','{"Location":0,"Script":null}',NULL,NULL,NULL,NULL,NULL,'2019-04-07 16:38:35.293',NULL,NULL,'2019-04-07 16:38:35.293'),
('ZKEACMS.GlobalScripts.Models.StatisticsScript','{"Location":0,"Script":null}',NULL,NULL,NULL,NULL,NULL,'2019-04-07 16:38:36.007',NULL,NULL,'2019-04-07 16:38:36.007'),
('ZKEACMS.Message.Models.MessageNotificationConfig','{"MessageNotifyEmails":null,"CommentNotifyEmails":null}',NULL,NULL,NULL,'admin','ZKEASOFT','2018-08-15 15:25:53.917','admin','ZKEASOFT','2018-08-15 15:25:53.917'),
('ZKEACMS.Shop.AliPayConfigOptions','{"AppId":"2016082000296332","Uid":"2088102172250345","Gatewayurl":"https://openapi.alipaydev.com/gateway.do","PrivateKey":"MIIEowIBAAKCAQEAtlGrLGZsH3qj0UFh8p/P5X89l780lHoc26ulyPUMD2mkVS3ZyBl71lSdjqtf/TTqA3+zFIPlv3DRZIF7IiUEm2cU+x2E6huUTUr1ELO+Xyvs+3goIVCn9zCijMklRl3yrR9e136qIX81FmD33BJHk3y9qLLS/wa362kXraCMkhI7R+neHE9SPZyo0xYnmGX8z69dRBQnbuWDhMGb3tWM2EvLpVCg4AoaHLozW1ZMG5e4+qYrOQ81tUl1/oWQB4znd63k9SHAHLNc9KPllws+WKYKWwL9kbwk3OuOWX9T5NZTjU/gC8iVWbgzN9kLWg8UwBD0p0oJukXoZl7HJ1D9SwIDAQABAoIBAQCzobWwcl2XimL7WpshzRmtuXc7GvW4ULQ8L1uRqvat/N0f26QWhh1AaHAwUGOr+8WRmvEbhnUH8SUuDHEAjE6EusSuQkBh1LiCixb31ND9vi6o+ZM4d9p2L2IIqmpicVAYCK+OTMtdY5MvsGylVRFWnHHVVBOVl84AULQ2qte1Vj0DPfExhGEC/Esn6w68nFrKgmnvPEhCX864uMlkhdxrbuRr0FqSjbr7ApNAsreu248IFO8w8Bu8hReDdLm/tD/wXvDLj28NM3XHj7y6OEjmToNP/D2pCK0qLlhBlF+FDMWhTFnreNRsVR7a7msEANPjikxWERJI0Pl0tqcOPXo5AoGBAOKhGX4ym7OSNB8GZGYGHiR2tOU14xdJUkPrQa8XJTcW2Lrh4DjEbu1o9gNUmniU92mnXVFwX/bQrB5zRwcWucK0mSBGkcrIt+f2GrtGkeVr5UpW+uqjvPzvpLUn1hO5jnIVhZLc7+dQGY822bN3VyZJrkHUV/AQHj6waICEY7BdAoGBAM3ye6gheERozivEBNcayE0qdu3EQicSVadR8rNQw8spudOlWTRCQIyNVcOEbq5X4+Uzm3n4pLqTNaeosU1ayI84w38o/0A8uEGzKIKunzqZ2tnIqr55XSscbA4B0UXvmJsVZ3NX3pFWRQgIAHky3zq0alW7q/XrhtMnfyPHpCnHAoGARG14EQ6ezJ18d1GqxtNaDpB5FiwrIUDWQgOqlX9bkUKoteS1mu5UwAJNJbxJ19bCzXfnSUuw7gkbryYHcDCAbjWxdnlYU+4++R7p+1nXe3oUhVm18Vr3GTgSd1BL5zDDvdaZujpThXg9/2wEV5fVDI56uw2ub6GuQCdrpkJTB1ECgYA4A6jQbPIKITtaOgFbBCTQoCkiuEuJ1vnG/Yn2bZQjUOEDCKj/hrmJwPM/r2hvMOaCM4wpG5CqUlm4lTBMKtH76mN51Yu/TASNkg4FpTsXtDsLGwIdtmK51AwrryDdVbJ7E9JEU/TsMLur2IlQbZ67l9CIKvg1de8AxXBWKfmjhwKBgBQYQf3m0Ouiyz0iWxDEpbxZNaAaAM9mB+lI7dnJnmXU7uk9ysWd5Xg+YY+3tqqXVR/GVlXsPNJpqQDgrkG5GTqrt+YjA5tT+wuu0PMQICIhsVuYGBjtZcQqq564JM2OoMALpVUvulOiT3U3QUQ2bSgjlYFccSBkH6gjhFncFVJP","AlipayPublicKey":"MIIBIjANBgkqhkiG9w0BAQEFAAOCAQ8AMIIBCgKCAQEA4gYZ2vzwi6QcwE6L/fDPqNI7ZFIBxnV2DJVsLW57dr2XZ6QihsGrU7i32kpDshFTS1d5l+rMzfDOxudkNlbQgGkdw7Yu/BENNpOWf/pAz9iz0EMQHxOFapXklEls17fPKksQf1cfGweVJ64wQVPr2c386CA3ckMFxGyAdl+UfIUH3rVhzmo2d0xRe2Gp3eJLXB1LiDPDDWKy3MkJwos6VWF/+hO9Wsx/paNCvfwCKKlaAF2yeEU6MEG+XTDpIQUNyMnF9PYWh98lxfSWoOC2NbZRm/7TBFPvzjWDtkTJLW7N3etOTAz1VL6vmg2CCG6OpX/zs8fJ9RJeCHexAaozGwIDAQAB","SignType":"RSA2","CharSet":"UTF-8","IsKeyFromFile":false}',NULL,NULL,NULL,'admin','ZKEASOFT','2018-04-11 17:02:14.577','admin','ZKEASOFT','2018-04-11 17:02:14.577');
/*!40000 ALTER TABLE `DataArchived` ENABLE KEYS */;

DROP TABLE IF EXISTS `DataDictionary`;
CREATE TABLE `DataDictionary` (
	`ID` INT AUTO_INCREMENT  NOT NULL,
	`DicName` VARCHAR(255) CHARACTER SET utf8mb4  NULL,
	`Title` VARCHAR(255) CHARACTER SET utf8mb4  NULL,
	`DicValue` VARCHAR(255) CHARACTER SET utf8mb4  NULL,
	`Order` INT  NULL,
	`Pid` INT  NULL,
	`IsSystem` TINYINT(1)  NOT NULL,
	`ImageUrl` VARCHAR(255) CHARACTER SET utf8mb4  NULL,
	`ImageThumbUrl` VARCHAR(255) CHARACTER SET utf8mb4  NULL,
	`Description` LONGTEXT CHARACTER SET utf8mb4  NULL,
	`Status` INT  NULL,
	`CreateBy` VARCHAR(50) CHARACTER SET utf8mb4  NULL,
	`CreatebyName` VARCHAR(100) CHARACTER SET utf8mb4  NULL,
	`CreateDate` DATETIME  NULL,
	`LastUpdateBy` VARCHAR(50) CHARACTER SET utf8mb4  NULL,
	`LastUpdateByName` VARCHAR(100) CHARACTER SET utf8mb4  NULL,
	`LastUpdateDate` DATETIME  NULL,
	PRIMARY KEY (`ID`)
);

/*!40000 ALTER TABLE `DataDictionary` DISABLE KEYS */;
INSERT INTO `DataDictionary` VALUES
(1,'RecordStatus','有效','1',1,0,1,NULL,NULL,NULL,0,NULL,NULL,NULL,NULL,NULL,NULL),
(2,'RecordStatus','无效','2',2,0,1,NULL,NULL,NULL,0,NULL,NULL,NULL,NULL,NULL,NULL),
(3,'ArticleCategory','新闻','1',1,0,1,NULL,NULL,NULL,0,NULL,NULL,NULL,NULL,NULL,NULL),
(4,'ArticleCategory','公司新闻','2',2,3,1,NULL,NULL,NULL,0,NULL,NULL,NULL,NULL,NULL,NULL),
(5,'ArticleCategory','行业新闻','3',3,3,1,NULL,NULL,NULL,0,NULL,NULL,NULL,NULL,NULL,NULL),
(6,'UserEntity@Sex','男','1',1,0,1,NULL,NULL,NULL,0,NULL,NULL,NULL,NULL,NULL,NULL),
(7,'UserEntity@Sex','女','2',2,0,1,NULL,NULL,NULL,0,NULL,NULL,NULL,NULL,NULL,NULL),
(8,'UserEntity@MaritalStatus','未婚','1',1,0,1,NULL,NULL,NULL,0,NULL,NULL,NULL,NULL,NULL,NULL),
(9,'UserEntity@MaritalStatus','已婚','2',2,0,1,NULL,NULL,NULL,0,NULL,NULL,NULL,NULL,NULL,NULL),
(11,'UserEntity@UserTypeCD','后台管理员','1',1,0,1,NULL,NULL,NULL,0,NULL,NULL,NULL,NULL,NULL,NULL),
(12,'ArticleTopWidget@PartialView','默认','Widget.ArticleTops',1,0,1,NULL,NULL,NULL,0,NULL,NULL,NULL,NULL,NULL,NULL),
(13,'ArticleListWidget@PartialView','默认','Widget.ArticleList',1,0,1,NULL,NULL,NULL,0,NULL,NULL,NULL,NULL,NULL,NULL),
(14,'ArticleListWidget@PartialView','横幅','Widget.ArticleList-Snippet',2,0,1,NULL,NULL,NULL,0,NULL,NULL,NULL,NULL,NULL,NULL),
(15,'ProductListWidget@PartialView','默认','Widget.ProductList',1,0,1,NULL,NULL,NULL,0,NULL,NULL,NULL,NULL,NULL,NULL),
(16,'ProductListWidget@Columns','3 列','col-xs-12 col-sm-6 col-md-4',1,0,1,NULL,NULL,NULL,0,NULL,NULL,NULL,NULL,NULL,NULL),
(17,'ProductListWidget@Columns','4 列','col-xs-12 col-sm-6 col-md-4 col-lg-3',1,0,1,NULL,NULL,NULL,0,NULL,NULL,NULL,NULL,NULL,NULL),
(18,'CarouselWidget@PartialView','默认','Widget.Carousel',1,0,1,NULL,NULL,NULL,0,NULL,NULL,NULL,NULL,NULL,NULL),
(19,'ArticleSummaryWidget@Style','默认','bs-callout-default',1,0,1,NULL,NULL,NULL,0,NULL,NULL,NULL,NULL,NULL,NULL),
(20,'ArticleSummaryWidget@Style','危险','bs-callout-danger',1,0,1,NULL,NULL,NULL,0,NULL,NULL,NULL,NULL,NULL,NULL),
(21,'ArticleSummaryWidget@Style','警告','bs-callout-warning',1,0,1,NULL,NULL,NULL,0,NULL,NULL,NULL,NULL,NULL,NULL),
(22,'ArticleSummaryWidget@Style','信息','bs-callout-info',1,0,1,NULL,NULL,NULL,0,NULL,NULL,NULL,NULL,NULL,NULL),
(23,'ArticleSummaryWidget@Style','成功','bs-callout-success',1,0,1,NULL,NULL,NULL,0,NULL,NULL,NULL,NULL,NULL,NULL),
(24,'ArticleSummaryWidget@PartialView','默认','Widget.ArticleSummary',1,0,1,NULL,NULL,NULL,0,NULL,NULL,NULL,NULL,NULL,NULL),
(25,'ProductCategoryWidget@PartialView','默认','Widget.ProductCategory',1,0,1,NULL,NULL,NULL,0,NULL,NULL,NULL,NULL,NULL,NULL),
(26,'ArticleTypeWidget@PartialView','默认','Widget.ArticleType',1,0,1,NULL,NULL,NULL,0,NULL,NULL,NULL,NULL,NULL,NULL),
(27,'UserEntity@UserTypeCD','前端用户','2',2,0,1,NULL,NULL,NULL,0,NULL,NULL,NULL,NULL,NULL,NULL),
(28,'Order@OrderStatus','未支付','1',1,0,1,NULL,NULL,NULL,0,NULL,NULL,NULL,NULL,NULL,NULL),
(29,'Order@OrderStatus','取消','2',2,0,1,NULL,NULL,NULL,0,NULL,NULL,NULL,NULL,NULL,NULL),
(30,'Order@OrderStatus','已支付','3',3,0,1,NULL,NULL,NULL,0,NULL,NULL,NULL,NULL,NULL,NULL),
(31,'Order@OrderStatus','已发货','4',4,0,1,NULL,NULL,NULL,0,NULL,NULL,NULL,NULL,NULL,NULL),
(32,'Order@OrderStatus','交易完成','5',5,0,1,NULL,NULL,NULL,0,NULL,NULL,NULL,NULL,NULL,NULL),
(33,'Order@OrderStatus','已退款','6',6,0,1,NULL,NULL,NULL,0,NULL,NULL,NULL,NULL,NULL,NULL),
(34,'Order@OrderStatus','退款中','7',7,0,1,NULL,NULL,NULL,0,NULL,NULL,NULL,NULL,NULL,NULL),
(35,'ProductListWidget@PartialView','列表','Widget.ProductList.A',2,0,1,NULL,NULL,NULL,1,NULL,NULL,NULL,NULL,NULL,NULL),
(36,'RuleItem@Condition','并且','and',1,0,1,NULL,NULL,NULL,0,NULL,NULL,NULL,NULL,NULL,NULL),
(37,'RuleItem@Condition','或者','or',2,0,1,NULL,NULL,NULL,0,NULL,NULL,NULL,NULL,NULL,NULL),
(38,'RuleItem@FunctionName','等于','Equals',1,0,1,NULL,NULL,NULL,0,NULL,NULL,NULL,NULL,NULL,NULL),
(39,'RuleItem@FunctionName','不等于','NotEquals',2,0,1,NULL,NULL,NULL,0,NULL,NULL,NULL,NULL,NULL,NULL),
(40,'RuleItem@FunctionName','大于','GreaterThan',3,0,1,NULL,NULL,NULL,0,NULL,NULL,NULL,NULL,NULL,NULL),
(41,'RuleItem@FunctionName','大于等于','GreaterThanOrEquals',4,0,1,NULL,NULL,NULL,0,NULL,NULL,NULL,NULL,NULL,NULL),
(42,'RuleItem@FunctionName','小于','LessThan',5,0,1,NULL,NULL,NULL,0,NULL,NULL,NULL,NULL,NULL,NULL),
(43,'RuleItem@FunctionName','小于等于','LessThanOrEquals',6,0,1,NULL,NULL,NULL,0,NULL,NULL,NULL,NULL,NULL,NULL),
(44,'RuleItem@FunctionName','以…开头','StartsWith',7,0,1,NULL,NULL,NULL,0,NULL,NULL,NULL,NULL,NULL,NULL),
(45,'RuleItem@FunctionName','以...结尾','EndsWith',8,0,1,NULL,NULL,NULL,0,NULL,NULL,NULL,NULL,NULL,NULL),
(46,'RuleItem@FunctionName','不以…开头','NotStartsWith',9,0,1,NULL,NULL,NULL,0,NULL,NULL,NULL,NULL,NULL,NULL),
(47,'RuleItem@FunctionName','不以...结尾','NotEndsWith',10,0,1,NULL,NULL,NULL,0,NULL,NULL,NULL,NULL,NULL,NULL),
(48,'RuleItem@FunctionName','包含','Contains',11,0,1,NULL,NULL,NULL,0,NULL,NULL,NULL,NULL,NULL,NULL),
(49,'RuleItem@FunctionName','不包含','NotContains',12,0,1,NULL,NULL,NULL,0,NULL,NULL,NULL,NULL,NULL,NULL),
(50,'RuleItem@FunctionName','在...里','In',13,0,1,NULL,NULL,NULL,0,NULL,NULL,NULL,NULL,NULL,NULL),
(51,'RuleItem@FunctionName','不在...里','NotIn',14,0,1,NULL,NULL,NULL,0,NULL,NULL,NULL,NULL,NULL,NULL),
(52,'RuleItem@Property','Url','ValueOf(''Url'')',1,0,1,NULL,NULL,NULL,0,NULL,NULL,NULL,NULL,NULL,NULL),
(53,'RuleItem@Property','Url参数','ValueOf(''QueryString'')',2,0,1,NULL,NULL,NULL,0,NULL,NULL,NULL,NULL,NULL,NULL),
(54,'RuleItem@Property','User-Agent','ValueOf(''UserAgent'')',3,0,1,NULL,NULL,NULL,0,NULL,NULL,NULL,NULL,NULL,NULL),
(55,'RuleItem@Property','当前日期','ValueOf(''Now'')',4,0,1,NULL,NULL,NULL,0,NULL,NULL,NULL,NULL,NULL,NULL);
/*!40000 ALTER TABLE `DataDictionary` ENABLE KEYS */;

DROP TABLE IF EXISTS `ExtendField`;
CREATE TABLE `ExtendField` (
	`ID` INT AUTO_INCREMENT  NOT NULL,
	`Title` VARCHAR(255) CHARACTER SET utf8mb4  NULL,
	`Value` LONGTEXT CHARACTER SET utf8mb4  NULL,
	`OwnerModule` VARCHAR(50) CHARACTER SET utf8mb4  NULL,
	`OwnerID` VARCHAR(100) CHARACTER SET utf8mb4  NULL,
	`Status` INT  NULL,
	`CreateBy` VARCHAR(50) CHARACTER SET utf8mb4  NULL,
	`CreatebyName` VARCHAR(100) CHARACTER SET utf8mb4  NULL,
	`CreateDate` DATETIME  NULL,
	`LastUpdateBy` VARCHAR(50) CHARACTER SET utf8mb4  NULL,
	`LastUpdateByName` VARCHAR(100) CHARACTER SET utf8mb4  NULL,
	`LastUpdateDate` DATETIME  NULL,
	`Description` VARCHAR(255) CHARACTER SET utf8mb4  NULL,
	PRIMARY KEY (`ID`)
);


DROP TABLE IF EXISTS `FormData`;
CREATE TABLE `FormData` (
	`ID` INT AUTO_INCREMENT  NOT NULL,
	`Title` VARCHAR(500) CHARACTER SET utf8mb4  NULL,
	`FormId` VARCHAR(50) CHARACTER SET utf8mb4  NOT NULL,
	`Status` INT  NULL,
	`Description` VARCHAR(500) CHARACTER SET utf8mb4  NULL,
	`CreateBy` VARCHAR(50) CHARACTER SET utf8mb4  NULL,
	`CreatebyName` VARCHAR(100) CHARACTER SET utf8mb4  NULL,
	`CreateDate` DATETIME  NULL,
	`LastUpdateBy` VARCHAR(50) CHARACTER SET utf8mb4  NULL,
	`LastUpdateByName` VARCHAR(100) CHARACTER SET utf8mb4  NULL,
	`LastUpdateDate` DATETIME  NULL,
	PRIMARY KEY (`ID`)
);


DROP TABLE IF EXISTS `FormDataItem`;
CREATE TABLE `FormDataItem` (
	`ID` INT AUTO_INCREMENT  NOT NULL,
	`FormDataId` INT  NOT NULL,
	`FieldId` VARCHAR(50) CHARACTER SET utf8mb4  NULL,
	`FieldText` VARCHAR(1000) CHARACTER SET utf8mb4  NULL,
	`FieldValue` LONGTEXT CHARACTER SET utf8mb4  NULL,
	`OptionValue` VARCHAR(50) CHARACTER SET utf8mb4  NULL,
	`CreateBy` VARCHAR(50) CHARACTER SET utf8mb4  NULL,
	`CreatebyName` VARCHAR(100) CHARACTER SET utf8mb4  NULL,
	`CreateDate` DATETIME  NULL,
	`LastUpdateBy` VARCHAR(50) CHARACTER SET utf8mb4  NULL,
	`LastUpdateByName` VARCHAR(100) CHARACTER SET utf8mb4  NULL,
	`LastUpdateDate` DATETIME  NULL,
	PRIMARY KEY (`ID`)
);


DROP TABLE IF EXISTS `Forms`;
CREATE TABLE `Forms` (
	`ID` VARCHAR(50) CHARACTER SET utf8mb4  NOT NULL,
	`Title` VARCHAR(200) CHARACTER SET utf8mb4  NULL,
	`FieldsData` LONGTEXT CHARACTER SET utf8mb4  NULL,
	`NotificationReceiver` VARCHAR(500) CHARACTER SET utf8mb4  NULL,
	`Status` INT  NULL,
	`Description` VARCHAR(500) CHARACTER SET utf8mb4  NULL,
	`CreateBy` VARCHAR(50) CHARACTER SET utf8mb4  NULL,
	`CreatebyName` VARCHAR(100) CHARACTER SET utf8mb4  NULL,
	`CreateDate` DATETIME  NULL,
	`LastUpdateBy` VARCHAR(50) CHARACTER SET utf8mb4  NULL,
	`LastUpdateByName` VARCHAR(100) CHARACTER SET utf8mb4  NULL,
	`LastUpdateDate` DATETIME  NULL,
	PRIMARY KEY (`ID`)
);

/*!40000 ALTER TABLE `Forms` DISABLE KEYS */;
INSERT INTO `Forms` VALUES
('5ed56d90ac154e73befa6fbc981ae3ae','问卷调查','[{"ID":"f05da60a6e3b448fadbf7c5c040a7d5c","Name":"Label","DisplayName":"一个简单的问卷调查","Value":null,"Description":"欢迎您使用ZKEACMS，这是一个自定义表单","Placeholder":"","IsRequired":false,"Size":4,"Column":"col-md-12","FieldOptions":null,"AdditionalSettings":null},{"ID":"41481e6eefa048feae380460b0cd5661","Name":"SingleLine","DisplayName":"姓名","Value":null,"Description":"","Placeholder":"","IsRequired":true,"Size":4,"Column":"col-md-6","FieldOptions":null,"AdditionalSettings":null},{"ID":"bfd1418684a64890a7099f764baa24b3","Name":"Number","DisplayName":"电话","Value":null,"Description":"","Placeholder":"","IsRequired":true,"Size":4,"Column":"col-md-6","FieldOptions":null,"AdditionalSettings":null},{"ID":"7e635c8fdd124b6b94f037d3bf112bc0","Name":"Email","DisplayName":"邮箱地址","Value":null,"Description":"","Placeholder":"","IsRequired":true,"Size":4,"Column":"col-md-4","FieldOptions":null,"AdditionalSettings":null},{"ID":"4d61bb5f733c47778975cc6cfbc84123","Name":"SingleLine","DisplayName":"QQ","Value":null,"Description":"","Placeholder":"","IsRequired":false,"Size":4,"Column":"col-md-4","FieldOptions":null,"AdditionalSettings":null},{"ID":"b85aeb9beaf64f509726f16ba582ec3c","Name":"SingleLine","DisplayName":"微信","Value":null,"Description":"","Placeholder":"","IsRequired":false,"Size":4,"Column":"col-md-4","FieldOptions":null,"AdditionalSettings":null},{"ID":"a2aea72c496e4a458265f7ceadb3653a","Name":"Address","DisplayName":"省份地址","Value":null,"Description":"","Placeholder":null,"IsRequired":true,"Size":4,"Column":"col-md-12","FieldOptions":null,"AdditionalSettings":null},{"ID":"0932ca1f1f7f4af098d51e4b1ac18b94","Name":"SingleLine","DisplayName":"详细地址","Value":null,"Description":"","Placeholder":"","IsRequired":false,"Size":4,"Column":"col-md-12","FieldOptions":null,"AdditionalSettings":null},{"ID":"572c61930769464d97f3d31771ecf65e","Name":"Radio","DisplayName":"您从哪里了解到ZKEACMS","Value":null,"Description":"","Placeholder":null,"IsRequired":true,"Size":4,"Column":"col-md-12","FieldOptions":[{"DisplayText":"搜索引擎","Value":"70a915caf7a84e9086d5dbdf26ed3053"},{"DisplayText":"博客园","Value":"419a7d1d91974282af5c26688fbe0e8c"},{"DisplayText":"朋友介绍","Value":"227f6d2f6b39479aaf2d5b79dbefdc5c"},{"DisplayText":"其它论坛","Value":"ef50fb3bccf74d6487320e53781fb1ec"}],"AdditionalSettings":null},{"ID":"845830a5c8be4b81866a8cef83049899","Name":"Checkbox","DisplayName":"您一般使用ZKEACMS做什么","Value":null,"Description":"","Placeholder":null,"IsRequired":false,"Size":4,"Column":"col-md-12","FieldOptions":[{"DisplayText":"网站","Value":"5f0fbb9faa0343e0958a896fe3cead4f"},{"DisplayText":"博客","Value":"65902e51d35142019c4aab8badff9e35"},{"DisplayText":"其它","Value":"944343b3ed904b94a9db6950dbdcccf3"}],"AdditionalSettings":null},{"ID":"2fe6e4baf01e4cb897986991c920df56","Name":"Dropdown","DisplayName":"您觉得ZKEACMS怎么样","Value":null,"Description":"","Placeholder":null,"IsRequired":false,"Size":4,"Column":"col-md-12","FieldOptions":[{"DisplayText":"很不错","Value":"fc3929826e364318b7a3436d991fb097"},{"DisplayText":"还可以","Value":"619e09c2864b41ae81f4f90e7cab92ba"},{"DisplayText":"有待提高","Value":"fd1279a07150490f9a1f69c85298e22c"},{"DisplayText":"不怎么样","Value":"ef19983754504a9482232dd6be01f34d"}],"AdditionalSettings":null},{"ID":"2868de2d8e9b4d269da891342e6dc95b","Name":"Paragraph","DisplayName":"您的意见或建议","Value":null,"Description":"","Placeholder":"","IsRequired":false,"Size":4,"Column":"col-md-12","FieldOptions":null,"AdditionalSettings":null}]',NULL,NULL,'',NULL,NULL,NULL,'admin','ZKEASOFT','2017-10-15 18:07:58.013');
/*!40000 ALTER TABLE `Forms` ENABLE KEYS */;

DROP TABLE IF EXISTS `HtmlWidget`;
CREATE TABLE `HtmlWidget` (
	`ID` VARCHAR(100) CHARACTER SET utf8mb4  NOT NULL,
	`HTML` LONGTEXT CHARACTER SET utf8mb4  NULL,
	PRIMARY KEY (`ID`),
	KEY `FK_HtmlWidget_Widget` (`ID`),
	CONSTRAINT `FK_HtmlWidget_Widget` FOREIGN KEY (`ID`) REFERENCES `CMS_WidgetBase` (`ID`) ON DELETE NO ACTION ON UPDATE NO ACTION
);

/*!40000 ALTER TABLE `HtmlWidget` DISABLE KEYS */;
INSERT INTO `HtmlWidget` VALUES
('062018a8e5cf48b4a0d90296e7f4e965','<hr />'),
('09617f6142934daaadee6cfb9df6d66f','<p>这是文本段落，你可以在段里面加入标题，文字，图片，表格，列表，链接等等。例如：</p>
<p>ZKEACMS一个内容管理软件（网站）。ZKEACMS不仅只是管理内容，更是重新定义了布局、页面和组件，让用户可以自由规划页面的布局，页面和内容。</p>
<p>ZKEACMS使用可视化编辑设计，真正做到所见即所得，可直接在预览页面上设计页面。</p>
<p>ZKEACMS采用插件式设计，支持扩展新插件。</p>'),
('357a58069e8047a289e10b920061d57d','<hr />'),
('3b8beb945c9f4c9390a6122d8b4788d5','<hr />'),
('3e3783f4b7ca421488f2bf08d32fe2f0','<hr />'),
('4d67b2d10f4a425586e3b1115f7f7072','<hr />'),
('50f810582d28440eb3bdff9ee5b1ef24','<div>
<div class="row">
<div class="col-sm-6"><img src="/Images/28.jpg" alt="" /></div>
<div class="col-sm-6">
<h3>为什么选择我们？</h3>
<p>主要集中在已进入中国市场的跨国公司、行业领先的外企、知名的中国大中企业和更多成长迅速的新兴企业。</p>
<p>尤其擅长为中外企业推荐中、高层管理职位和关键技术职位，帮助其迅速搭建及完善起一支高适配性的专业化管理团队。</p>
<p>&nbsp;</p>
<p><a class="btn btn-info" href="#">Read More</a></p>
</div>
</div>
</div>'),
('56991d0ff59d4c1db27aff3a50fcb382','<div class="page-header">
<h1>ZKEASOFT</h1>
</div>
<p>ZKEASOFT 提供优质的软件服务，我们坚持开源，开放原则，把软件服务做得更好</p>'),
('62ca3b6b6ea644b4a64501021b02f13b','<hr />'),
('8cc061c2e2514ef9b85bbecdec3f84ab','<hr />'),
('a686b84212f94b3b8315093b2e8b883d','<div id="footer">ZKEACMS是开源软件，提供免费下载学习使用
<p>Copyright @&nbsp;2015 ZKEASOFT. All Rights Reserved | <a href="http://www.zkea.net/" target="_blank" rel="noopener">www.zkea.net</a></p>
</div>'),
('bb7dab4f077745ef8b5b425eaabb423c','<h1 style="text-align: center; font-size: 3em;">ZKEASOFT</h1>
<p>&nbsp;</p>
<p style="text-align: center;">ZKEASOFT 提供优质的软件服务，我们坚持开源，开放原则，把软件服务做得更好</p>
<p style="text-align: center;"><a href="https://github.com/SeriaWei/ASP.NET-MVC-CMS">ZKEACMS</a>是基于<a href="http://www.zkea.net/easyframework">EasyFrameWork</a>，使用ASP.NET MVC4开发的开源CMS。</p>
<p style="text-align: center;">ZKEACMS一个内容管理软件（网站）。ZKEACMS不仅只是管理内容，更是重新定义了布局、页面和组件，让用户可以自由规划页面的布局，页面和内容。</p>
<p style="text-align: center;">ZKEACMS使用可视化编辑设计，真正做到所见即所得，可直接在预览页面上设计页面。</p>
<p style="text-align: center;">ZKEACMS采用插件式设计，支持扩展新插件。</p>
<p style="text-align: center;">&nbsp;</p>
<p style="text-align: center;"><a class="btn btn-info" href="#">Read More</a></p>'),
('f6de0d62d3974ee2bf2ded3fbbc82c2b','<div class="space">&nbsp;</div>');
/*!40000 ALTER TABLE `HtmlWidget` ENABLE KEYS */;

DROP TABLE IF EXISTS `ImageWidget`;
CREATE TABLE `ImageWidget` (
	`ID` VARCHAR(100) CHARACTER SET utf8mb4  NOT NULL,
	`ImageUrl` VARCHAR(255) CHARACTER SET utf8mb4  NULL,
	`Width` INT  NULL,
	`Height` INT  NULL,
	`AltText` VARCHAR(255) CHARACTER SET utf8mb4  NULL,
	`Link` VARCHAR(255) CHARACTER SET utf8mb4  NULL,
	PRIMARY KEY (`ID`),
	KEY `FK_ImageWidget_Widget` (`ID`),
	CONSTRAINT `FK_ImageWidget_Widget` FOREIGN KEY (`ID`) REFERENCES `CMS_WidgetBase` (`ID`) ON DELETE NO ACTION ON UPDATE NO ACTION
);

/*!40000 ALTER TABLE `ImageWidget` DISABLE KEYS */;
INSERT INTO `ImageWidget` VALUES
('2b510992f0174e668ca53116434e065c','~/images/bg4.jpg',NULL,NULL,NULL,NULL),
('3017aef0eabc451b81daebe6bae68857','~/images/bg4.jpg',NULL,NULL,NULL,NULL),
('43bb869688ee4752a3127dd19ccc6caa','http://www.zkea.net/UpLoad/Images/20160318/09e179985c582366.jpg',NULL,NULL,NULL,NULL),
('7679a5060035444d85fe49dc3c02cada','http://www.zkea.net/UpLoad/Images/20160318/09e179985c582366.jpg',NULL,NULL,NULL,NULL),
('8ea46d2923ad4d62958c565b19bb172d','~/images/bg3.jpg',NULL,NULL,NULL,NULL),
('e5ba6adb117440959757b98e4289430f','~/images/bg3.jpg',NULL,NULL,NULL,NULL),
('fee7f4d7d7e641b0bfa74491a543d245','~/images/30.jpg',NULL,NULL,NULL,NULL);
/*!40000 ALTER TABLE `ImageWidget` ENABLE KEYS */;

DROP TABLE IF EXISTS `Language`;
CREATE TABLE `Language` (
	`LanKey` VARCHAR(190) CHARACTER SET utf8mb4  NOT NULL,
	`CultureName` VARCHAR(10) CHARACTER SET utf8mb4  NOT NULL,
	`LanValue` LONGTEXT CHARACTER SET utf8mb4  NULL,
	`Module` VARCHAR(50) CHARACTER SET utf8mb4  NULL,
	`LanType` VARCHAR(50) CHARACTER SET utf8mb4  NULL,
	PRIMARY KEY (`LanKey`,`CultureName`)
);

/*!40000 ALTER TABLE `Language` DISABLE KEYS */;
INSERT INTO `Language` VALUES
('"M" 表示该导航会在手机上显示。<strong>右键</strong>可创建子导航。','en-GB','"M" means the navigation will be displayed on the phone. <strong>Right Click</strong> can add sub item.',NULL,NULL),
('"M" 表示该导航会在手机上显示。<strong>右键</strong>可创建子导航。','en-US','"M" means the navigation will be displayed on the phone. <strong>Right Click</strong> can add sub item.',NULL,NULL),
('{{0}}的长度应大于{0}且小于{1}','en-GB','The length of {{0}} should between {0} and {1}',NULL,NULL),
('{{0}}的长度应大于{0}且小于{1}','en-US','The length of {{0}} should between {0} and {1}',NULL,NULL),
('{{0}}的长度应小于{0}','en-GB','The length of {{0}} should less than {0}',NULL,NULL),
('{{0}}的长度应小于{0}','en-US','The length of {{0}} should less than {0}',NULL,NULL),
('{{0}}的值范围应在{0}-{1}之间','en-GB','The value of {{0}} should between {0} and {1}',NULL,NULL),
('{{0}}的值范围应在{0}-{1}之间','en-US','The value of {{0}} should between {0} and {1}',NULL,NULL),
('{0}的输入的值不符合要求','en-GB','The value of {0} is not valid.',NULL,NULL),
('{0}的输入的值不符合要求','en-US','The value of {0} is not valid.',NULL,NULL),
('AlipayOptions@AlipayPublicKey','en-GB','Alipay Public Key','AlipayOptions','EntityProperty'),
('AlipayOptions@AlipayPublicKey','en-US','Alipay Public Key','AlipayOptions','EntityProperty'),
('AlipayOptions@AlipayPublicKey','zh-CN','应用公钥','AlipayOptions','EntityProperty'),
('AlipayOptions@AppId','en-GB','App','AlipayOptions','EntityProperty'),
('AlipayOptions@AppId','en-US','App','AlipayOptions','EntityProperty'),
('AlipayOptions@AppId','zh-CN','AppId','AlipayOptions','EntityProperty'),
('AlipayOptions@Gatewayurl','en-GB','Gatewayurl','AlipayOptions','EntityProperty'),
('AlipayOptions@Gatewayurl','en-US','Gatewayurl','AlipayOptions','EntityProperty'),
('AlipayOptions@Gatewayurl','zh-CN','支付宝网关','AlipayOptions','EntityProperty'),
('AlipayOptions@IsKeyFromFile','en-GB','Is Key From File','AlipayOptions','EntityProperty'),
('AlipayOptions@IsKeyFromFile','en-US','Is Key From File','AlipayOptions','EntityProperty'),
('AlipayOptions@IsKeyFromFile','zh-CN','IsKeyFromFile','AlipayOptions','EntityProperty'),
('AlipayOptions@PrivateKey','en-GB','Private Key','AlipayOptions','EntityProperty'),
('AlipayOptions@PrivateKey','en-US','Private Key','AlipayOptions','EntityProperty'),
('AlipayOptions@PrivateKey','zh-CN','应用私钥','AlipayOptions','EntityProperty'),
('AlipayOptions@SignType','en-GB','Sign Type','AlipayOptions','EntityProperty'),
('AlipayOptions@SignType','en-US','Sign Type','AlipayOptions','EntityProperty'),
('AlipayOptions@SignType','zh-CN','SignType','AlipayOptions','EntityProperty'),
('AlipayOptions@Uid','en-GB','Uid','AlipayOptions','EntityProperty'),
('AlipayOptions@Uid','en-US','Uid','AlipayOptions','EntityProperty'),
('AlipayOptions@Uid','zh-CN','商户UID','AlipayOptions','EntityProperty'),
('ApplicationSetting@ActionType','zh-CN','ActionType','ApplicationSetting','EntityProperty'),
('ApplicationSetting@CreateBy','zh-CN','CreateBy','ApplicationSetting','EntityProperty'),
('ApplicationSetting@CreatebyName','zh-CN','创建人','ApplicationSetting','EntityProperty'),
('ApplicationSetting@CreateDate','zh-CN','创建日期','ApplicationSetting','EntityProperty'),
('ApplicationSetting@Description','zh-CN','描述','ApplicationSetting','EntityProperty'),
('ApplicationSetting@LastUpdateBy','zh-CN','LastUpdateBy','ApplicationSetting','EntityProperty'),
('ApplicationSetting@LastUpdateByName','zh-CN','更新人','ApplicationSetting','EntityProperty'),
('ApplicationSetting@LastUpdateDate','zh-CN','更新日期','ApplicationSetting','EntityProperty'),
('ApplicationSetting@SettingKey','zh-CN','键','ApplicationSetting','EntityProperty'),
('ApplicationSetting@Status','zh-CN','状态','ApplicationSetting','EntityProperty'),
('ApplicationSetting@Title','zh-CN','标题','ApplicationSetting','EntityProperty'),
('ApplicationSetting@Value','zh-CN','值','ApplicationSetting','EntityProperty'),
('ArticleDetailWidget@ActionType','zh-CN','ActionType','ArticleDetailWidget','EntityProperty'),
('ArticleDetailWidget@AssemblyName','zh-CN','AssemblyName','ArticleDetailWidget','EntityProperty'),
('ArticleDetailWidget@CreateBy','zh-CN','CreateBy','ArticleDetailWidget','EntityProperty'),
('ArticleDetailWidget@CreatebyName','zh-CN','创建人','ArticleDetailWidget','EntityProperty'),
('ArticleDetailWidget@CreateDate','zh-CN','创建日期','ArticleDetailWidget','EntityProperty'),
('ArticleDetailWidget@CustomClass','zh-CN','CustomClass','ArticleDetailWidget','EntityProperty'),
('ArticleDetailWidget@CustomerClass','zh-CN','CustomerClass','ArticleDetailWidget','EntityProperty'),
('ArticleDetailWidget@CustomStyle','zh-CN','CustomStyle','ArticleDetailWidget','EntityProperty'),
('ArticleDetailWidget@Description','zh-CN','描述','ArticleDetailWidget','EntityProperty'),
('ArticleDetailWidget@ExtendData','zh-CN','ExtendData','ArticleDetailWidget','EntityProperty'),
('ArticleDetailWidget@ExtendFields','zh-CN','扩展属性','ArticleDetailWidget','EntityProperty'),
('ArticleDetailWidget@FormView','zh-CN','FormView','ArticleDetailWidget','EntityProperty'),
('ArticleDetailWidget@ID','zh-CN','ID','ArticleDetailWidget','EntityProperty'),
('ArticleDetailWidget@IsSystem','zh-CN','IsSystem','ArticleDetailWidget','EntityProperty'),
('ArticleDetailWidget@IsTemplate','zh-CN','保存为模板','ArticleDetailWidget','EntityProperty'),
('ArticleDetailWidget@LastUpdateBy','zh-CN','LastUpdateBy','ArticleDetailWidget','EntityProperty'),
('ArticleDetailWidget@LastUpdateByName','zh-CN','更新人','ArticleDetailWidget','EntityProperty'),
('ArticleDetailWidget@LastUpdateDate','zh-CN','更新日期','ArticleDetailWidget','EntityProperty'),
('ArticleDetailWidget@LayoutID','zh-CN','LayoutID','ArticleDetailWidget','EntityProperty'),
('ArticleDetailWidget@PageID','zh-CN','PageID','ArticleDetailWidget','EntityProperty'),
('ArticleDetailWidget@PartialView','zh-CN','显示模板','ArticleDetailWidget','EntityProperty'),
('ArticleDetailWidget@Position','zh-CN','排序','ArticleDetailWidget','EntityProperty'),
('ArticleDetailWidget@ServiceTypeName','zh-CN','ServiceTypeName','ArticleDetailWidget','EntityProperty'),
('ArticleDetailWidget@Status','zh-CN','状态','ArticleDetailWidget','EntityProperty'),
('ArticleDetailWidget@StyleClass','zh-CN','自定义样式','ArticleDetailWidget','EntityProperty'),
('ArticleDetailWidget@Thumbnail','zh-CN','模板缩略图','ArticleDetailWidget','EntityProperty'),
('ArticleDetailWidget@Title','zh-CN','标题','ArticleDetailWidget','EntityProperty'),
('ArticleDetailWidget@ViewModelTypeName','zh-CN','ViewModelTypeName','ArticleDetailWidget','EntityProperty'),
('ArticleDetailWidget@WidgetName','zh-CN','组件名称','ArticleDetailWidget','EntityProperty'),
('ArticleDetailWidget@ZoneID','zh-CN','区域','ArticleDetailWidget','EntityProperty'),
('ArticleEntity@ActionType','zh-CN','ActionType','ArticleEntity','EntityProperty'),
('ArticleEntity@ArticleContent','zh-CN','文章内容','ArticleEntity','EntityProperty'),
('ArticleEntity@ArticleTypeID','en-GB','Article Type','ArticleEntity','EntityProperty'),
('ArticleEntity@ArticleTypeID','en-US','Article Type','ArticleEntity','EntityProperty'),
('ArticleEntity@ArticleTypeID','zh-CN','文章类别','ArticleEntity','EntityProperty'),
('ArticleEntity@Counter','zh-CN','阅读次数','ArticleEntity','EntityProperty'),
('ArticleEntity@CreateBy','zh-CN','CreateBy','ArticleEntity','EntityProperty'),
('ArticleEntity@CreatebyName','en-GB','Createby Name','ArticleEntity','EntityProperty'),
('ArticleEntity@CreatebyName','en-US','Createby Name','ArticleEntity','EntityProperty'),
('ArticleEntity@CreatebyName','zh-CN','创建人','ArticleEntity','EntityProperty'),
('ArticleEntity@CreateDate','en-GB','Create Date','ArticleEntity','EntityProperty'),
('ArticleEntity@CreateDate','en-US','Create Date','ArticleEntity','EntityProperty'),
('ArticleEntity@CreateDate','zh-CN','创建日期','ArticleEntity','EntityProperty'),
('ArticleEntity@Description','zh-CN','描述','ArticleEntity','EntityProperty'),
('ArticleEntity@ExtendFields','zh-CN','扩展属性','ArticleEntity','EntityProperty'),
('ArticleEntity@ID','zh-CN','ID','ArticleEntity','EntityProperty'),
('ArticleEntity@ImageThumbUrl','zh-CN','缩略图','ArticleEntity','EntityProperty'),
('ArticleEntity@ImageUrl','zh-CN','图片','ArticleEntity','EntityProperty'),
('ArticleEntity@IsPublish','en-GB','Is Publish','ArticleEntity','EntityProperty'),
('ArticleEntity@IsPublish','en-US','Is Publish','ArticleEntity','EntityProperty'),
('ArticleEntity@IsPublish','zh-CN','已发布?','ArticleEntity','EntityProperty'),
('ArticleEntity@LastUpdateBy','zh-CN','LastUpdateBy','ArticleEntity','EntityProperty'),
('ArticleEntity@LastUpdateByName','en-GB','Last Update By Name','ArticleEntity','EntityProperty'),
('ArticleEntity@LastUpdateByName','en-US','Last Update By Name','ArticleEntity','EntityProperty'),
('ArticleEntity@LastUpdateByName','zh-CN','更新人','ArticleEntity','EntityProperty'),
('ArticleEntity@LastUpdateDate','en-GB','Last Update Date','ArticleEntity','EntityProperty'),
('ArticleEntity@LastUpdateDate','en-US','Last Update Date','ArticleEntity','EntityProperty'),
('ArticleEntity@LastUpdateDate','zh-CN','更新日期','ArticleEntity','EntityProperty'),
('ArticleEntity@MetaDescription','zh-CN','SEO描述','ArticleEntity','EntityProperty'),
('ArticleEntity@MetaKeyWords','zh-CN','SEO关键字','ArticleEntity','EntityProperty'),
('ArticleEntity@PublishDate','zh-CN','发布日期','ArticleEntity','EntityProperty'),
('ArticleEntity@ReturnUrl','zh-CN','ReturnUrl','ArticleEntity','EntityProperty'),
('ArticleEntity@Status','zh-CN','状态','ArticleEntity','EntityProperty'),
('ArticleEntity@Summary','zh-CN','概述','ArticleEntity','EntityProperty'),
('ArticleEntity@Title','en-GB','Title','ArticleEntity','EntityProperty'),
('ArticleEntity@Title','en-US','Title','ArticleEntity','EntityProperty'),
('ArticleEntity@Title','zh-CN','标题','ArticleEntity','EntityProperty'),
('ArticleEntity@Url','zh-CN','英文名','ArticleEntity','EntityProperty'),
('ArticleListWidget@ActionType','zh-CN','ActionType','ArticleListWidget','EntityProperty'),
('ArticleListWidget@ArticleCategoryID','zh-CN','ArticleCategoryID','ArticleListWidget','EntityProperty'),
('ArticleListWidget@ArticleTypeID','zh-CN','文章类别','ArticleListWidget','EntityProperty'),
('ArticleListWidget@AssemblyName','zh-CN','AssemblyName','ArticleListWidget','EntityProperty'),
('ArticleListWidget@CreateBy','zh-CN','CreateBy','ArticleListWidget','EntityProperty'),
('ArticleListWidget@CreatebyName','zh-CN','创建人','ArticleListWidget','EntityProperty'),
('ArticleListWidget@CreateDate','zh-CN','创建日期','ArticleListWidget','EntityProperty'),
('ArticleListWidget@CustomClass','zh-CN','CustomClass','ArticleListWidget','EntityProperty'),
('ArticleListWidget@CustomStyle','zh-CN','CustomStyle','ArticleListWidget','EntityProperty'),
('ArticleListWidget@Description','zh-CN','描述','ArticleListWidget','EntityProperty'),
('ArticleListWidget@DetailPageUrl','zh-CN','详细页面','ArticleListWidget','EntityProperty'),
('ArticleListWidget@ExtendData','zh-CN','ExtendData','ArticleListWidget','EntityProperty'),
('ArticleListWidget@ExtendFields','zh-CN','扩展属性','ArticleListWidget','EntityProperty'),
('ArticleListWidget@FormView','zh-CN','FormView','ArticleListWidget','EntityProperty'),
('ArticleListWidget@ID','zh-CN','ID','ArticleListWidget','EntityProperty'),
('ArticleListWidget@IsPageable','zh-CN','分页?','ArticleListWidget','EntityProperty'),
('ArticleListWidget@IsSystem','zh-CN','IsSystem','ArticleListWidget','EntityProperty'),
('ArticleListWidget@IsTemplate','zh-CN','保存为模板','ArticleListWidget','EntityProperty'),
('ArticleListWidget@LastUpdateBy','zh-CN','LastUpdateBy','ArticleListWidget','EntityProperty'),
('ArticleListWidget@LastUpdateByName','zh-CN','更新人','ArticleListWidget','EntityProperty'),
('ArticleListWidget@LastUpdateDate','zh-CN','更新日期','ArticleListWidget','EntityProperty'),
('ArticleListWidget@LayoutID','zh-CN','LayoutID','ArticleListWidget','EntityProperty'),
('ArticleListWidget@PageID','zh-CN','PageID','ArticleListWidget','EntityProperty'),
('ArticleListWidget@PageSize','zh-CN','分页大小','ArticleListWidget','EntityProperty'),
('ArticleListWidget@PartialView','zh-CN','显示模板','ArticleListWidget','EntityProperty'),
('ArticleListWidget@Position','zh-CN','排序','ArticleListWidget','EntityProperty'),
('ArticleListWidget@ServiceTypeName','zh-CN','ServiceTypeName','ArticleListWidget','EntityProperty'),
('ArticleListWidget@Status','zh-CN','状态','ArticleListWidget','EntityProperty'),
('ArticleListWidget@StyleClass','zh-CN','自定义样式','ArticleListWidget','EntityProperty'),
('ArticleListWidget@Thumbnail','zh-CN','模板缩略图','ArticleListWidget','EntityProperty'),
('ArticleListWidget@Title','zh-CN','标题','ArticleListWidget','EntityProperty'),
('ArticleListWidget@ViewModelTypeName','zh-CN','ViewModelTypeName','ArticleListWidget','EntityProperty'),
('ArticleListWidget@WidgetName','zh-CN','组件名称','ArticleListWidget','EntityProperty'),
('ArticleListWidget@ZoneID','zh-CN','区域','ArticleListWidget','EntityProperty'),
('ArticleSpecialDetailWidget@ArticleId','zh-CN','文章ID',NULL,'EntityProperty'),
('ArticleSpecialDetailWidget@ArticleName','zh-CN','文章英文名',NULL,'EntityProperty'),
('ArticleSpecialDetailWidget@AssemblyName','zh-CN','AssemblyName','ArticleSpecialDetailWidget','EntityProperty'),
('ArticleSpecialDetailWidget@IsSystem','zh-CN','IsSystem','ArticleSpecialDetailWidget','EntityProperty'),
('ArticleSpecialDetailWidget@IsTemplate','zh-CN','保存为模板','ArticleSpecialDetailWidget','EntityProperty'),
('ArticleSpecialDetailWidget@PartialView','zh-CN','显示模板','ArticleSpecialDetailWidget','EntityProperty'),
('ArticleSpecialDetailWidget@Position','zh-CN','排序','ArticleSpecialDetailWidget','EntityProperty'),
('ArticleSpecialDetailWidget@ServiceTypeName','zh-CN','ServiceTypeName','ArticleSpecialDetailWidget','EntityProperty'),
('ArticleSpecialDetailWidget@StyleClass','zh-CN','自定义样式','ArticleSpecialDetailWidget','EntityProperty'),
('ArticleSpecialDetailWidget@Thumbnail','zh-CN','模板缩略图','ArticleSpecialDetailWidget','EntityProperty'),
('ArticleSpecialDetailWidget@Title','zh-CN','标题','ArticleSpecialDetailWidget','EntityProperty'),
('ArticleSpecialDetailWidget@ViewModelTypeName','zh-CN','ViewModelTypeName','ArticleSpecialDetailWidget','EntityProperty'),
('ArticleSpecialDetailWidget@WidgetName','zh-CN','组件名称','ArticleSpecialDetailWidget','EntityProperty'),
('ArticleSpecialDetailWidget@ZoneID','zh-CN','区域','ArticleSpecialDetailWidget','EntityProperty'),
('ArticleSummaryWidget@ActionType','zh-CN','ActionType','ArticleSummaryWidget','EntityProperty'),
('ArticleSummaryWidget@AssemblyName','zh-CN','AssemblyName','ArticleSummaryWidget','EntityProperty'),
('ArticleSummaryWidget@CreateBy','zh-CN','CreateBy','ArticleSummaryWidget','EntityProperty'),
('ArticleSummaryWidget@CreatebyName','zh-CN','创建人','ArticleSummaryWidget','EntityProperty'),
('ArticleSummaryWidget@CreateDate','zh-CN','创建日期','ArticleSummaryWidget','EntityProperty'),
('ArticleSummaryWidget@CustomClass','zh-CN','CustomClass','ArticleSummaryWidget','EntityProperty'),
('ArticleSummaryWidget@CustomStyle','zh-CN','CustomStyle','ArticleSummaryWidget','EntityProperty'),
('ArticleSummaryWidget@Description','zh-CN','描述','ArticleSummaryWidget','EntityProperty'),
('ArticleSummaryWidget@DetailLink','zh-CN','详细页面','ArticleSummaryWidget','EntityProperty'),
('ArticleSummaryWidget@ExtendData','zh-CN','ExtendData','ArticleSummaryWidget','EntityProperty'),
('ArticleSummaryWidget@ExtendFields','zh-CN','扩展属性','ArticleSummaryWidget','EntityProperty'),
('ArticleSummaryWidget@FormView','zh-CN','FormView','ArticleSummaryWidget','EntityProperty'),
('ArticleSummaryWidget@ID','zh-CN','ID','ArticleSummaryWidget','EntityProperty'),
('ArticleSummaryWidget@IsSystem','zh-CN','IsSystem','ArticleSummaryWidget','EntityProperty'),
('ArticleSummaryWidget@IsTemplate','zh-CN','保存为模板','ArticleSummaryWidget','EntityProperty'),
('ArticleSummaryWidget@LastUpdateBy','zh-CN','LastUpdateBy','ArticleSummaryWidget','EntityProperty'),
('ArticleSummaryWidget@LastUpdateByName','zh-CN','更新人','ArticleSummaryWidget','EntityProperty'),
('ArticleSummaryWidget@LastUpdateDate','zh-CN','更新日期','ArticleSummaryWidget','EntityProperty'),
('ArticleSummaryWidget@LayoutID','zh-CN','布局','ArticleSummaryWidget','EntityProperty'),
('ArticleSummaryWidget@PageID','zh-CN','页面','ArticleSummaryWidget','EntityProperty'),
('ArticleSummaryWidget@PartDriver','zh-CN','PartDriver','ArticleSummaryWidget','EntityProperty'),
('ArticleSummaryWidget@PartialView','zh-CN','显示模板','ArticleSummaryWidget','EntityProperty'),
('ArticleSummaryWidget@Position','zh-CN','排序','ArticleSummaryWidget','EntityProperty'),
('ArticleSummaryWidget@ServiceTypeName','zh-CN','ServiceTypeName','ArticleSummaryWidget','EntityProperty'),
('ArticleSummaryWidget@Status','zh-CN','状态','ArticleSummaryWidget','EntityProperty'),
('ArticleSummaryWidget@Style','zh-CN','样式','ArticleSummaryWidget','EntityProperty'),
('ArticleSummaryWidget@StyleClass','zh-CN','自定义样式','ArticleSummaryWidget','EntityProperty'),
('ArticleSummaryWidget@SubTitle','zh-CN','子标题','ArticleSummaryWidget','EntityProperty'),
('ArticleSummaryWidget@Summary','zh-CN','概述','ArticleSummaryWidget','EntityProperty'),
('ArticleSummaryWidget@Thumbnail','zh-CN','模板缩略图','ArticleSummaryWidget','EntityProperty'),
('ArticleSummaryWidget@Title','zh-CN','标题','ArticleSummaryWidget','EntityProperty'),
('ArticleSummaryWidget@ViewModelTypeName','zh-CN','ViewModelTypeName','ArticleSummaryWidget','EntityProperty'),
('ArticleSummaryWidget@WidgetName','zh-CN','组件名称','ArticleSummaryWidget','EntityProperty'),
('ArticleSummaryWidget@ZoneID','zh-CN','区域','ArticleSummaryWidget','EntityProperty'),
('ArticleTopWidget@ActionType','zh-CN','ActionType','ArticleTopWidget','EntityProperty'),
('ArticleTopWidget@ArticleTypeID','zh-CN','文章类别','ArticleTopWidget','EntityProperty'),
('ArticleTopWidget@AssemblyName','zh-CN','AssemblyName','ArticleTopWidget','EntityProperty'),
('ArticleTopWidget@CreateBy','zh-CN','CreateBy','ArticleTopWidget','EntityProperty'),
('ArticleTopWidget@CreatebyName','zh-CN','创建人','ArticleTopWidget','EntityProperty'),
('ArticleTopWidget@CreateDate','zh-CN','创建日期','ArticleTopWidget','EntityProperty'),
('ArticleTopWidget@CustomClass','zh-CN','CustomClass','ArticleTopWidget','EntityProperty'),
('ArticleTopWidget@CustomStyle','zh-CN','CustomStyle','ArticleTopWidget','EntityProperty'),
('ArticleTopWidget@Description','zh-CN','描述','ArticleTopWidget','EntityProperty'),
('ArticleTopWidget@DetailPageUrl','zh-CN','详细页面','ArticleTopWidget','EntityProperty'),
('ArticleTopWidget@ExtendData','zh-CN','ExtendData','ArticleTopWidget','EntityProperty'),
('ArticleTopWidget@ExtendFields','zh-CN','扩展属性','ArticleTopWidget','EntityProperty'),
('ArticleTopWidget@FormView','zh-CN','FormView','ArticleTopWidget','EntityProperty'),
('ArticleTopWidget@ID','zh-CN','ID','ArticleTopWidget','EntityProperty'),
('ArticleTopWidget@IsSystem','zh-CN','IsSystem','ArticleTopWidget','EntityProperty'),
('ArticleTopWidget@IsTemplate','zh-CN','保存为模板','ArticleTopWidget','EntityProperty'),
('ArticleTopWidget@LastUpdateBy','zh-CN','LastUpdateBy','ArticleTopWidget','EntityProperty'),
('ArticleTopWidget@LastUpdateByName','zh-CN','更新人','ArticleTopWidget','EntityProperty'),
('ArticleTopWidget@LastUpdateDate','zh-CN','更新日期','ArticleTopWidget','EntityProperty'),
('ArticleTopWidget@LayoutID','zh-CN','LayoutID','ArticleTopWidget','EntityProperty'),
('ArticleTopWidget@MoreLink','zh-CN','更多页面','ArticleTopWidget','EntityProperty'),
('ArticleTopWidget@PageID','zh-CN','PageID','ArticleTopWidget','EntityProperty'),
('ArticleTopWidget@PartDriver','zh-CN','PartDriver','ArticleTopWidget','EntityProperty'),
('ArticleTopWidget@PartialView','zh-CN','显示模板','ArticleTopWidget','EntityProperty'),
('ArticleTopWidget@Position','zh-CN','排序','ArticleTopWidget','EntityProperty'),
('ArticleTopWidget@ServiceTypeName','zh-CN','ServiceTypeName','ArticleTopWidget','EntityProperty'),
('ArticleTopWidget@Status','zh-CN','状态','ArticleTopWidget','EntityProperty'),
('ArticleTopWidget@StyleClass','zh-CN','自定义样式','ArticleTopWidget','EntityProperty'),
('ArticleTopWidget@SubTitle','zh-CN','子标题','ArticleTopWidget','EntityProperty'),
('ArticleTopWidget@Thumbnail','zh-CN','模板缩略图','ArticleTopWidget','EntityProperty'),
('ArticleTopWidget@Title','zh-CN','标题','ArticleTopWidget','EntityProperty'),
('ArticleTopWidget@Tops','zh-CN','置顶数','ArticleTopWidget','EntityProperty'),
('ArticleTopWidget@ViewModelTypeName','zh-CN','ViewModelTypeName','ArticleTopWidget','EntityProperty'),
('ArticleTopWidget@WidgetName','zh-CN','组件名称','ArticleTopWidget','EntityProperty'),
('ArticleTopWidget@ZoneID','zh-CN','区域','ArticleTopWidget','EntityProperty'),
('ArticleType@ActionType','zh-CN','ActionType','ArticleType','EntityProperty'),
('ArticleType@CreateBy','zh-CN','CreateBy','ArticleType','EntityProperty'),
('ArticleType@CreatebyName','zh-CN','创建人','ArticleType','EntityProperty'),
('ArticleType@CreateDate','zh-CN','创建日期','ArticleType','EntityProperty'),
('ArticleType@Description','zh-CN','描述','ArticleType','EntityProperty'),
('ArticleType@ID','zh-CN','ID','ArticleType','EntityProperty'),
('ArticleType@LastUpdateBy','zh-CN','LastUpdateBy','ArticleType','EntityProperty'),
('ArticleType@LastUpdateByName','zh-CN','更新人','ArticleType','EntityProperty'),
('ArticleType@LastUpdateDate','zh-CN','更新日期','ArticleType','EntityProperty'),
('ArticleType@ParentID','zh-CN','ParentID','ArticleType','EntityProperty'),
('ArticleType@Status','zh-CN','状态','ArticleType','EntityProperty'),
('ArticleType@Title','zh-CN','标题','ArticleType','EntityProperty'),
('ArticleType@Url','zh-CN','英文名','ArticleType','EntityProperty'),
('ArticleTypeWidget@ActionType','zh-CN','ActionType','ArticleTypeWidget','EntityProperty'),
('ArticleTypeWidget@ArticleTypeID','zh-CN','文章类别','ArticleTypeWidget','EntityProperty'),
('ArticleTypeWidget@AssemblyName','zh-CN','AssemblyName','ArticleTypeWidget','EntityProperty'),
('ArticleTypeWidget@CreateBy','zh-CN','CreateBy','ArticleTypeWidget','EntityProperty'),
('ArticleTypeWidget@CreatebyName','zh-CN','创建人','ArticleTypeWidget','EntityProperty'),
('ArticleTypeWidget@CreateDate','zh-CN','创建日期','ArticleTypeWidget','EntityProperty'),
('ArticleTypeWidget@CustomClass','zh-CN','CustomClass','ArticleTypeWidget','EntityProperty'),
('ArticleTypeWidget@CustomStyle','zh-CN','CustomStyle','ArticleTypeWidget','EntityProperty'),
('ArticleTypeWidget@Description','zh-CN','描述','ArticleTypeWidget','EntityProperty'),
('ArticleTypeWidget@ExtendFields','zh-CN','扩展属性','ArticleTypeWidget','EntityProperty'),
('ArticleTypeWidget@FormView','zh-CN','FormView','ArticleTypeWidget','EntityProperty'),
('ArticleTypeWidget@ID','zh-CN','ID','ArticleTypeWidget','EntityProperty'),
('ArticleTypeWidget@IsSystem','zh-CN','IsSystem','ArticleTypeWidget','EntityProperty'),
('ArticleTypeWidget@IsTemplate','zh-CN','保存为模板','ArticleTypeWidget','EntityProperty'),
('ArticleTypeWidget@LastUpdateBy','zh-CN','LastUpdateBy','ArticleTypeWidget','EntityProperty'),
('ArticleTypeWidget@LastUpdateByName','zh-CN','更新人','ArticleTypeWidget','EntityProperty'),
('ArticleTypeWidget@LastUpdateDate','zh-CN','更新日期','ArticleTypeWidget','EntityProperty'),
('ArticleTypeWidget@LayoutID','zh-CN','LayoutID','ArticleTypeWidget','EntityProperty'),
('ArticleTypeWidget@PageID','zh-CN','PageID','ArticleTypeWidget','EntityProperty'),
('ArticleTypeWidget@PartialView','zh-CN','显示模板','ArticleTypeWidget','EntityProperty'),
('ArticleTypeWidget@Position','zh-CN','排序','ArticleTypeWidget','EntityProperty'),
('ArticleTypeWidget@ServiceTypeName','zh-CN','ServiceTypeName','ArticleTypeWidget','EntityProperty'),
('ArticleTypeWidget@Status','zh-CN','状态','ArticleTypeWidget','EntityProperty'),
('ArticleTypeWidget@StyleClass','zh-CN','自定义样式','ArticleTypeWidget','EntityProperty'),
('ArticleTypeWidget@TargetPage','zh-CN','详细页面','ArticleTypeWidget','EntityProperty'),
('ArticleTypeWidget@Thumbnail','zh-CN','模板缩略图','ArticleTypeWidget','EntityProperty'),
('ArticleTypeWidget@Title','zh-CN','标题','ArticleTypeWidget','EntityProperty'),
('ArticleTypeWidget@ViewModelTypeName','zh-CN','ViewModelTypeName','ArticleTypeWidget','EntityProperty'),
('ArticleTypeWidget@WidgetName','zh-CN','组件名称','ArticleTypeWidget','EntityProperty'),
('ArticleTypeWidget@ZoneID','zh-CN','区域','ArticleTypeWidget','EntityProperty'),
('AuthOption@ClientId','en-GB','Client','AuthOption','EntityProperty'),
('AuthOption@ClientId','en-US','Client','AuthOption','EntityProperty'),
('AuthOption@ClientId','zh-CN','APP ID','AuthOption','EntityProperty'),
('AuthOption@ClientSecret','en-GB','Client Secret','AuthOption','EntityProperty'),
('AuthOption@ClientSecret','en-US','Client Secret','AuthOption','EntityProperty'),
('AuthOption@ClientSecret','zh-CN','APP Key','AuthOption','EntityProperty'),
('BaiduMapWidget@ApplicationKey','zh-CN','服务密钥(AK)','BaiduMapWidget','EntityProperty'),
('BaiduMapWidget@Height','zh-CN','地图高度(px)','BaiduMapWidget','EntityProperty'),
('BaiduMapWidget@Instruction','zh-CN','相关链接','BaiduMapWidget','EntityProperty'),
('BaiduMapWidget@LocationPoint','zh-CN','位置坐标','BaiduMapWidget','EntityProperty'),
('BaiduMapWidget@TagSummary','zh-CN','标注说明','BaiduMapWidget','EntityProperty'),
('BaiduMapWidget@TagTitle','zh-CN','标注','BaiduMapWidget','EntityProperty'),
('BiographyWidget@Content','zh-CN','详细信息','BiographyWidget','EntityProperty'),
('BiographyWidget@Name','zh-CN','名称','BiographyWidget','EntityProperty'),
('BiographyWidget@Others','zh-CN','其它','BiographyWidget','EntityProperty'),
('BiographyWidget@Photo','zh-CN','照片','BiographyWidget','EntityProperty'),
('BreadcrumbWidget@ActionType','zh-CN','ActionType','BreadcrumbWidget','EntityProperty'),
('BreadcrumbWidget@AssemblyName','zh-CN','AssemblyName','BreadcrumbWidget','EntityProperty'),
('BreadcrumbWidget@CreateBy','zh-CN','CreateBy','BreadcrumbWidget','EntityProperty'),
('BreadcrumbWidget@CreatebyName','zh-CN','创建人','BreadcrumbWidget','EntityProperty'),
('BreadcrumbWidget@CreateDate','zh-CN','创建日期','BreadcrumbWidget','EntityProperty'),
('BreadcrumbWidget@CustomClass','zh-CN','CustomClass','BreadcrumbWidget','EntityProperty'),
('BreadcrumbWidget@CustomStyle','zh-CN','CustomStyle','BreadcrumbWidget','EntityProperty'),
('BreadcrumbWidget@Description','zh-CN','描述','BreadcrumbWidget','EntityProperty'),
('BreadcrumbWidget@ExtendData','zh-CN','ExtendData','BreadcrumbWidget','EntityProperty'),
('BreadcrumbWidget@ExtendFields','zh-CN','扩展属性','BreadcrumbWidget','EntityProperty'),
('BreadcrumbWidget@FormView','zh-CN','FormView','BreadcrumbWidget','EntityProperty'),
('BreadcrumbWidget@ID','zh-CN','ID','BreadcrumbWidget','EntityProperty'),
('BreadcrumbWidget@IsLinkAble','zh-CN','IsLinkAble','BreadcrumbWidget','EntityProperty'),
('BreadcrumbWidget@IsSystem','zh-CN','IsSystem','BreadcrumbWidget','EntityProperty'),
('BreadcrumbWidget@IsTemplate','zh-CN','保存为模板','BreadcrumbWidget','EntityProperty'),
('BreadcrumbWidget@LastUpdateBy','zh-CN','LastUpdateBy','BreadcrumbWidget','EntityProperty'),
('BreadcrumbWidget@LastUpdateByName','zh-CN','更新人','BreadcrumbWidget','EntityProperty'),
('BreadcrumbWidget@LastUpdateDate','zh-CN','更新日期','BreadcrumbWidget','EntityProperty'),
('BreadcrumbWidget@LayoutID','zh-CN','布局','BreadcrumbWidget','EntityProperty'),
('BreadcrumbWidget@PageID','zh-CN','页面','BreadcrumbWidget','EntityProperty'),
('BreadcrumbWidget@PartialView','zh-CN','显示模板','BreadcrumbWidget','EntityProperty'),
('BreadcrumbWidget@Position','zh-CN','排序','BreadcrumbWidget','EntityProperty'),
('BreadcrumbWidget@ServiceTypeName','zh-CN','ServiceTypeName','BreadcrumbWidget','EntityProperty'),
('BreadcrumbWidget@Status','zh-CN','状态','BreadcrumbWidget','EntityProperty'),
('BreadcrumbWidget@StyleClass','zh-CN','自定义样式','BreadcrumbWidget','EntityProperty'),
('BreadcrumbWidget@Thumbnail','zh-CN','模板缩略图','BreadcrumbWidget','EntityProperty'),
('BreadcrumbWidget@Title','zh-CN','标题','BreadcrumbWidget','EntityProperty'),
('BreadcrumbWidget@ViewModelTypeName','zh-CN','ViewModelTypeName','BreadcrumbWidget','EntityProperty'),
('BreadcrumbWidget@WidgetName','zh-CN','组件名称','BreadcrumbWidget','EntityProperty'),
('BreadcrumbWidget@ZoneID','zh-CN','区域','BreadcrumbWidget','EntityProperty'),
('CarouselEntity@ActionType','zh-CN','ActionType','CarouselEntity','EntityProperty'),
('CarouselEntity@CarouselItems','en-GB','Carousel Items','CarouselEntity','EntityProperty'),
('CarouselEntity@CarouselItems','en-US','Carousel Items','CarouselEntity','EntityProperty'),
('CarouselEntity@CarouselItems','zh-CN','滚动图','CarouselEntity','EntityProperty'),
('CarouselEntity@CreateBy','zh-CN','CreateBy','CarouselEntity','EntityProperty'),
('CarouselEntity@CreatebyName','en-GB','Createby Name','CarouselEntity','EntityProperty'),
('CarouselEntity@CreatebyName','en-US','Createby Name','CarouselEntity','EntityProperty'),
('CarouselEntity@CreatebyName','zh-CN','创建人','CarouselEntity','EntityProperty'),
('CarouselEntity@CreateDate','en-GB','Create Date','CarouselEntity','EntityProperty'),
('CarouselEntity@CreateDate','en-US','Create Date','CarouselEntity','EntityProperty'),
('CarouselEntity@CreateDate','zh-CN','创建日期','CarouselEntity','EntityProperty'),
('CarouselEntity@Description','en-GB','Description','CarouselEntity','EntityProperty'),
('CarouselEntity@Description','en-US','Description','CarouselEntity','EntityProperty'),
('CarouselEntity@Description','zh-CN','描述','CarouselEntity','EntityProperty'),
('CarouselEntity@Height','zh-CN','高度(px)','CarouselEntity','EntityProperty'),
('CarouselEntity@ID','zh-CN','ID','CarouselEntity','EntityProperty'),
('CarouselEntity@LastUpdateBy','zh-CN','LastUpdateBy','CarouselEntity','EntityProperty'),
('CarouselEntity@LastUpdateByName','en-GB','Last Update By Name','CarouselEntity','EntityProperty'),
('CarouselEntity@LastUpdateByName','en-US','Last Update By Name','CarouselEntity','EntityProperty'),
('CarouselEntity@LastUpdateByName','zh-CN','更新人','CarouselEntity','EntityProperty'),
('CarouselEntity@LastUpdateDate','en-GB','Last Update Date','CarouselEntity','EntityProperty'),
('CarouselEntity@LastUpdateDate','en-US','Last Update Date','CarouselEntity','EntityProperty'),
('CarouselEntity@LastUpdateDate','zh-CN','更新日期','CarouselEntity','EntityProperty'),
('CarouselEntity@Status','en-GB','Status','CarouselEntity','EntityProperty'),
('CarouselEntity@Status','en-US','Status','CarouselEntity','EntityProperty'),
('CarouselEntity@Status','zh-CN','状态','CarouselEntity','EntityProperty'),
('CarouselEntity@Title','en-GB','Title','CarouselEntity','EntityProperty'),
('CarouselEntity@Title','en-US','Title','CarouselEntity','EntityProperty'),
('CarouselEntity@Title','zh-CN','标题','CarouselEntity','EntityProperty'),
('CarouselItemEntity@ActionType','zh-CN','ActionType','CarouselItemEntity','EntityProperty'),
('CarouselItemEntity@CarouselID','en-GB','Carousel','CarouselItemEntity','EntityProperty'),
('CarouselItemEntity@CarouselID','en-US','Carousel','CarouselItemEntity','EntityProperty'),
('CarouselItemEntity@CarouselID','zh-CN','焦点图','CarouselItemEntity','EntityProperty'),
('CarouselItemEntity@CarouselWidgetID','zh-CN','CarouselWidgetID','CarouselItemEntity','EntityProperty'),
('CarouselItemEntity@CreateBy','zh-CN','CreateBy','CarouselItemEntity','EntityProperty'),
('CarouselItemEntity@CreatebyName','zh-CN','创建人','CarouselItemEntity','EntityProperty'),
('CarouselItemEntity@CreateDate','zh-CN','创建日期','CarouselItemEntity','EntityProperty'),
('CarouselItemEntity@Description','zh-CN','描述','CarouselItemEntity','EntityProperty'),
('CarouselItemEntity@ID','zh-CN','ID','CarouselItemEntity','EntityProperty'),
('CarouselItemEntity@ImageUrl','en-GB','Image Url','CarouselItemEntity','EntityProperty'),
('CarouselItemEntity@ImageUrl','en-US','Image Url','CarouselItemEntity','EntityProperty'),
('CarouselItemEntity@ImageUrl','zh-CN','图片','CarouselItemEntity','EntityProperty'),
('CarouselItemEntity@LastUpdateBy','zh-CN','LastUpdateBy','CarouselItemEntity','EntityProperty'),
('CarouselItemEntity@LastUpdateByName','zh-CN','更新人','CarouselItemEntity','EntityProperty'),
('CarouselItemEntity@LastUpdateDate','zh-CN','更新日期','CarouselItemEntity','EntityProperty'),
('CarouselItemEntity@Status','en-GB','Status','CarouselItemEntity','EntityProperty'),
('CarouselItemEntity@Status','en-US','Status','CarouselItemEntity','EntityProperty'),
('CarouselItemEntity@Status','zh-CN','状态','CarouselItemEntity','EntityProperty'),
('CarouselItemEntity@TargetLink','en-GB','Target Link','CarouselItemEntity','EntityProperty'),
('CarouselItemEntity@TargetLink','en-US','Target Link','CarouselItemEntity','EntityProperty'),
('CarouselItemEntity@TargetLink','zh-CN','链接','CarouselItemEntity','EntityProperty'),
('CarouselItemEntity@Title','en-GB','Title','CarouselItemEntity','EntityProperty'),
('CarouselItemEntity@Title','en-US','Title','CarouselItemEntity','EntityProperty'),
('CarouselItemEntity@Title','zh-CN','标题','CarouselItemEntity','EntityProperty'),
('CarouselWidget@ActionType','zh-CN','ActionType','CarouselWidget','EntityProperty'),
('CarouselWidget@AssemblyName','zh-CN','AssemblyName','CarouselWidget','EntityProperty'),
('CarouselWidget@CarouselID','zh-CN','共享焦点图','CarouselWidget','EntityProperty'),
('CarouselWidget@CarouselItems','zh-CN','滚动图','CarouselWidget','EntityProperty'),
('CarouselWidget@CreateBy','zh-CN','CreateBy','CarouselWidget','EntityProperty'),
('CarouselWidget@CreatebyName','zh-CN','创建人','CarouselWidget','EntityProperty'),
('CarouselWidget@CreateDate','zh-CN','创建日期','CarouselWidget','EntityProperty'),
('CarouselWidget@CustomClass','zh-CN','CustomClass','CarouselWidget','EntityProperty'),
('CarouselWidget@CustomStyle','zh-CN','CustomStyle','CarouselWidget','EntityProperty'),
('CarouselWidget@Description','zh-CN','描述','CarouselWidget','EntityProperty'),
('CarouselWidget@ExtendFields','zh-CN','扩展属性','CarouselWidget','EntityProperty'),
('CarouselWidget@FormView','zh-CN','FormView','CarouselWidget','EntityProperty'),
('CarouselWidget@ID','zh-CN','ID','CarouselWidget','EntityProperty'),
('CarouselWidget@IsSystem','zh-CN','IsSystem','CarouselWidget','EntityProperty'),
('CarouselWidget@IsTemplate','zh-CN','保存为模板','CarouselWidget','EntityProperty'),
('CarouselWidget@LastUpdateBy','zh-CN','LastUpdateBy','CarouselWidget','EntityProperty'),
('CarouselWidget@LastUpdateByName','zh-CN','更新人','CarouselWidget','EntityProperty'),
('CarouselWidget@LastUpdateDate','zh-CN','更新日期','CarouselWidget','EntityProperty'),
('CarouselWidget@LayoutID','zh-CN','LayoutID','CarouselWidget','EntityProperty'),
('CarouselWidget@PageID','zh-CN','PageID','CarouselWidget','EntityProperty'),
('CarouselWidget@PartialView','zh-CN','显示模板','CarouselWidget','EntityProperty'),
('CarouselWidget@Position','zh-CN','排序','CarouselWidget','EntityProperty'),
('CarouselWidget@ServiceTypeName','zh-CN','ServiceTypeName','CarouselWidget','EntityProperty'),
('CarouselWidget@Status','zh-CN','状态','CarouselWidget','EntityProperty'),
('CarouselWidget@StyleClass','zh-CN','自定义样式','CarouselWidget','EntityProperty'),
('CarouselWidget@Thumbnail','zh-CN','模板缩略图','CarouselWidget','EntityProperty'),
('CarouselWidget@Title','zh-CN','标题','CarouselWidget','EntityProperty'),
('CarouselWidget@ViewModelTypeName','zh-CN','ViewModelTypeName','CarouselWidget','EntityProperty'),
('CarouselWidget@WidgetName','zh-CN','组件名称','CarouselWidget','EntityProperty'),
('CarouselWidget@ZoneID','zh-CN','区域','CarouselWidget','EntityProperty'),
('Comments@ActionType','zh-CN','ActionType','Comments','EntityProperty'),
('Comments@Agrees','zh-CN','赞同数','Comments','EntityProperty'),
('Comments@CommentContent','en-GB','Comment Content','Comments','EntityProperty'),
('Comments@CommentContent','en-US','Comment Content','Comments','EntityProperty'),
('Comments@CommentContent','zh-CN','评论内容','Comments','EntityProperty'),
('Comments@CreateBy','zh-CN','CreateBy','Comments','EntityProperty'),
('Comments@CreatebyName','en-GB','Createby Name','Comments','EntityProperty'),
('Comments@CreatebyName','en-US','Createby Name','Comments','EntityProperty'),
('Comments@CreatebyName','zh-CN','创建人','Comments','EntityProperty'),
('Comments@CreateDate','en-GB','Create Date','Comments','EntityProperty'),
('Comments@CreateDate','en-US','Create Date','Comments','EntityProperty'),
('Comments@CreateDate','zh-CN','创建日期','Comments','EntityProperty'),
('Comments@Description','zh-CN','描述','Comments','EntityProperty'),
('Comments@Disagrees','zh-CN','反对数','Comments','EntityProperty'),
('Comments@ID','zh-CN','ID','Comments','EntityProperty'),
('Comments@LastUpdateBy','zh-CN','LastUpdateBy','Comments','EntityProperty'),
('Comments@LastUpdateByName','en-GB','Last Update By Name','Comments','EntityProperty'),
('Comments@LastUpdateByName','en-US','Last Update By Name','Comments','EntityProperty'),
('Comments@LastUpdateByName','zh-CN','更新人','Comments','EntityProperty'),
('Comments@LastUpdateDate','en-GB','Last Update Date','Comments','EntityProperty'),
('Comments@LastUpdateDate','en-US','Last Update Date','Comments','EntityProperty'),
('Comments@LastUpdateDate','zh-CN','更新日期','Comments','EntityProperty'),
('Comments@PagePath','zh-CN','页面地址','Comments','EntityProperty'),
('Comments@Picture','zh-CN','Picture','Comments','EntityProperty'),
('Comments@Status','en-GB','Status','Comments','EntityProperty'),
('Comments@Status','en-US','Status','Comments','EntityProperty'),
('Comments@Status','zh-CN','状态','Comments','EntityProperty'),
('Comments@Title','en-GB','Title','Comments','EntityProperty'),
('Comments@Title','en-US','Title','Comments','EntityProperty'),
('Comments@Title','zh-CN','标题','Comments','EntityProperty'),
('Comments@UserId','zh-CN','登录名','Comments','EntityProperty'),
('Comments@UserName','zh-CN','用户名','Comments','EntityProperty'),
('CommentsWidget@ActionType','zh-CN','ActionType','CommentsWidget','EntityProperty'),
('CommentsWidget@AssemblyName','zh-CN','AssemblyName','CommentsWidget','EntityProperty'),
('CommentsWidget@CreateBy','zh-CN','CreateBy','CommentsWidget','EntityProperty'),
('CommentsWidget@CreatebyName','zh-CN','创建人','CommentsWidget','EntityProperty'),
('CommentsWidget@CreateDate','zh-CN','创建日期','CommentsWidget','EntityProperty'),
('CommentsWidget@CustomClass','zh-CN','CustomClass','CommentsWidget','EntityProperty'),
('CommentsWidget@CustomStyle','zh-CN','CustomStyle','CommentsWidget','EntityProperty'),
('CommentsWidget@Description','zh-CN','描述','CommentsWidget','EntityProperty'),
('CommentsWidget@ExtendData','zh-CN','ExtendData','CommentsWidget','EntityProperty'),
('CommentsWidget@FormView','zh-CN','FormView','CommentsWidget','EntityProperty'),
('CommentsWidget@ID','zh-CN','ID','CommentsWidget','EntityProperty'),
('CommentsWidget@IsSystem','zh-CN','IsSystem','CommentsWidget','EntityProperty'),
('CommentsWidget@IsTemplate','zh-CN','保存为模板','CommentsWidget','EntityProperty'),
('CommentsWidget@LastUpdateBy','zh-CN','LastUpdateBy','CommentsWidget','EntityProperty'),
('CommentsWidget@LastUpdateByName','zh-CN','更新人','CommentsWidget','EntityProperty'),
('CommentsWidget@LastUpdateDate','zh-CN','更新日期','CommentsWidget','EntityProperty'),
('CommentsWidget@LayoutID','zh-CN','LayoutID','CommentsWidget','EntityProperty'),
('CommentsWidget@PageID','zh-CN','PageID','CommentsWidget','EntityProperty'),
('CommentsWidget@PartialView','zh-CN','显示模板','CommentsWidget','EntityProperty'),
('CommentsWidget@Position','zh-CN','排序','CommentsWidget','EntityProperty'),
('CommentsWidget@ServiceTypeName','zh-CN','ServiceTypeName','CommentsWidget','EntityProperty'),
('CommentsWidget@Status','zh-CN','状态','CommentsWidget','EntityProperty'),
('CommentsWidget@StyleClass','zh-CN','自定义样式','CommentsWidget','EntityProperty'),
('CommentsWidget@Thumbnail','zh-CN','模板缩略图','CommentsWidget','EntityProperty'),
('CommentsWidget@Title','zh-CN','标题','CommentsWidget','EntityProperty'),
('CommentsWidget@ViewModelTypeName','zh-CN','ViewModelTypeName','CommentsWidget','EntityProperty'),
('CommentsWidget@WidgetName','zh-CN','组件名称','CommentsWidget','EntityProperty'),
('CommentsWidget@ZoneID','zh-CN','区域','CommentsWidget','EntityProperty'),
('ContentField@FieldType','zh-CN','字段类型','ContentField','EntityProperty'),
('ContentField@Name','zh-CN','属性名','ContentField','EntityProperty'),
('ContentField@Status','en-GB','Status','ContentField','EntityProperty'),
('ContentField@Status','en-US','Status','ContentField','EntityProperty'),
('ContentField@Title','zh-CN','字段名','ContentField','EntityProperty'),
('ContentTemplate@CreatebyName','en-GB','Createby Name','ContentTemplate','EntityProperty'),
('ContentTemplate@CreatebyName','en-US','Createby Name','ContentTemplate','EntityProperty'),
('ContentTemplate@CreateDate','en-GB','Create Date','ContentTemplate','EntityProperty'),
('ContentTemplate@CreateDate','en-US','Create Date','ContentTemplate','EntityProperty'),
('ContentTemplate@Description','en-GB','Description','ContentTemplate','EntityProperty'),
('ContentTemplate@Description','en-US','Description','ContentTemplate','EntityProperty'),
('ContentTemplate@LastUpdateByName','en-GB','Last Update By Name','ContentTemplate','EntityProperty'),
('ContentTemplate@LastUpdateByName','en-US','Last Update By Name','ContentTemplate','EntityProperty'),
('ContentTemplate@LastUpdateDate','en-GB','Last Update Date','ContentTemplate','EntityProperty'),
('ContentTemplate@LastUpdateDate','en-US','Last Update Date','ContentTemplate','EntityProperty'),
('ContentTemplate@Status','en-GB','Status','ContentTemplate','EntityProperty'),
('ContentTemplate@Status','en-US','Status','ContentTemplate','EntityProperty'),
('ContentTemplate@Template','zh-CN','模板代码','ContentTemplate','EntityProperty'),
('ContentTemplate@Title','en-GB','Title','ContentTemplate','EntityProperty'),
('ContentTemplate@Title','en-US','Title','ContentTemplate','EntityProperty'),
('ContentType@CreatebyName','en-GB','Createby Name','ContentType','EntityProperty'),
('ContentType@CreatebyName','en-US','Createby Name','ContentType','EntityProperty'),
('ContentType@CreateDate','en-GB','Create Date','ContentType','EntityProperty'),
('ContentType@CreateDate','en-US','Create Date','ContentType','EntityProperty'),
('ContentType@Description','en-GB','Description','ContentType','EntityProperty'),
('ContentType@Description','en-US','Description','ContentType','EntityProperty'),
('ContentType@Fields','zh-CN','字段','ContentType','EntityProperty'),
('ContentType@LastUpdateByName','en-GB','Last Update By Name','ContentType','EntityProperty'),
('ContentType@LastUpdateByName','en-US','Last Update By Name','ContentType','EntityProperty'),
('ContentType@LastUpdateDate','en-GB','Last Update Date','ContentType','EntityProperty'),
('ContentType@LastUpdateDate','en-US','Last Update Date','ContentType','EntityProperty'),
('ContentType@Status','en-GB','Status','ContentType','EntityProperty'),
('ContentType@Status','en-US','Status','ContentType','EntityProperty'),
('ContentType@Title','en-GB','Title','ContentType','EntityProperty'),
('ContentType@Title','en-US','Title','ContentType','EntityProperty'),
('Culture@CreatebyName','zh-CN','创建人','Culture','EntityProperty'),
('Culture@CreateDate','zh-CN','创建日期','Culture','EntityProperty'),
('Culture@CultureCode','zh-CN','语言缩写','Culture','EntityProperty'),
('Culture@CultureID','zh-CN','CultureID','Culture','EntityProperty'),
('Culture@Description','zh-CN','描述','Culture','EntityProperty'),
('Culture@DisplayName','zh-CN','显示名称','Culture','EntityProperty'),
('Culture@Domain','zh-CN','域名','Culture','EntityProperty'),
('Culture@EnglishName','zh-CN','英文名','Culture','EntityProperty'),
('Culture@Flag','zh-CN','旗帜','Culture','EntityProperty'),
('Culture@LastUpdateByName','zh-CN','更新人','Culture','EntityProperty'),
('Culture@LastUpdateDate','zh-CN','更新日期','Culture','EntityProperty'),
('Culture@LCID','zh-CN','LCID','Culture','EntityProperty'),
('Culture@Status','zh-CN','状态','Culture','EntityProperty'),
('Culture@Title','zh-CN','标题','Culture','EntityProperty'),
('Culture@UrlCode','zh-CN','Url缩写','Culture','EntityProperty'),
('CultureSetting@CultureMode','en-GB','Culture Mode','CultureSetting','EntityProperty'),
('CultureSetting@CultureMode','en-US','Culture Mode','CultureSetting','EntityProperty'),
('CultureSetting@CultureMode','zh-CN','多语言模式','CultureSetting','EntityProperty'),
('CultureSetting@DefaultCulture','en-GB','Default Culture','CultureSetting','EntityProperty'),
('CultureSetting@DefaultCulture','en-US','Default Culture','CultureSetting','EntityProperty'),
('CultureSetting@DefaultCulture','zh-CN','默认语言','CultureSetting','EntityProperty'),
('CultureSetting@IsEnable','en-GB','Is Enable','CultureSetting','EntityProperty'),
('CultureSetting@IsEnable','en-US','Is Enable','CultureSetting','EntityProperty'),
('CultureSetting@IsEnable','zh-CN','是否启用？','CultureSetting','EntityProperty'),
('CultureSetting@IsShowDefault','en-GB','Is Show Default','CultureSetting','EntityProperty'),
('CultureSetting@IsShowDefault','en-US','Is Show Default','CultureSetting','EntityProperty'),
('CultureSetting@IsShowDefault','zh-CN','无内容时使用默认语言？','CultureSetting','EntityProperty'),
('DataDictionaryEntity@CreateBy','zh-CN','CreateBy','DataDictionaryEntity','EntityProperty'),
('DataDictionaryEntity@CreatebyName','zh-CN','创建人','DataDictionaryEntity','EntityProperty'),
('DataDictionaryEntity@CreateDate','zh-CN','创建日期','DataDictionaryEntity','EntityProperty'),
('DataDictionaryEntity@Description','zh-CN','描述','DataDictionaryEntity','EntityProperty'),
('DataDictionaryEntity@DicName','zh-CN','DicName','DataDictionaryEntity','EntityProperty'),
('DataDictionaryEntity@DicValue','zh-CN','DicValue','DataDictionaryEntity','EntityProperty'),
('DataDictionaryEntity@ID','zh-CN','ID','DataDictionaryEntity','EntityProperty'),
('DataDictionaryEntity@ImageThumbUrl','zh-CN','缩略图','DataDictionaryEntity','EntityProperty'),
('DataDictionaryEntity@ImageUrl','zh-CN','图片','DataDictionaryEntity','EntityProperty'),
('DataDictionaryEntity@IsSystem','zh-CN','IsSystem','DataDictionaryEntity','EntityProperty'),
('DataDictionaryEntity@LastUpdateBy','zh-CN','LastUpdateBy','DataDictionaryEntity','EntityProperty'),
('DataDictionaryEntity@LastUpdateByName','zh-CN','更新人','DataDictionaryEntity','EntityProperty'),
('DataDictionaryEntity@LastUpdateDate','zh-CN','更新日期','DataDictionaryEntity','EntityProperty'),
('DataDictionaryEntity@Order','zh-CN','排序','DataDictionaryEntity','EntityProperty'),
('DataDictionaryEntity@Pid','zh-CN','Pid','DataDictionaryEntity','EntityProperty'),
('DataDictionaryEntity@Status','zh-CN','状态','DataDictionaryEntity','EntityProperty'),
('DataDictionaryEntity@Title','zh-CN','标题','DataDictionaryEntity','EntityProperty'),
('ExtendFieldEntity@ActionType','zh-CN','ActionType','ExtendFieldEntity','EntityProperty'),
('ExtendFieldEntity@CreateBy','zh-CN','CreateBy','ExtendFieldEntity','EntityProperty'),
('ExtendFieldEntity@CreatebyName','zh-CN','创建人','ExtendFieldEntity','EntityProperty'),
('ExtendFieldEntity@CreateDate','zh-CN','创建日期','ExtendFieldEntity','EntityProperty'),
('ExtendFieldEntity@Description','zh-CN','描述','ExtendFieldEntity','EntityProperty'),
('ExtendFieldEntity@ID','zh-CN','ID','ExtendFieldEntity','EntityProperty'),
('ExtendFieldEntity@LastUpdateBy','zh-CN','LastUpdateBy','ExtendFieldEntity','EntityProperty'),
('ExtendFieldEntity@LastUpdateByName','zh-CN','更新人','ExtendFieldEntity','EntityProperty'),
('ExtendFieldEntity@LastUpdateDate','zh-CN','更新日期','ExtendFieldEntity','EntityProperty'),
('ExtendFieldEntity@OwnerID','zh-CN','OwnerID','ExtendFieldEntity','EntityProperty'),
('ExtendFieldEntity@OwnerModule','zh-CN','OwnerModule','ExtendFieldEntity','EntityProperty'),
('ExtendFieldEntity@Status','zh-CN','状态','ExtendFieldEntity','EntityProperty'),
('ExtendFieldEntity@Title','zh-CN','名称','ExtendFieldEntity','EntityProperty'),
('ExtendFieldEntity@Value','zh-CN','值','ExtendFieldEntity','EntityProperty'),
('FluidContentListWidget@ContentTemplateID','zh-CN','显示模板','FluidContentListWidget','EntityProperty'),
('FluidContentListWidget@ContentTypeID','zh-CN','自定义内容类型','FluidContentListWidget','EntityProperty'),
('FluidContentWidget@ContentTemplateID','zh-CN','显示模板','FluidContentWidget','EntityProperty'),
('FluidContentWidget@ContentValueID','zh-CN','自定义内容','FluidContentWidget','EntityProperty'),
('FluidContentWidget@IsSupportQueryID','zh-CN','动态内容','FluidContentWidget','EntityProperty'),
('Form@ActionType','zh-CN','ActionType','Form','EntityProperty'),
('Form@CreateBy','zh-CN','CreateBy','Form','EntityProperty'),
('Form@CreatebyName','en-GB','Createby Name','Form','EntityProperty'),
('Form@CreatebyName','en-US','Createby Name','Form','EntityProperty'),
('Form@CreatebyName','zh-CN','创建人','Form','EntityProperty'),
('Form@CreateDate','en-GB','Create Date','Form','EntityProperty'),
('Form@CreateDate','en-US','Create Date','Form','EntityProperty'),
('Form@CreateDate','zh-CN','创建日期','Form','EntityProperty'),
('Form@Description','zh-CN','描述','Form','EntityProperty'),
('Form@FieldsData','zh-CN','FieldsData','Form','EntityProperty'),
('Form@FormFields','zh-CN','FormFields','Form','EntityProperty'),
('Form@ID','zh-CN','ID','Form','EntityProperty'),
('Form@LastUpdateBy','zh-CN','LastUpdateBy','Form','EntityProperty'),
('Form@LastUpdateByName','en-GB','Last Update By Name','Form','EntityProperty'),
('Form@LastUpdateByName','en-US','Last Update By Name','Form','EntityProperty'),
('Form@LastUpdateByName','zh-CN','更新人','Form','EntityProperty'),
('Form@LastUpdateDate','en-GB','Last Update Date','Form','EntityProperty'),
('Form@LastUpdateDate','en-US','Last Update Date','Form','EntityProperty'),
('Form@LastUpdateDate','zh-CN','更新日期','Form','EntityProperty'),
('Form@Status','zh-CN','状态','Form','EntityProperty'),
('Form@Title','en-GB','Title','Form','EntityProperty'),
('Form@Title','en-US','Title','Form','EntityProperty'),
('Form@Title','zh-CN','标题','Form','EntityProperty'),
('FormData@ActionType','zh-CN','ActionType','FormData','EntityProperty'),
('FormData@CreateBy','zh-CN','CreateBy','FormData','EntityProperty'),
('FormData@CreatebyName','en-GB','Createby Name','FormData','EntityProperty'),
('FormData@CreatebyName','en-US','Createby Name','FormData','EntityProperty'),
('FormData@CreatebyName','zh-CN','创建人','FormData','EntityProperty'),
('FormData@CreateDate','en-GB','Create Date','FormData','EntityProperty'),
('FormData@CreateDate','en-US','Create Date','FormData','EntityProperty'),
('FormData@CreateDate','zh-CN','创建日期','FormData','EntityProperty'),
('FormData@Datas','zh-CN','Datas','FormData','EntityProperty'),
('FormData@Description','zh-CN','描述','FormData','EntityProperty'),
('FormData@Form','zh-CN','Form','FormData','EntityProperty'),
('FormData@FormId','en-GB','Form','FormData','EntityProperty'),
('FormData@FormId','en-US','Form','FormData','EntityProperty'),
('FormData@FormId','zh-CN','表单','FormWidget','EntityProperty'),
('FormData@ID','zh-CN','ID','FormData','EntityProperty'),
('FormData@LastUpdateBy','zh-CN','LastUpdateBy','FormData','EntityProperty'),
('FormData@LastUpdateByName','en-GB','Last Update By Name','FormData','EntityProperty'),
('FormData@LastUpdateByName','en-US','Last Update By Name','FormData','EntityProperty'),
('FormData@LastUpdateByName','zh-CN','更新人','FormData','EntityProperty'),
('FormData@LastUpdateDate','en-GB','Last Update Date','FormData','EntityProperty'),
('FormData@LastUpdateDate','en-US','Last Update Date','FormData','EntityProperty'),
('FormData@LastUpdateDate','zh-CN','更新日期','FormData','EntityProperty'),
('FormData@Status','zh-CN','状态','FormData','EntityProperty'),
('FormData@Title','en-GB','Title','FormData','EntityProperty'),
('FormData@Title','en-US','Title','FormData','EntityProperty'),
('FormData@Title','zh-CN','标题','FormData','EntityProperty'),
('FormWidget@ActionType','zh-CN','ActionType','FormWidget','EntityProperty'),
('FormWidget@AssemblyName','zh-CN','AssemblyName','FormWidget','EntityProperty'),
('FormWidget@CreateBy','zh-CN','CreateBy','FormWidget','EntityProperty'),
('FormWidget@CreatebyName','zh-CN','创建人','FormWidget','EntityProperty'),
('FormWidget@CreateDate','zh-CN','创建日期','FormWidget','EntityProperty'),
('FormWidget@CustomClass','zh-CN','CustomClass','FormWidget','EntityProperty'),
('FormWidget@CustomStyle','zh-CN','CustomStyle','FormWidget','EntityProperty'),
('FormWidget@Description','zh-CN','描述','FormWidget','EntityProperty'),
('FormWidget@ExtendData','zh-CN','ExtendData','FormWidget','EntityProperty'),
('FormWidget@FormID','zh-CN','表单','FormWidget','EntityProperty'),
('FormWidget@FormView','zh-CN','FormView','FormWidget','EntityProperty'),
('FormWidget@ID','zh-CN','ID','FormWidget','EntityProperty'),
('FormWidget@IsSystem','zh-CN','IsSystem','FormWidget','EntityProperty'),
('FormWidget@IsTemplate','zh-CN','保存为模板','FormWidget','EntityProperty'),
('FormWidget@LastUpdateBy','zh-CN','LastUpdateBy','FormWidget','EntityProperty'),
('FormWidget@LastUpdateByName','zh-CN','更新人','FormWidget','EntityProperty'),
('FormWidget@LastUpdateDate','zh-CN','更新日期','FormWidget','EntityProperty'),
('FormWidget@LayoutID','zh-CN','LayoutID','FormWidget','EntityProperty'),
('FormWidget@PageID','zh-CN','PageID','FormWidget','EntityProperty'),
('FormWidget@PartialView','zh-CN','显示模板','FormWidget','EntityProperty'),
('FormWidget@Position','zh-CN','排序','FormWidget','EntityProperty'),
('FormWidget@ServiceTypeName','zh-CN','ServiceTypeName','FormWidget','EntityProperty'),
('FormWidget@Status','zh-CN','状态','FormWidget','EntityProperty'),
('FormWidget@StyleClass','zh-CN','自定义样式','FormWidget','EntityProperty'),
('FormWidget@Thumbnail','zh-CN','模板缩略图','FormWidget','EntityProperty'),
('FormWidget@Title','zh-CN','标题','FormWidget','EntityProperty'),
('FormWidget@ViewModelTypeName','zh-CN','ViewModelTypeName','FormWidget','EntityProperty'),
('FormWidget@WidgetName','zh-CN','组件名称','FormWidget','EntityProperty'),
('FormWidget@ZoneID','zh-CN','区域','FormWidget','EntityProperty'),
('HistoryEventItem@Description','zh-CN','事件','HistoryEventItem','EntityProperty'),
('HistoryEventItem@Title','zh-CN','年份','HistoryEventItem','EntityProperty'),
('HistoryEventWidget@Events','zh-CN','历史事件','HistoryEventWidget','EntityProperty'),
('HtmlWidget@ActionType','zh-CN','ActionType','HtmlWidget','EntityProperty'),
('HtmlWidget@AssemblyName','zh-CN','AssemblyName','HtmlWidget','EntityProperty'),
('HtmlWidget@CreateBy','zh-CN','CreateBy','HtmlWidget','EntityProperty'),
('HtmlWidget@CreatebyName','zh-CN','创建人','HtmlWidget','EntityProperty'),
('HtmlWidget@CreateDate','zh-CN','创建日期','HtmlWidget','EntityProperty'),
('HtmlWidget@CustomClass','zh-CN','CustomClass','HtmlWidget','EntityProperty'),
('HtmlWidget@CustomStyle','zh-CN','CustomStyle','HtmlWidget','EntityProperty'),
('HtmlWidget@Description','zh-CN','描述','HtmlWidget','EntityProperty'),
('HtmlWidget@ExtendData','zh-CN','ExtendData','HtmlWidget','EntityProperty'),
('HtmlWidget@ExtendFields','zh-CN','扩展属性','HtmlWidget','EntityProperty'),
('HtmlWidget@FormView','zh-CN','FormView','HtmlWidget','EntityProperty'),
('HtmlWidget@HTML','zh-CN','内容','HtmlWidget','EntityProperty'),
('HtmlWidget@ID','zh-CN','ID','HtmlWidget','EntityProperty'),
('HtmlWidget@IsSystem','zh-CN','IsSystem','HtmlWidget','EntityProperty'),
('HtmlWidget@IsTemplate','zh-CN','保存为模板','HtmlWidget','EntityProperty'),
('HtmlWidget@LastUpdateBy','zh-CN','LastUpdateBy','HtmlWidget','EntityProperty'),
('HtmlWidget@LastUpdateByName','zh-CN','更新人','HtmlWidget','EntityProperty'),
('HtmlWidget@LastUpdateDate','zh-CN','更新日期','HtmlWidget','EntityProperty'),
('HtmlWidget@LayoutID','zh-CN','布局','HtmlWidget','EntityProperty'),
('HtmlWidget@PageID','zh-CN','页面','HtmlWidget','EntityProperty'),
('HtmlWidget@PartDriver','zh-CN','PartDriver','HtmlWidget','EntityProperty'),
('HtmlWidget@PartialView','zh-CN','显示模板','HtmlWidget','EntityProperty'),
('HtmlWidget@Position','zh-CN','排序','HtmlWidget','EntityProperty'),
('HtmlWidget@ServiceTypeName','zh-CN','ServiceTypeName','HtmlWidget','EntityProperty'),
('HtmlWidget@Status','zh-CN','状态','HtmlWidget','EntityProperty'),
('HtmlWidget@StyleClass','zh-CN','自定义样式','HtmlWidget','EntityProperty'),
('HtmlWidget@Thumbnail','zh-CN','模板缩略图','HtmlWidget','EntityProperty'),
('HtmlWidget@Title','zh-CN','标题','HtmlWidget','EntityProperty'),
('HtmlWidget@ViewModelTypeName','zh-CN','ViewModelTypeName','HtmlWidget','EntityProperty'),
('HtmlWidget@WidgetName','zh-CN','组件名称','HtmlWidget','EntityProperty'),
('HtmlWidget@ZoneID','zh-CN','区域','HtmlWidget','EntityProperty'),
('ImageWidget@ActionType','zh-CN','ActionType','ImageWidget','EntityProperty'),
('ImageWidget@AltText','zh-CN','说明','ImageWidget','EntityProperty'),
('ImageWidget@AssemblyName','zh-CN','AssemblyName','ImageWidget','EntityProperty'),
('ImageWidget@CreateBy','zh-CN','CreateBy','ImageWidget','EntityProperty'),
('ImageWidget@CreatebyName','zh-CN','创建人','ImageWidget','EntityProperty'),
('ImageWidget@CreateDate','zh-CN','创建日期','ImageWidget','EntityProperty'),
('ImageWidget@CustomClass','zh-CN','CustomClass','ImageWidget','EntityProperty'),
('ImageWidget@CustomStyle','zh-CN','CustomStyle','ImageWidget','EntityProperty'),
('ImageWidget@Description','zh-CN','描述','ImageWidget','EntityProperty'),
('ImageWidget@ExtendFields','zh-CN','扩展属性','ImageWidget','EntityProperty'),
('ImageWidget@FormView','zh-CN','FormView','ImageWidget','EntityProperty'),
('ImageWidget@Height','zh-CN','高度(px)','ImageWidget','EntityProperty'),
('ImageWidget@ID','zh-CN','ID','ImageWidget','EntityProperty'),
('ImageWidget@ImageUrl','zh-CN','图片','ImageWidget','EntityProperty'),
('ImageWidget@IsSystem','zh-CN','IsSystem','ImageWidget','EntityProperty'),
('ImageWidget@IsTemplate','zh-CN','保存为模板','ImageWidget','EntityProperty'),
('ImageWidget@LastUpdateBy','zh-CN','LastUpdateBy','ImageWidget','EntityProperty'),
('ImageWidget@LastUpdateByName','zh-CN','更新人','ImageWidget','EntityProperty'),
('ImageWidget@LastUpdateDate','zh-CN','更新日期','ImageWidget','EntityProperty'),
('ImageWidget@LayoutID','zh-CN','布局','ImageWidget','EntityProperty'),
('ImageWidget@Link','zh-CN','链接','ImageWidget','EntityProperty'),
('ImageWidget@PageID','zh-CN','页面','ImageWidget','EntityProperty'),
('ImageWidget@PartDriver','zh-CN','PartDriver','ImageWidget','EntityProperty'),
('ImageWidget@PartialView','zh-CN','显示模板','ImageWidget','EntityProperty'),
('ImageWidget@Position','zh-CN','排序','ImageWidget','EntityProperty'),
('ImageWidget@ServiceTypeName','zh-CN','ServiceTypeName','ImageWidget','EntityProperty'),
('ImageWidget@Status','zh-CN','状态','ImageWidget','EntityProperty'),
('ImageWidget@StyleClass','zh-CN','自定义样式','ImageWidget','EntityProperty'),
('ImageWidget@Thumbnail','zh-CN','模板缩略图','ImageWidget','EntityProperty'),
('ImageWidget@Title','zh-CN','标题','ImageWidget','EntityProperty'),
('ImageWidget@ViewModelTypeName','zh-CN','ViewModelTypeName','ImageWidget','EntityProperty'),
('ImageWidget@WidgetName','zh-CN','组件名称','ImageWidget','EntityProperty'),
('ImageWidget@Width','zh-CN','宽度(px)','ImageWidget','EntityProperty'),
('ImageWidget@ZoneID','zh-CN','区域','ImageWidget','EntityProperty'),
('Keywords@Action','en-GB','Action','Keywords','EntityProperty'),
('Keywords@Action','en-US','Action','Keywords','EntityProperty'),
('Keywords@MetaDescription','en-GB','Meta Description','Keywords','EntityProperty'),
('Keywords@MetaDescription','en-US','Meta Description','Keywords','EntityProperty'),
('Keywords@MetaKeyWords','en-GB','Meta Key Words','Keywords','EntityProperty'),
('Keywords@MetaKeyWords','en-US','Meta Key Words','Keywords','EntityProperty'),
('Keywords@MetaKeyWorlds','en-GB','Meta Key Worlds','Keywords','EntityProperty'),
('Keywords@MetaKeyWorlds','en-US','Meta Key Worlds','Keywords','EntityProperty'),
('Keywords@Title','en-GB','Title','Keywords','EntityProperty'),
('Keywords@Title','en-US','Title','Keywords','EntityProperty'),
('Keywords@Url','en-GB','Url','Keywords','EntityProperty'),
('Keywords@Url','en-US','Url','Keywords','EntityProperty'),
('LanguageEntity@CultureName','en-GB','Culture Name','LanguageEntity','EntityProperty'),
('LanguageEntity@CultureName','en-US','Culture Name','LanguageEntity','EntityProperty'),
('LanguageEntity@CultureName','zh-CN','语言缩写','LanguageEntity','EntityProperty'),
('LanguageEntity@LanKey','en-GB','Lan Key','LanguageEntity','EntityProperty'),
('LanguageEntity@LanKey','en-US','Lan Key','LanguageEntity','EntityProperty'),
('LanguageEntity@LanKey','zh-CN','翻译键','LanguageEntity','EntityProperty'),
('LanguageEntity@LanType','zh-CN','对象','LanguageEntity','EntityProperty'),
('LanguageEntity@LanValue','en-GB','Lan Value','LanguageEntity','EntityProperty'),
('LanguageEntity@LanValue','en-US','Lan Value','LanguageEntity','EntityProperty'),
('LanguageEntity@LanValue','zh-CN','翻译值','LanguageEntity','EntityProperty'),
('LanguageEntity@Module','zh-CN','模块','LanguageEntity','EntityProperty'),
('LayoutEntity@ActionType','zh-CN','ActionType','LayoutEntity','EntityProperty'),
('LayoutEntity@ContainerClass','zh-CN','ContainerClass','LayoutEntity','EntityProperty'),
('LayoutEntity@CreateBy','zh-CN','CreateBy','LayoutEntity','EntityProperty'),
('LayoutEntity@CreatebyName','zh-CN','创建人','LayoutEntity','EntityProperty'),
('LayoutEntity@CreateDate','zh-CN','创建日期','LayoutEntity','EntityProperty'),
('LayoutEntity@CurrentTheme','zh-CN','CurrentTheme','LayoutEntity','EntityProperty'),
('LayoutEntity@Description','en-GB','Description','LayoutEntity','EntityProperty'),
('LayoutEntity@Description','en-US','Description','LayoutEntity','EntityProperty'),
('LayoutEntity@Description','zh-CN','描述','LayoutEntity','EntityProperty'),
('LayoutEntity@Html','zh-CN','内容','LayoutEntity','EntityProperty'),
('LayoutEntity@ID','zh-CN','ID','LayoutEntity','EntityProperty'),
('LayoutEntity@ImageThumbUrl','zh-CN','缩略图','LayoutEntity','EntityProperty'),
('LayoutEntity@ImageUrl','zh-CN','图片','LayoutEntity','EntityProperty'),
('LayoutEntity@IsTemplate','en-GB','Is Template','LayoutEntity','EntityProperty'),
('LayoutEntity@IsTemplate','en-US','Is Template','LayoutEntity','EntityProperty'),
('LayoutEntity@IsTemplate','zh-CN','保存为模板','LayoutEntity','EntityProperty'),
('LayoutEntity@LastUpdateBy','zh-CN','LastUpdateBy','LayoutEntity','EntityProperty'),
('LayoutEntity@LastUpdateByName','zh-CN','更新人','LayoutEntity','EntityProperty'),
('LayoutEntity@LastUpdateDate','zh-CN','更新日期','LayoutEntity','EntityProperty'),
('LayoutEntity@Layout','zh-CN','Layout','LayoutEntity','EntityProperty'),
('LayoutEntity@LayoutName','en-GB','Layout Name','LayoutEntity','EntityProperty'),
('LayoutEntity@LayoutName','en-US','Layout Name','LayoutEntity','EntityProperty'),
('LayoutEntity@LayoutName','zh-CN','名称','LayoutEntity','EntityProperty'),
('LayoutEntity@Page','zh-CN','Page','LayoutEntity','EntityProperty'),
('LayoutEntity@PreViewPage','zh-CN','PreViewPage','LayoutEntity','EntityProperty'),
('LayoutEntity@Script','en-GB','Script','LayoutEntity','EntityProperty'),
('LayoutEntity@Script','en-US','Script','LayoutEntity','EntityProperty'),
('LayoutEntity@Script','zh-CN','脚本','LayoutEntity','EntityProperty'),
('LayoutEntity@Status','en-GB','Status','LayoutEntity','EntityProperty'),
('LayoutEntity@Status','en-US','Status','LayoutEntity','EntityProperty'),
('LayoutEntity@Status','zh-CN','状态','LayoutEntity','EntityProperty'),
('LayoutEntity@Style','en-GB','Style','LayoutEntity','EntityProperty'),
('LayoutEntity@Style','en-US','Style','LayoutEntity','EntityProperty'),
('LayoutEntity@Style','zh-CN','样式','LayoutEntity','EntityProperty'),
('LayoutEntity@Templates','zh-CN','Templates','LayoutEntity','EntityProperty'),
('LayoutEntity@Theme','zh-CN','主题','LayoutEntity','EntityProperty'),
('LayoutEntity@Title','zh-CN','标题','LayoutEntity','EntityProperty'),
('LayoutEntity@Zones','zh-CN','Zones','LayoutEntity','EntityProperty'),
('LayoutEntity@ZoneWidgets','zh-CN','ZoneWidgets','LayoutEntity','EntityProperty'),
('LayoutHtml@ActionType','zh-CN','ActionType','LayoutHtml','EntityProperty'),
('LayoutHtml@CreateBy','zh-CN','CreateBy','LayoutHtml','EntityProperty'),
('LayoutHtml@CreatebyName','zh-CN','创建人','LayoutHtml','EntityProperty'),
('LayoutHtml@CreateDate','zh-CN','创建日期','LayoutHtml','EntityProperty'),
('LayoutHtml@Description','zh-CN','描述','LayoutHtml','EntityProperty'),
('LayoutHtml@Html','zh-CN','内容','LayoutHtml','EntityProperty'),
('LayoutHtml@LastUpdateBy','zh-CN','LastUpdateBy','LayoutHtml','EntityProperty'),
('LayoutHtml@LastUpdateByName','zh-CN','更新人','LayoutHtml','EntityProperty'),
('LayoutHtml@LastUpdateDate','zh-CN','更新日期','LayoutHtml','EntityProperty'),
('LayoutHtml@LayoutHtmlId','zh-CN','LayoutHtmlId','LayoutHtml','EntityProperty'),
('LayoutHtml@LayoutId','zh-CN','布局','LayoutHtml','EntityProperty'),
('LayoutHtml@Status','zh-CN','状态','LayoutHtml','EntityProperty'),
('LayoutHtml@Title','zh-CN','标题','LayoutHtml','EntityProperty'),
('LiveChatScript@Location','zh-CN','位置','GlobalScripts','EntityProperty'),
('LiveChatScript@Script','zh-CN','脚本','LiveChatScript','EntityProperty'),
('MediaEntity@ActionType','zh-CN','ActionType','MediaEntity','EntityProperty'),
('MediaEntity@CreateBy','zh-CN','CreateBy','MediaEntity','EntityProperty'),
('MediaEntity@CreatebyName','zh-CN','CreatebyName','MediaEntity','EntityProperty'),
('MediaEntity@CreateDate','zh-CN','CreateDate','MediaEntity','EntityProperty'),
('MediaEntity@Description','zh-CN','描述','MediaEntity','EntityProperty'),
('MediaEntity@ID','zh-CN','ID','MediaEntity','EntityProperty'),
('MediaEntity@LastUpdateBy','zh-CN','LastUpdateBy','MediaEntity','EntityProperty'),
('MediaEntity@LastUpdateByName','zh-CN','LastUpdateByName','MediaEntity','EntityProperty'),
('MediaEntity@LastUpdateDate','zh-CN','LastUpdateDate','MediaEntity','EntityProperty'),
('MediaEntity@MediaType','zh-CN','MediaType','MediaEntity','EntityProperty'),
('MediaEntity@MediaTypeImage','zh-CN','MediaTypeImage','MediaEntity','EntityProperty'),
('MediaEntity@ParentID','zh-CN','ParentID','MediaEntity','EntityProperty'),
('MediaEntity@Status','zh-CN','状态','MediaEntity','EntityProperty'),
('MediaEntity@Title','zh-CN','标题','MediaEntity','EntityProperty'),
('MediaEntity@Url','zh-CN','Url','MediaEntity','EntityProperty'),
('MessageEntity@ActionType','zh-CN','ActionType','MessageEntity','EntityProperty'),
('MessageEntity@CreateBy','zh-CN','CreateBy','MessageEntity','EntityProperty'),
('MessageEntity@CreatebyName','en-GB','Createby Name','MessageEntity','EntityProperty'),
('MessageEntity@CreatebyName','en-US','Createby Name','MessageEntity','EntityProperty'),
('MessageEntity@CreatebyName','zh-CN','创建人','MessageEntity','EntityProperty'),
('MessageEntity@CreateDate','en-GB','Create Date','MessageEntity','EntityProperty'),
('MessageEntity@CreateDate','en-US','Create Date','MessageEntity','EntityProperty'),
('MessageEntity@CreateDate','zh-CN','创建日期','MessageEntity','EntityProperty'),
('MessageEntity@Description','zh-CN','描述','MessageEntity','EntityProperty'),
('MessageEntity@Email','en-GB','Email','MessageEntity','EntityProperty'),
('MessageEntity@Email','en-US','Email','MessageEntity','EntityProperty'),
('MessageEntity@Email','zh-CN','邮箱','MessageEntity','EntityProperty'),
('MessageEntity@ID','zh-CN','ID','MessageEntity','EntityProperty'),
('MessageEntity@LastUpdateBy','zh-CN','LastUpdateBy','MessageEntity','EntityProperty'),
('MessageEntity@LastUpdateByName','en-GB','Last Update By Name','MessageEntity','EntityProperty'),
('MessageEntity@LastUpdateByName','en-US','Last Update By Name','MessageEntity','EntityProperty'),
('MessageEntity@LastUpdateByName','zh-CN','更新人','MessageEntity','EntityProperty'),
('MessageEntity@LastUpdateDate','en-GB','Last Update Date','MessageEntity','EntityProperty'),
('MessageEntity@LastUpdateDate','en-US','Last Update Date','MessageEntity','EntityProperty'),
('MessageEntity@LastUpdateDate','zh-CN','更新日期','MessageEntity','EntityProperty'),
('MessageEntity@PostMessage','zh-CN','留言内容','MessageEntity','EntityProperty'),
('MessageEntity@Reply','zh-CN','回复','MessageEntity','EntityProperty'),
('MessageEntity@Status','en-GB','Status','MessageEntity','EntityProperty'),
('MessageEntity@Status','en-US','Status','MessageEntity','EntityProperty'),
('MessageEntity@Status','zh-CN','状态','MessageEntity','EntityProperty'),
('MessageEntity@Title','en-GB','Title','MessageEntity','EntityProperty'),
('MessageEntity@Title','en-US','Title','MessageEntity','EntityProperty'),
('MessageEntity@Title','zh-CN','姓名','MessageEntity','EntityProperty'),
('MessageNotificationConfig@CommentNotifyEmails','en-GB','Comment Notify Emails','MessageNotificationConfig','EntityProperty'),
('MessageNotificationConfig@CommentNotifyEmails','en-US','Comment Notify Emails','MessageNotificationConfig','EntityProperty'),
('MessageNotificationConfig@CommentNotifyEmails','zh-CN','新评论通知邮箱','MessageNotificationConfig','EntityProperty'),
('MessageNotificationConfig@MessageNotifyEmails','en-GB','Message Notify Emails','MessageNotificationConfig','EntityProperty'),
('MessageNotificationConfig@MessageNotifyEmails','en-US','Message Notify Emails','MessageNotificationConfig','EntityProperty'),
('MessageNotificationConfig@MessageNotifyEmails','zh-CN','新留言通知邮箱','MessageNotificationConfig','EntityProperty'),
('MessageWidget@ActionType','zh-CN','ActionType','MessageWidget','EntityProperty'),
('MessageWidget@AssemblyName','zh-CN','AssemblyName','MessageWidget','EntityProperty'),
('MessageWidget@CreateBy','zh-CN','CreateBy','MessageWidget','EntityProperty'),
('MessageWidget@CreatebyName','zh-CN','创建人','MessageWidget','EntityProperty'),
('MessageWidget@CreateDate','zh-CN','创建日期','MessageWidget','EntityProperty'),
('MessageWidget@CustomClass','zh-CN','CustomClass','MessageWidget','EntityProperty'),
('MessageWidget@CustomStyle','zh-CN','CustomStyle','MessageWidget','EntityProperty'),
('MessageWidget@Description','zh-CN','描述','MessageWidget','EntityProperty'),
('MessageWidget@ExtendData','zh-CN','ExtendData','MessageWidget','EntityProperty'),
('MessageWidget@ExtendFields','zh-CN','扩展属性','MessageWidget','EntityProperty'),
('MessageWidget@FormView','zh-CN','FormView','MessageWidget','EntityProperty'),
('MessageWidget@ID','zh-CN','ID','MessageWidget','EntityProperty'),
('MessageWidget@IsSystem','zh-CN','IsSystem','MessageWidget','EntityProperty'),
('MessageWidget@IsTemplate','zh-CN','保存为模板','MessageWidget','EntityProperty'),
('MessageWidget@LastUpdateBy','zh-CN','LastUpdateBy','MessageWidget','EntityProperty'),
('MessageWidget@LastUpdateByName','zh-CN','更新人','MessageWidget','EntityProperty'),
('MessageWidget@LastUpdateDate','zh-CN','更新日期','MessageWidget','EntityProperty'),
('MessageWidget@LayoutID','zh-CN','LayoutID','MessageWidget','EntityProperty'),
('MessageWidget@PageID','zh-CN','PageID','MessageWidget','EntityProperty'),
('MessageWidget@PartialView','zh-CN','显示模板','MessageWidget','EntityProperty'),
('MessageWidget@Position','zh-CN','排序','MessageWidget','EntityProperty'),
('MessageWidget@ServiceTypeName','zh-CN','ServiceTypeName','MessageWidget','EntityProperty'),
('MessageWidget@Status','zh-CN','状态','MessageWidget','EntityProperty'),
('MessageWidget@StyleClass','zh-CN','自定义样式','MessageWidget','EntityProperty'),
('MessageWidget@Thumbnail','zh-CN','模板缩略图','MessageWidget','EntityProperty'),
('MessageWidget@Title','zh-CN','标题','MessageWidget','EntityProperty'),
('MessageWidget@ViewModelTypeName','zh-CN','ViewModelTypeName','MessageWidget','EntityProperty'),
('MessageWidget@WidgetName','zh-CN','组件名称','MessageWidget','EntityProperty'),
('MessageWidget@ZoneID','zh-CN','区域','MessageWidget','EntityProperty'),
('NavigationEntity@ActionType','zh-CN','ActionType','NavigationEntity','EntityProperty'),
('NavigationEntity@CreateBy','zh-CN','CreateBy','NavigationEntity','EntityProperty'),
('NavigationEntity@CreatebyName','zh-CN','创建人','NavigationEntity','EntityProperty'),
('NavigationEntity@CreateDate','zh-CN','创建日期','NavigationEntity','EntityProperty'),
('NavigationEntity@Description','en-GB','Description','NavigationEntity','EntityProperty'),
('NavigationEntity@Description','en-US','Description','NavigationEntity','EntityProperty'),
('NavigationEntity@Description','zh-CN','描述','NavigationEntity','EntityProperty'),
('NavigationEntity@DisplayOrder','zh-CN','排序','NavigationEntity','EntityProperty'),
('NavigationEntity@Html','en-GB','Html','NavigationEntity','EntityProperty'),
('NavigationEntity@Html','en-US','Html','NavigationEntity','EntityProperty'),
('NavigationEntity@Html','zh-CN','HTML内容','NavigationEntity','EntityProperty'),
('NavigationEntity@ID','zh-CN','ID','NavigationEntity','EntityProperty'),
('NavigationEntity@IsCurrent','en-GB','Is Current','NavigationEntity','EntityProperty'),
('NavigationEntity@IsCurrent','en-US','Is Current','NavigationEntity','EntityProperty'),
('NavigationEntity@IsCurrent','zh-CN','IsCurrent','NavigationEntity','EntityProperty'),
('NavigationEntity@IsMobile','en-GB','Is Mobile','NavigationEntity','EntityProperty'),
('NavigationEntity@IsMobile','en-US','Is Mobile','NavigationEntity','EntityProperty'),
('NavigationEntity@IsMobile','zh-CN','手机一级导航','NavigationEntity','EntityProperty'),
('NavigationEntity@LastUpdateBy','zh-CN','LastUpdateBy','NavigationEntity','EntityProperty'),
('NavigationEntity@LastUpdateByName','zh-CN','更新人','NavigationEntity','EntityProperty'),
('NavigationEntity@LastUpdateDate','zh-CN','更新日期','NavigationEntity','EntityProperty'),
('NavigationEntity@ParentId','zh-CN','ParentId','NavigationEntity','EntityProperty'),
('NavigationEntity@Status','en-GB','Status','NavigationEntity','EntityProperty'),
('NavigationEntity@Status','en-US','Status','NavigationEntity','EntityProperty'),
('NavigationEntity@Status','zh-CN','状态','NavigationEntity','EntityProperty'),
('NavigationEntity@Title','en-GB','Title','NavigationEntity','EntityProperty'),
('NavigationEntity@Title','en-US','Title','NavigationEntity','EntityProperty'),
('NavigationEntity@Title','zh-CN','标题','NavigationEntity','EntityProperty'),
('NavigationEntity@Url','en-GB','Url','NavigationEntity','EntityProperty'),
('NavigationEntity@Url','en-US','Url','NavigationEntity','EntityProperty'),
('NavigationEntity@Url','zh-CN','Url','NavigationEntity','EntityProperty'),
('NavigationWidget@ActionType','zh-CN','ActionType','NavigationWidget','EntityProperty'),
('NavigationWidget@AlignClass','en-GB','Align Class','NavigationWidget','EntityProperty'),
('NavigationWidget@AlignClass','en-US','Align Class','NavigationWidget','EntityProperty'),
('NavigationWidget@AlignClass','zh-CN','对齐','NavigationWidget','EntityProperty'),
('NavigationWidget@AssemblyName','en-GB','Assembly Name','NavigationWidget','EntityProperty'),
('NavigationWidget@AssemblyName','en-US','Assembly Name','NavigationWidget','EntityProperty'),
('NavigationWidget@AssemblyName','zh-CN','AssemblyName','NavigationWidget','EntityProperty'),
('NavigationWidget@CreateBy','zh-CN','CreateBy','NavigationWidget','EntityProperty'),
('NavigationWidget@CreatebyName','zh-CN','创建人','NavigationWidget','EntityProperty'),
('NavigationWidget@CreateDate','zh-CN','创建日期','NavigationWidget','EntityProperty'),
('NavigationWidget@CustomClass','zh-CN','CustomClass','NavigationWidget','EntityProperty'),
('NavigationWidget@CustomerClass','en-GB','Customer Class','NavigationWidget','EntityProperty'),
('NavigationWidget@CustomerClass','en-US','Customer Class','NavigationWidget','EntityProperty'),
('NavigationWidget@CustomerClass','zh-CN','契合度','NavigationWidget','EntityProperty'),
('NavigationWidget@CustomStyle','zh-CN','契合度','NavigationWidget','EntityProperty'),
('NavigationWidget@Description','zh-CN','描述','NavigationWidget','EntityProperty'),
('NavigationWidget@ExtendData','zh-CN','ExtendData','NavigationWidget','EntityProperty'),
('NavigationWidget@ExtendFields','zh-CN','扩展属性','NavigationWidget','EntityProperty'),
('NavigationWidget@FormView','zh-CN','FormView','NavigationWidget','EntityProperty'),
('NavigationWidget@ID','zh-CN','ID','NavigationWidget','EntityProperty'),
('NavigationWidget@IsSystem','en-GB','Is System','NavigationWidget','EntityProperty'),
('NavigationWidget@IsSystem','en-US','Is System','NavigationWidget','EntityProperty'),
('NavigationWidget@IsSystem','zh-CN','IsSystem','NavigationWidget','EntityProperty'),
('NavigationWidget@IsTemplate','en-GB','Is Template','NavigationWidget','EntityProperty'),
('NavigationWidget@IsTemplate','en-US','Is Template','NavigationWidget','EntityProperty'),
('NavigationWidget@IsTemplate','zh-CN','保存为模板','NavigationWidget','EntityProperty'),
('NavigationWidget@IsTopFix','zh-CN','顶部固定','NavigationWidget','EntityProperty'),
('NavigationWidget@LastUpdateBy','zh-CN','LastUpdateBy','NavigationWidget','EntityProperty'),
('NavigationWidget@LastUpdateByName','zh-CN','更新人','NavigationWidget','EntityProperty'),
('NavigationWidget@LastUpdateDate','zh-CN','更新日期','NavigationWidget','EntityProperty'),
('NavigationWidget@LayoutID','zh-CN','布局','NavigationWidget','EntityProperty'),
('NavigationWidget@Logo','en-GB','Logo','NavigationWidget','EntityProperty'),
('NavigationWidget@Logo','en-US','Logo','NavigationWidget','EntityProperty'),
('NavigationWidget@Logo','zh-CN','Logo','NavigationWidget','EntityProperty'),
('NavigationWidget@PageID','zh-CN','页面','NavigationWidget','EntityProperty'),
('NavigationWidget@PartDriver','zh-CN','PartDriver','NavigationWidget','EntityProperty'),
('NavigationWidget@PartialView','en-GB','Partial View','NavigationWidget','EntityProperty'),
('NavigationWidget@PartialView','en-US','Partial View','NavigationWidget','EntityProperty'),
('NavigationWidget@PartialView','zh-CN','显示模板','NavigationWidget','EntityProperty'),
('NavigationWidget@Position','en-GB','Position','NavigationWidget','EntityProperty'),
('NavigationWidget@Position','en-US','Position','NavigationWidget','EntityProperty'),
('NavigationWidget@Position','zh-CN','排序','NavigationWidget','EntityProperty'),
('NavigationWidget@RootID','en-GB','Root','NavigationWidget','EntityProperty'),
('NavigationWidget@RootID','en-US','Root','NavigationWidget','EntityProperty'),
('NavigationWidget@RootID','zh-CN','根结点','NavigationWidget','EntityProperty'),
('NavigationWidget@ServiceTypeName','en-GB','Service Type Name','NavigationWidget','EntityProperty'),
('NavigationWidget@ServiceTypeName','en-US','Service Type Name','NavigationWidget','EntityProperty'),
('NavigationWidget@ServiceTypeName','zh-CN','ServiceTypeName','NavigationWidget','EntityProperty'),
('NavigationWidget@ShowBasket','en-GB','Show Basket','NavigationWidget','EntityProperty'),
('NavigationWidget@ShowBasket','en-US','Show Basket','NavigationWidget','EntityProperty'),
('NavigationWidget@ShowBasket','zh-CN','显示购物车？','NavigationWidget','EntityProperty'),
('NavigationWidget@Status','zh-CN','状态','NavigationWidget','EntityProperty'),
('NavigationWidget@StyleClass','en-GB','Style Class','NavigationWidget','EntityProperty'),
('NavigationWidget@StyleClass','en-US','Style Class','NavigationWidget','EntityProperty'),
('NavigationWidget@StyleClass','zh-CN','自定义样式','NavigationWidget','EntityProperty'),
('NavigationWidget@Thumbnail','en-GB','Thumbnail','NavigationWidget','EntityProperty'),
('NavigationWidget@Thumbnail','en-US','Thumbnail','NavigationWidget','EntityProperty'),
('NavigationWidget@Thumbnail','zh-CN','模板缩略图','NavigationWidget','EntityProperty'),
('NavigationWidget@Title','en-GB','Title','NavigationWidget','EntityProperty'),
('NavigationWidget@Title','en-US','Title','NavigationWidget','EntityProperty'),
('NavigationWidget@Title','zh-CN','标题','NavigationWidget','EntityProperty'),
('NavigationWidget@ViewModelTypeName','en-GB','View Model Type Name','NavigationWidget','EntityProperty'),
('NavigationWidget@ViewModelTypeName','en-US','View Model Type Name','NavigationWidget','EntityProperty'),
('NavigationWidget@ViewModelTypeName','zh-CN','ViewModelTypeName','NavigationWidget','EntityProperty'),
('NavigationWidget@WidgetName','en-GB','Widget Name','NavigationWidget','EntityProperty'),
('NavigationWidget@WidgetName','en-US','Widget Name','NavigationWidget','EntityProperty'),
('NavigationWidget@WidgetName','zh-CN','组件名称','NavigationWidget','EntityProperty'),
('NavigationWidget@ZoneID','en-GB','Zone','NavigationWidget','EntityProperty'),
('NavigationWidget@ZoneID','en-US','Zone','NavigationWidget','EntityProperty'),
('NavigationWidget@ZoneID','zh-CN','区域','NavigationWidget','EntityProperty'),
('OAuthWidget@QQ','zh-CN','QQ?','OAuthWidget','EntityProperty'),
('OAuthWidget@Redirect','zh-CN','跳转地址','OAuthWidget','EntityProperty'),
('OAuthWidget@WeChat','zh-CN','微信?','OAuthWidget','EntityProperty'),
('OAuthWidget@WeiBo','zh-CN','微博?','OAuthWidget','EntityProperty'),
('Order@ActionType','zh-CN','ActionType','Order','EntityProperty'),
('Order@CompletePayTime','zh-CN','完成支付时间','Order','EntityProperty'),
('Order@Contact','en-GB','Contact','Order','EntityProperty'),
('Order@Contact','en-US','Contact','Order','EntityProperty'),
('Order@Contact','zh-CN','联系人','Order','EntityProperty'),
('Order@CreateBy','zh-CN','CreateBy','Order','EntityProperty'),
('Order@CreatebyName','zh-CN','创建人','Order','EntityProperty'),
('Order@CreateDate','en-GB','Create Date','Order','EntityProperty'),
('Order@CreateDate','en-US','Create Date','Order','EntityProperty'),
('Order@CreateDate','zh-CN','创建日期','Order','EntityProperty'),
('Order@Description','zh-CN','描述','Order','EntityProperty'),
('Order@ID','zh-CN','订单号','Order','EntityProperty'),
('Order@LastUpdateBy','zh-CN','LastUpdateBy','Order','EntityProperty'),
('Order@LastUpdateByName','en-GB','Last Update By Name','Order','EntityProperty'),
('Order@LastUpdateByName','en-US','Last Update By Name','Order','EntityProperty'),
('Order@LastUpdateByName','zh-CN','更新人','Order','EntityProperty'),
('Order@LastUpdateDate','en-GB','Last Update Date','Order','EntityProperty'),
('Order@LastUpdateDate','en-US','Last Update Date','Order','EntityProperty'),
('Order@LastUpdateDate','zh-CN','更新日期','Order','EntityProperty'),
('Order@LogisticsCompany','zh-CN','快递公司','Order','EntityProperty'),
('Order@OrderStatus','en-GB','Order Status','Order','EntityProperty'),
('Order@OrderStatus','en-US','Order Status','Order','EntityProperty'),
('Order@OrderStatus','zh-CN','订单状态','Order','EntityProperty'),
('Order@PaymentGateway','zh-CN','支付方式','Order','EntityProperty'),
('Order@PaymentID','zh-CN','支付ID','Order','EntityProperty'),
('Order@PayTime','zh-CN','发起支付时间','Order','EntityProperty'),
('Order@PhoneNumber','en-GB','Phone Number','Order','EntityProperty'),
('Order@PhoneNumber','en-US','Phone Number','Order','EntityProperty'),
('Order@PhoneNumber','zh-CN','电话','Order','EntityProperty'),
('Order@Refund','zh-CN','退款金额','Order','EntityProperty'),
('Order@RefundDate','zh-CN','退款日期','Order','EntityProperty'),
('Order@RefundID','zh-CN','退款流水号','Order','EntityProperty'),
('Order@RefundReason','zh-CN','退款原因','Order','EntityProperty'),
('Order@ShippingAddress','en-GB','Shipping Address','Order','EntityProperty'),
('Order@ShippingAddress','en-US','Shipping Address','Order','EntityProperty'),
('Order@ShippingAddress','zh-CN','收货地址','Order','EntityProperty'),
('Order@Status','zh-CN','状态','Order','EntityProperty'),
('Order@Title','zh-CN','标题','Order','EntityProperty'),
('Order@Total','en-GB','Total','Order','EntityProperty'),
('Order@Total','en-US','Total','Order','EntityProperty'),
('Order@Total','zh-CN','总价','Order','EntityProperty'),
('Order@TrackingNumber','zh-CN','快递单号','Order','EntityProperty'),
('Order@UserId','zh-CN','登录名','Order','EntityProperty'),
('PageAsset@Url','zh-CN','Url','PageAsset','EntityProperty'),
('PageEntity@ActionType','zh-CN','ActionType','PageEntity','EntityProperty'),
('PageEntity@Content','zh-CN','Content','PageEntity','EntityProperty'),
('PageEntity@CreateBy','zh-CN','CreateBy','PageEntity','EntityProperty'),
('PageEntity@CreatebyName','zh-CN','创建人','PageEntity','EntityProperty'),
('PageEntity@CreateDate','zh-CN','创建日期','PageEntity','EntityProperty'),
('PageEntity@Description','en-GB','Description','PageEntity','EntityProperty'),
('PageEntity@Description','en-US','Description','PageEntity','EntityProperty'),
('PageEntity@Description','zh-CN','描述','PageEntity','EntityProperty'),
('PageEntity@DisplayOrder','zh-CN','排序','PageEntity','EntityProperty'),
('PageEntity@ExtendFields','zh-CN','扩展属性','PageEntity','EntityProperty'),
('PageEntity@Favicon','zh-CN','Favicon','PageEntity','EntityProperty'),
('PageEntity@ID','zh-CN','ID','PageEntity','EntityProperty'),
('PageEntity@IsHomePage','en-GB','Is Home Page','PageEntity','EntityProperty'),
('PageEntity@IsHomePage','en-US','Is Home Page','PageEntity','EntityProperty'),
('PageEntity@IsHomePage','zh-CN','首页?','PageEntity','EntityProperty'),
('PageEntity@IsPublish','en-GB','Is Publish','PageEntity','EntityProperty'),
('PageEntity@IsPublish','en-US','Is Publish','PageEntity','EntityProperty'),
('PageEntity@IsPublish','zh-CN','已发布?','PageEntity','EntityProperty'),
('PageEntity@IsPublishedPage','en-GB','Is Published Page','PageEntity','EntityProperty'),
('PageEntity@IsPublishedPage','en-US','Is Published Page','PageEntity','EntityProperty'),
('PageEntity@IsPublishedPage','zh-CN','IsPublishedPage','PageEntity','EntityProperty'),
('PageEntity@IsTemplate','en-GB','Is Template','PageEntity','EntityProperty'),
('PageEntity@IsTemplate','en-US','Is Template','PageEntity','EntityProperty'),
('PageEntity@IsTemplate','zh-CN','保存为模板','PageEntity','EntityProperty'),
('PageEntity@LastUpdateBy','zh-CN','LastUpdateBy','PageEntity','EntityProperty'),
('PageEntity@LastUpdateByName','zh-CN','更新人','PageEntity','EntityProperty'),
('PageEntity@LastUpdateDate','zh-CN','更新日期','PageEntity','EntityProperty'),
('PageEntity@LayoutId','en-GB','Layout','PageEntity','EntityProperty'),
('PageEntity@LayoutId','en-US','Layout','PageEntity','EntityProperty'),
('PageEntity@LayoutId','zh-CN','布局','PageEntity','EntityProperty'),
('PageEntity@MetaDescription','en-GB','Meta Description','PageEntity','EntityProperty'),
('PageEntity@MetaDescription','en-US','Meta Description','PageEntity','EntityProperty'),
('PageEntity@MetaDescription','zh-CN','SEO描述','PageEntity','EntityProperty'),
('PageEntity@MetaKeyWorlds','en-GB','Meta Key Worlds','PageEntity','EntityProperty'),
('PageEntity@MetaKeyWorlds','en-US','Meta Key Worlds','PageEntity','EntityProperty'),
('PageEntity@MetaKeyWorlds','zh-CN','SEO关键字','PageEntity','EntityProperty'),
('PageEntity@PageName','en-GB','Page Name','PageEntity','EntityProperty'),
('PageEntity@PageName','en-US','Page Name','PageEntity','EntityProperty'),
('PageEntity@PageName','zh-CN','名称','PageEntity','EntityProperty'),
('PageEntity@PageUrl','en-GB','Page Url','PageEntity','EntityProperty'),
('PageEntity@PageUrl','en-US','Page Url','PageEntity','EntityProperty'),
('PageEntity@PageUrl','zh-CN','页面地址','PageEntity','EntityProperty'),
('PageEntity@ParentId','zh-CN','ParentId','PageEntity','EntityProperty'),
('PageEntity@PublishDate','zh-CN','发布日期','PageEntity','EntityProperty'),
('PageEntity@ReferencePageID','zh-CN','ReferencePageID','PageEntity','EntityProperty'),
('PageEntity@Script','en-GB','Script','PageEntity','EntityProperty'),
('PageEntity@Script','en-US','Script','PageEntity','EntityProperty'),
('PageEntity@Script','zh-CN','脚本','PageEntity','EntityProperty'),
('PageEntity@Scripts','zh-CN','脚本','PageEntity','EntityProperty'),
('PageEntity@Status','en-GB','Status','PageEntity','EntityProperty'),
('PageEntity@Status','en-US','Status','PageEntity','EntityProperty'),
('PageEntity@Status','zh-CN','状态','PageEntity','EntityProperty'),
('PageEntity@Style','en-GB','Style','PageEntity','EntityProperty'),
('PageEntity@Style','en-US','Style','PageEntity','EntityProperty'),
('PageEntity@Style','zh-CN','样式','PageEntity','EntityProperty'),
('PageEntity@Styles','zh-CN','样式','PageEntity','EntityProperty'),
('PageEntity@Title','en-GB','Title','PageEntity','EntityProperty'),
('PageEntity@Title','en-US','Title','PageEntity','EntityProperty'),
('PageEntity@Title','zh-CN','标题','PageEntity','EntityProperty'),
('PageEntity@Url','zh-CN','Url','PageEntity','EntityProperty'),
('ParallaxWidget@ImageUrl','zh-CN','图片','ParallaxWidget','EntityProperty'),
('ProductCategory@ActionType','zh-CN','ActionType','ProductCategory','EntityProperty'),
('ProductCategory@CreateBy','zh-CN','CreateBy','ProductCategory','EntityProperty'),
('ProductCategory@CreatebyName','zh-CN','创建人','ProductCategory','EntityProperty'),
('ProductCategory@CreateDate','zh-CN','创建日期','ProductCategory','EntityProperty'),
('ProductCategory@Description','en-GB','Description','ProductCategory','EntityProperty'),
('ProductCategory@Description','en-US','Description','ProductCategory','EntityProperty'),
('ProductCategory@Description','zh-CN','描述','ProductCategory','EntityProperty'),
('ProductCategory@ID','zh-CN','ID','ProductCategory','EntityProperty'),
('ProductCategory@LastUpdateBy','zh-CN','LastUpdateBy','ProductCategory','EntityProperty'),
('ProductCategory@LastUpdateByName','zh-CN','更新人','ProductCategory','EntityProperty'),
('ProductCategory@LastUpdateDate','zh-CN','更新日期','ProductCategory','EntityProperty'),
('ProductCategory@ParentID','en-GB','Parent','ProductCategory','EntityProperty'),
('ProductCategory@ParentID','en-US','Parent','ProductCategory','EntityProperty'),
('ProductCategory@ParentID','zh-CN','ParentID','ProductCategory','EntityProperty'),
('ProductCategory@Status','en-GB','Status','ProductCategory','EntityProperty'),
('ProductCategory@Status','en-US','Status','ProductCategory','EntityProperty'),
('ProductCategory@Status','zh-CN','状态','ProductCategory','EntityProperty'),
('ProductCategory@Title','en-GB','Title','ProductCategory','EntityProperty'),
('ProductCategory@Title','en-US','Title','ProductCategory','EntityProperty'),
('ProductCategory@Title','zh-CN','标题','ProductCategory','EntityProperty'),
('ProductCategory@Url','en-GB','Url','ProductCategory','EntityProperty'),
('ProductCategory@Url','en-US','Url','ProductCategory','EntityProperty'),
('ProductCategory@Url','zh-CN','英文名','ProductCategory','EntityProperty'),
('ProductCategoryWidget@ActionType','zh-CN','ActionType','ProductCategoryWidget','EntityProperty'),
('ProductCategoryWidget@AssemblyName','zh-CN','AssemblyName','ProductCategoryWidget','EntityProperty'),
('ProductCategoryWidget@CreateBy','zh-CN','CreateBy','ProductCategoryWidget','EntityProperty'),
('ProductCategoryWidget@CreatebyName','zh-CN','创建人','ProductCategoryWidget','EntityProperty'),
('ProductCategoryWidget@CreateDate','zh-CN','创建日期','ProductCategoryWidget','EntityProperty'),
('ProductCategoryWidget@CustomClass','zh-CN','CustomClass','ProductCategoryWidget','EntityProperty'),
('ProductCategoryWidget@CustomStyle','zh-CN','CustomStyle','ProductCategoryWidget','EntityProperty'),
('ProductCategoryWidget@Description','zh-CN','描述','ProductCategoryWidget','EntityProperty'),
('ProductCategoryWidget@ExtendFields','zh-CN','扩展属性','ProductCategoryWidget','EntityProperty'),
('ProductCategoryWidget@FormView','zh-CN','FormView','ProductCategoryWidget','EntityProperty'),
('ProductCategoryWidget@ID','zh-CN','ID','ProductCategoryWidget','EntityProperty'),
('ProductCategoryWidget@IsSystem','zh-CN','IsSystem','ProductCategoryWidget','EntityProperty'),
('ProductCategoryWidget@IsTemplate','zh-CN','保存为模板','ProductCategoryWidget','EntityProperty'),
('ProductCategoryWidget@LastUpdateBy','zh-CN','LastUpdateBy','ProductCategoryWidget','EntityProperty'),
('ProductCategoryWidget@LastUpdateByName','zh-CN','更新人','ProductCategoryWidget','EntityProperty'),
('ProductCategoryWidget@LastUpdateDate','zh-CN','更新日期','ProductCategoryWidget','EntityProperty'),
('ProductCategoryWidget@LayoutID','zh-CN','LayoutID','ProductCategoryWidget','EntityProperty'),
('ProductCategoryWidget@PageID','zh-CN','PageID','ProductCategoryWidget','EntityProperty'),
('ProductCategoryWidget@PartialView','zh-CN','显示模板','ProductCategoryWidget','EntityProperty'),
('ProductCategoryWidget@Position','zh-CN','排序','ProductCategoryWidget','EntityProperty'),
('ProductCategoryWidget@ProductCategoryID','zh-CN','产品类别','ProductCategoryWidget','EntityProperty'),
('ProductCategoryWidget@ServiceTypeName','zh-CN','ServiceTypeName','ProductCategoryWidget','EntityProperty'),
('ProductCategoryWidget@Status','zh-CN','状态','ProductCategoryWidget','EntityProperty'),
('ProductCategoryWidget@StyleClass','zh-CN','自定义样式','ProductCategoryWidget','EntityProperty'),
('ProductCategoryWidget@TargetPage','zh-CN','详细页面','ProductCategoryWidget','EntityProperty'),
('ProductCategoryWidget@Thumbnail','zh-CN','模板缩略图','ProductCategoryWidget','EntityProperty'),
('ProductCategoryWidget@Title','zh-CN','标题','ProductCategoryWidget','EntityProperty'),
('ProductCategoryWidget@ViewModelTypeName','zh-CN','ViewModelTypeName','ProductCategoryWidget','EntityProperty'),
('ProductCategoryWidget@WidgetName','zh-CN','组件名称','ProductCategoryWidget','EntityProperty'),
('ProductCategoryWidget@ZoneID','zh-CN','区域','ProductCategoryWidget','EntityProperty'),
('ProductDetailWidget@ActionType','zh-CN','ActionType','ProductDetailWidget','EntityProperty'),
('ProductDetailWidget@AssemblyName','zh-CN','AssemblyName','ProductDetailWidget','EntityProperty'),
('ProductDetailWidget@CreateBy','zh-CN','CreateBy','ProductDetailWidget','EntityProperty'),
('ProductDetailWidget@CreatebyName','zh-CN','创建人','ProductDetailWidget','EntityProperty'),
('ProductDetailWidget@CreateDate','zh-CN','创建日期','ProductDetailWidget','EntityProperty'),
('ProductDetailWidget@CustomClass','zh-CN','CustomClass','ProductDetailWidget','EntityProperty'),
('ProductDetailWidget@CustomerClass','zh-CN','CustomerClass','ProductDetailWidget','EntityProperty'),
('ProductDetailWidget@CustomStyle','zh-CN','CustomStyle','ProductDetailWidget','EntityProperty'),
('ProductDetailWidget@Description','zh-CN','描述','ProductDetailWidget','EntityProperty'),
('ProductDetailWidget@ExtendFields','zh-CN','扩展属性','ProductDetailWidget','EntityProperty'),
('ProductDetailWidget@FormView','zh-CN','FormView','ProductDetailWidget','EntityProperty'),
('ProductDetailWidget@ID','zh-CN','ID','ProductDetailWidget','EntityProperty'),
('ProductDetailWidget@IsSystem','zh-CN','IsSystem','ProductDetailWidget','EntityProperty'),
('ProductDetailWidget@IsTemplate','zh-CN','保存为模板','ProductDetailWidget','EntityProperty'),
('ProductDetailWidget@LastUpdateBy','zh-CN','LastUpdateBy','ProductDetailWidget','EntityProperty'),
('ProductDetailWidget@LastUpdateByName','zh-CN','更新人','ProductDetailWidget','EntityProperty'),
('ProductDetailWidget@LastUpdateDate','zh-CN','更新日期','ProductDetailWidget','EntityProperty'),
('ProductDetailWidget@LayoutID','zh-CN','LayoutID','ProductDetailWidget','EntityProperty'),
('ProductDetailWidget@PageID','zh-CN','PageID','ProductDetailWidget','EntityProperty'),
('ProductDetailWidget@PartialView','zh-CN','显示模板','ProductDetailWidget','EntityProperty'),
('ProductDetailWidget@Position','zh-CN','排序','ProductDetailWidget','EntityProperty'),
('ProductDetailWidget@ServiceTypeName','zh-CN','ServiceTypeName','ProductDetailWidget','EntityProperty'),
('ProductDetailWidget@Status','zh-CN','状态','ProductDetailWidget','EntityProperty'),
('ProductDetailWidget@StyleClass','zh-CN','自定义样式','ProductDetailWidget','EntityProperty'),
('ProductDetailWidget@Thumbnail','zh-CN','模板缩略图','ProductDetailWidget','EntityProperty'),
('ProductDetailWidget@Title','zh-CN','标题','ProductDetailWidget','EntityProperty'),
('ProductDetailWidget@ViewModelTypeName','zh-CN','ViewModelTypeName','ProductDetailWidget','EntityProperty'),
('ProductDetailWidget@WidgetName','zh-CN','组件名称','ProductDetailWidget','EntityProperty'),
('ProductDetailWidget@ZoneID','zh-CN','区域','ProductDetailWidget','EntityProperty'),
('ProductEntity@ActionType','zh-CN','ActionType','ProductEntity','EntityProperty'),
('ProductEntity@BrandCD','zh-CN','BrandCD','ProductEntity','EntityProperty'),
('ProductEntity@Color','zh-CN','颜色','ProductEntity','EntityProperty'),
('ProductEntity@CreateBy','zh-CN','CreateBy','ProductEntity','EntityProperty'),
('ProductEntity@CreatebyName','en-GB','Createby Name','ProductEntity','EntityProperty'),
('ProductEntity@CreatebyName','en-US','Createby Name','ProductEntity','EntityProperty'),
('ProductEntity@CreatebyName','zh-CN','创建人','ProductEntity','EntityProperty'),
('ProductEntity@CreateDate','en-GB','Create Date','ProductEntity','EntityProperty'),
('ProductEntity@CreateDate','en-US','Create Date','ProductEntity','EntityProperty'),
('ProductEntity@CreateDate','zh-CN','创建日期','ProductEntity','EntityProperty'),
('ProductEntity@Description','zh-CN','描述','ProductEntity','EntityProperty'),
('ProductEntity@ExtendFields','zh-CN','扩展属性','ProductEntity','EntityProperty'),
('ProductEntity@ID','zh-CN','ID','ProductEntity','EntityProperty'),
('ProductEntity@ImageThumbUrl','zh-CN','缩略图','ProductEntity','EntityProperty'),
('ProductEntity@ImageUrl','zh-CN','图片','ProductEntity','EntityProperty'),
('ProductEntity@IsPublish','zh-CN','已发布?','ProductEntity','EntityProperty'),
('ProductEntity@LastUpdateBy','zh-CN','LastUpdateBy','ProductEntity','EntityProperty'),
('ProductEntity@LastUpdateByName','en-GB','Last Update By Name','ProductEntity','EntityProperty'),
('ProductEntity@LastUpdateByName','en-US','Last Update By Name','ProductEntity','EntityProperty'),
('ProductEntity@LastUpdateByName','zh-CN','更新人','ProductEntity','EntityProperty'),
('ProductEntity@LastUpdateDate','en-GB','Last Update Date','ProductEntity','EntityProperty'),
('ProductEntity@LastUpdateDate','en-US','Last Update Date','ProductEntity','EntityProperty'),
('ProductEntity@LastUpdateDate','zh-CN','更新日期','ProductEntity','EntityProperty'),
('ProductEntity@Norm','zh-CN','规格','ProductEntity','EntityProperty'),
('ProductEntity@OrderIndex','zh-CN','排序','ProductEntity','EntityProperty'),
('ProductEntity@PartNumber','en-GB','Part Number','ProductEntity','EntityProperty'),
('ProductEntity@PartNumber','en-US','Part Number','ProductEntity','EntityProperty'),
('ProductEntity@PartNumber','zh-CN','型号','ProductEntity','EntityProperty'),
('ProductEntity@Price','zh-CN','价格','ProductEntity','EntityProperty'),
('ProductEntity@ProductCategoryID','en-GB','Product Category','ProductEntity','EntityProperty'),
('ProductEntity@ProductCategoryID','en-US','Product Category','ProductEntity','EntityProperty'),
('ProductEntity@ProductCategoryID','zh-CN','产品类别','ProductEntity','EntityProperty'),
('ProductEntity@ProductContent','zh-CN','详细内容','ProductEntity','EntityProperty'),
('ProductEntity@ProductEntityCategory','zh-CN','产品类别','ProductEntity','EntityProperty'),
('ProductEntity@ProductEntityCategoryID','zh-CN','产品类别','ProductEntity','EntityProperty'),
('ProductEntity@ProductEntityContent','zh-CN','描述','ProductEntity','EntityProperty'),
('ProductEntity@ProductImages','zh-CN','展示图','ProductEntity','EntityProperty'),
('ProductEntity@ProductTags','zh-CN','标签','ProductEntity','EntityProperty'),
('ProductEntity@PublishDate','zh-CN','发布日期','ProductEntity','EntityProperty'),
('ProductEntity@PurchasePrice','zh-CN','成本价','ProductEntity','EntityProperty'),
('ProductEntity@RebatePrice','zh-CN','折扣价','ProductEntity','EntityProperty'),
('ProductEntity@SEODescription','zh-CN','SEO描述','ProductEntity','EntityProperty'),
('ProductEntity@SEOKeyWord','zh-CN','SEO关键字','ProductEntity','EntityProperty'),
('ProductEntity@SEOTitle','zh-CN','SEO标题','ProductEntity','EntityProperty'),
('ProductEntity@ShelfLife','zh-CN','保质期','ProductEntity','EntityProperty'),
('ProductEntity@SourceFrom','zh-CN','来源','ProductEntity','EntityProperty'),
('ProductEntity@Status','en-GB','Status','ProductEntity','EntityProperty'),
('ProductEntity@Status','en-US','Status','ProductEntity','EntityProperty'),
('ProductEntity@Status','zh-CN','状态','ProductEntity','EntityProperty'),
('ProductEntity@TargetFrom','zh-CN','其它网站','ProductEntity','EntityProperty'),
('ProductEntity@TargetUrl','zh-CN','网站网址','ProductEntity','EntityProperty'),
('ProductEntity@Title','en-GB','Title','ProductEntity','EntityProperty'),
('ProductEntity@Title','en-US','Title','ProductEntity','EntityProperty'),
('ProductEntity@Title','zh-CN','标题','ProductEntity','EntityProperty'),
('ProductEntity@Url','zh-CN','英文名','ProductEntity','EntityProperty'),
('ProductImage@ActionType','zh-CN','ActionType','ProductImage','EntityProperty'),
('ProductImage@CreateBy','zh-CN','CreateBy','ProductImage','EntityProperty'),
('ProductImage@CreatebyName','zh-CN','创建人','ProductImage','EntityProperty'),
('ProductImage@CreateDate','zh-CN','创建日期','ProductImage','EntityProperty'),
('ProductImage@Description','zh-CN','描述','ProductImage','EntityProperty'),
('ProductImage@ID','zh-CN','ID','ProductImage','EntityProperty'),
('ProductImage@ImageUrl','zh-CN','图片','ProductImage','EntityProperty'),
('ProductImage@LastUpdateBy','zh-CN','LastUpdateBy','ProductImage','EntityProperty'),
('ProductImage@LastUpdateByName','zh-CN','更新人','ProductImage','EntityProperty'),
('ProductImage@LastUpdateDate','zh-CN','更新日期','ProductImage','EntityProperty'),
('ProductImage@ProductId','zh-CN','ProductId','ProductImage','EntityProperty'),
('ProductImage@Status','zh-CN','状态','ProductImage','EntityProperty'),
('ProductImage@Title','zh-CN','标题','ProductImage','EntityProperty'),
('ProductListWidget@ActionType','zh-CN','ActionType','ProductListWidget','EntityProperty'),
('ProductListWidget@AssemblyName','zh-CN','AssemblyName','ProductListWidget','EntityProperty'),
('ProductListWidget@Columns','zh-CN','显示列','ProductListWidget','EntityProperty'),
('ProductListWidget@CreateBy','zh-CN','CreateBy','ProductListWidget','EntityProperty'),
('ProductListWidget@CreatebyName','zh-CN','创建人','ProductListWidget','EntityProperty'),
('ProductListWidget@CreateDate','zh-CN','创建日期','ProductListWidget','EntityProperty'),
('ProductListWidget@CustomClass','zh-CN','CustomClass','ProductListWidget','EntityProperty'),
('ProductListWidget@CustomStyle','zh-CN','CustomStyle','ProductListWidget','EntityProperty'),
('ProductListWidget@Description','zh-CN','描述','ProductListWidget','EntityProperty'),
('ProductListWidget@DetailPageUrl','zh-CN','详细页面','ProductListWidget','EntityProperty'),
('ProductListWidget@ExtendData','zh-CN','ExtendData','ProductListWidget','EntityProperty'),
('ProductListWidget@ExtendFields','zh-CN','扩展属性','ProductListWidget','EntityProperty'),
('ProductListWidget@FormView','zh-CN','FormView','ProductListWidget','EntityProperty'),
('ProductListWidget@ID','zh-CN','ID','ProductListWidget','EntityProperty'),
('ProductListWidget@IsPageable','zh-CN','分页?','ProductListWidget','EntityProperty'),
('ProductListWidget@IsSystem','zh-CN','IsSystem','ProductListWidget','EntityProperty'),
('ProductListWidget@IsTemplate','zh-CN','保存为模板','ProductListWidget','EntityProperty'),
('ProductListWidget@LastUpdateBy','zh-CN','LastUpdateBy','ProductListWidget','EntityProperty'),
('ProductListWidget@LastUpdateByName','zh-CN','更新人','ProductListWidget','EntityProperty'),
('ProductListWidget@LastUpdateDate','zh-CN','更新日期','ProductListWidget','EntityProperty'),
('ProductListWidget@LayoutID','zh-CN','LayoutID','ProductListWidget','EntityProperty'),
('ProductListWidget@PageID','zh-CN','PageID','ProductListWidget','EntityProperty'),
('ProductListWidget@PageSize','zh-CN','分页大小','ProductListWidget','EntityProperty'),
('ProductListWidget@PartialView','zh-CN','显示模板','ProductListWidget','EntityProperty'),
('ProductListWidget@Position','zh-CN','排序','ProductListWidget','EntityProperty'),
('ProductListWidget@ProductCategoryID','zh-CN','产品类别','ProductListWidget','EntityProperty'),
('ProductListWidget@ServiceTypeName','zh-CN','ServiceTypeName','ProductListWidget','EntityProperty'),
('ProductListWidget@Status','zh-CN','状态','ProductListWidget','EntityProperty'),
('ProductListWidget@StyleClass','zh-CN','自定义样式','ProductListWidget','EntityProperty'),
('ProductListWidget@Thumbnail','zh-CN','模板缩略图','ProductListWidget','EntityProperty'),
('ProductListWidget@Title','zh-CN','标题','ProductListWidget','EntityProperty'),
('ProductListWidget@ViewModelTypeName','zh-CN','ViewModelTypeName','ProductListWidget','EntityProperty'),
('ProductListWidget@WidgetName','zh-CN','组件名称','ProductListWidget','EntityProperty'),
('ProductListWidget@ZoneID','zh-CN','区域','ProductListWidget','EntityProperty'),
('Robots@Content','zh-CN','内容','Robots','EntityProperty'),
('RoleEntity@ActionType','zh-CN','ActionType','RoleEntity','EntityProperty'),
('RoleEntity@CreateBy','zh-CN','CreateBy','RoleEntity','EntityProperty'),
('RoleEntity@CreatebyName','en-GB','Createby Name','RoleEntity','EntityProperty'),
('RoleEntity@CreatebyName','en-US','Createby Name','RoleEntity','EntityProperty'),
('RoleEntity@CreatebyName','zh-CN','创建人','RoleEntity','EntityProperty'),
('RoleEntity@CreateDate','en-GB','Create Date','RoleEntity','EntityProperty'),
('RoleEntity@CreateDate','en-US','Create Date','RoleEntity','EntityProperty'),
('RoleEntity@CreateDate','zh-CN','创建日期','RoleEntity','EntityProperty'),
('RoleEntity@Description','zh-CN','描述','RoleEntity','EntityProperty'),
('RoleEntity@ID','zh-CN','ID','RoleEntity','EntityProperty'),
('RoleEntity@LastUpdateBy','zh-CN','LastUpdateBy','RoleEntity','EntityProperty'),
('RoleEntity@LastUpdateByName','en-GB','Last Update By Name','RoleEntity','EntityProperty'),
('RoleEntity@LastUpdateByName','en-US','Last Update By Name','RoleEntity','EntityProperty'),
('RoleEntity@LastUpdateByName','zh-CN','更新人','RoleEntity','EntityProperty'),
('RoleEntity@LastUpdateDate','en-GB','Last Update Date','RoleEntity','EntityProperty'),
('RoleEntity@LastUpdateDate','en-US','Last Update Date','RoleEntity','EntityProperty'),
('RoleEntity@LastUpdateDate','zh-CN','更新日期','RoleEntity','EntityProperty'),
('RoleEntity@Permissions','zh-CN','Permissions','RoleEntity','EntityProperty'),
('RoleEntity@Status','en-GB','Status','RoleEntity','EntityProperty'),
('RoleEntity@Status','en-US','Status','RoleEntity','EntityProperty'),
('RoleEntity@Status','zh-CN','状态','RoleEntity','EntityProperty'),
('RoleEntity@Title','en-GB','Title','RoleEntity','EntityProperty'),
('RoleEntity@Title','en-US','Title','RoleEntity','EntityProperty'),
('RoleEntity@Title','zh-CN','标题','RoleEntity','EntityProperty'),
('Rule@Description','en-GB','Description','Rule','EntityProperty'),
('Rule@Description','en-US','Description','Rule','EntityProperty'),
('Rule@Description','zh-CN','描述','Rule','EntityProperty'),
('Rule@RuleID','en-GB','Rule','Rule','EntityProperty'),
('Rule@RuleID','en-US','Rule','Rule','EntityProperty'),
('Rule@RuleID','zh-CN','RuleID','Rule','EntityProperty'),
('Rule@RuleItemList','en-GB','Rule Item List','Rule','EntityProperty'),
('Rule@RuleItemList','en-US','Rule Item List','Rule','EntityProperty'),
('Rule@RuleItemList','zh-CN','条件组','Rule','EntityProperty'),
('Rule@Status','en-GB','Status','Rule','EntityProperty'),
('Rule@Status','en-US','Status','Rule','EntityProperty'),
('Rule@Status','zh-CN','状态','Rule','EntityProperty'),
('Rule@Title','en-GB','Title','Rule','EntityProperty'),
('Rule@Title','en-US','Title','Rule','EntityProperty'),
('Rule@Title','zh-CN','标题','Rule','EntityProperty'),
('Rule@ZoneName','en-GB','Zone Name','Rule','EntityProperty'),
('Rule@ZoneName','en-US','Zone Name','Rule','EntityProperty'),
('Rule@ZoneName','zh-CN','显示区域','Rule','EntityProperty'),
('RuleItem@Condition','en-GB','Condition','RuleItem','EntityProperty'),
('RuleItem@Condition','en-US','Condition','RuleItem','EntityProperty'),
('RuleItem@Condition','zh-CN','条件','RuleItem','EntityProperty'),
('RuleItem@FunctionName','en-GB','Function Name','RuleItem','EntityProperty'),
('RuleItem@FunctionName','en-US','Function Name','RuleItem','EntityProperty'),
('RuleItem@FunctionName','zh-CN','运算方式','RuleItem','EntityProperty'),
('RuleItem@Property','en-GB','Property','RuleItem','EntityProperty'),
('RuleItem@Property','en-US','Property','RuleItem','EntityProperty'),
('RuleItem@Property','zh-CN','属性','RuleItem','EntityProperty'),
('RuleItem@Value','en-GB','Value','RuleItem','EntityProperty'),
('RuleItem@Value','en-US','Value','RuleItem','EntityProperty'),
('RuleItem@Value','zh-CN','值','RuleItem','EntityProperty'),
('ScriptWidget@ActionType','zh-CN','ActionType','ScriptWidget','EntityProperty'),
('ScriptWidget@AssemblyName','zh-CN','AssemblyName','ScriptWidget','EntityProperty'),
('ScriptWidget@CreateBy','zh-CN','CreateBy','ScriptWidget','EntityProperty'),
('ScriptWidget@CreatebyName','zh-CN','创建人','ScriptWidget','EntityProperty'),
('ScriptWidget@CreateDate','zh-CN','创建日期','ScriptWidget','EntityProperty'),
('ScriptWidget@CustomClass','zh-CN','CustomClass','ScriptWidget','EntityProperty'),
('ScriptWidget@CustomStyle','zh-CN','CustomStyle','ScriptWidget','EntityProperty'),
('ScriptWidget@Description','zh-CN','描述','ScriptWidget','EntityProperty'),
('ScriptWidget@ExtendFields','zh-CN','扩展属性','ScriptWidget','EntityProperty'),
('ScriptWidget@FormView','zh-CN','FormView','ScriptWidget','EntityProperty'),
('ScriptWidget@ID','zh-CN','ID','ScriptWidget','EntityProperty'),
('ScriptWidget@IsSystem','zh-CN','IsSystem','ScriptWidget','EntityProperty'),
('ScriptWidget@IsTemplate','zh-CN','保存为模板','ScriptWidget','EntityProperty'),
('ScriptWidget@LastUpdateBy','zh-CN','LastUpdateBy','ScriptWidget','EntityProperty'),
('ScriptWidget@LastUpdateByName','zh-CN','更新人','ScriptWidget','EntityProperty'),
('ScriptWidget@LastUpdateDate','zh-CN','更新日期','ScriptWidget','EntityProperty'),
('ScriptWidget@LayoutID','zh-CN','LayoutID','ScriptWidget','EntityProperty'),
('ScriptWidget@PageID','zh-CN','PageID','ScriptWidget','EntityProperty'),
('ScriptWidget@PartialView','zh-CN','显示模板','ScriptWidget','EntityProperty'),
('ScriptWidget@Position','zh-CN','排序','ScriptWidget','EntityProperty'),
('ScriptWidget@Script','zh-CN','脚本','ScriptWidget','EntityProperty'),
('ScriptWidget@ServiceTypeName','zh-CN','ServiceTypeName','ScriptWidget','EntityProperty'),
('ScriptWidget@Status','zh-CN','状态','ScriptWidget','EntityProperty'),
('ScriptWidget@StyleClass','zh-CN','自定义样式','ScriptWidget','EntityProperty'),
('ScriptWidget@Thumbnail','zh-CN','模板缩略图','ScriptWidget','EntityProperty'),
('ScriptWidget@Title','zh-CN','标题','ScriptWidget','EntityProperty'),
('ScriptWidget@ViewModelTypeName','zh-CN','ViewModelTypeName','ScriptWidget','EntityProperty'),
('ScriptWidget@WidgetName','zh-CN','组件名称','ScriptWidget','EntityProperty'),
('ScriptWidget@ZoneID','zh-CN','区域','ScriptWidget','EntityProperty'),
('SectionContent@ActionType','zh-CN','ActionType','SectionContent','EntityProperty'),
('SectionContent@CreateBy','zh-CN','CreateBy','SectionContent','EntityProperty'),
('SectionContent@CreatebyName','zh-CN','创建人','SectionContent','EntityProperty'),
('SectionContent@CreateDate','zh-CN','创建日期','SectionContent','EntityProperty'),
('SectionContent@Description','zh-CN','描述','SectionContent','EntityProperty'),
('SectionContent@ID','zh-CN','ID','SectionContent','EntityProperty'),
('SectionContent@LastUpdateBy','zh-CN','LastUpdateBy','SectionContent','EntityProperty'),
('SectionContent@LastUpdateByName','zh-CN','更新人','SectionContent','EntityProperty'),
('SectionContent@LastUpdateDate','zh-CN','更新日期','SectionContent','EntityProperty'),
('SectionContent@Order','zh-CN','排序','SectionContent','EntityProperty'),
('SectionContent@SectionContentType','zh-CN','SectionContentType','SectionContent','EntityProperty'),
('SectionContent@SectionGroupId','zh-CN','SectionGroupId','SectionContent','EntityProperty'),
('SectionContent@SectionWidgetId','zh-CN','SectionWidgetId','SectionContent','EntityProperty'),
('SectionContent@Status','zh-CN','状态','SectionContent','EntityProperty'),
('SectionContent@Title','zh-CN','标题','SectionContent','EntityProperty'),
('SectionContentCallToAction@ActionType','zh-CN','ActionType','SectionContentCallToAction','EntityProperty'),
('SectionContentCallToAction@CreateBy','zh-CN','CreateBy','SectionContentCallToAction','EntityProperty'),
('SectionContentCallToAction@CreatebyName','zh-CN','创建人','SectionContentCallToAction','EntityProperty'),
('SectionContentCallToAction@CreateDate','zh-CN','创建日期','SectionContentCallToAction','EntityProperty'),
('SectionContentCallToAction@Description','zh-CN','描述','SectionContentCallToAction','EntityProperty'),
('SectionContentCallToAction@Href','zh-CN','链接','SectionContentCallToAction','EntityProperty'),
('SectionContentCallToAction@ID','zh-CN','ID','SectionContentCallToAction','EntityProperty'),
('SectionContentCallToAction@InnerText','zh-CN','标题','SectionContentCallToAction','EntityProperty'),
('SectionContentCallToAction@LastUpdateBy','zh-CN','LastUpdateBy','SectionContentCallToAction','EntityProperty'),
('SectionContentCallToAction@LastUpdateByName','zh-CN','更新人','SectionContentCallToAction','EntityProperty'),
('SectionContentCallToAction@LastUpdateDate','zh-CN','更新日期','SectionContentCallToAction','EntityProperty'),
('SectionContentCallToAction@Order','zh-CN','排序','SectionContentCallToAction','EntityProperty'),
('SectionContentCallToAction@SectionContentType','zh-CN','SectionContentType','SectionContentCallToAction','EntityProperty'),
('SectionContentCallToAction@SectionGroupId','zh-CN','SectionGroupId','SectionContentCallToAction','EntityProperty'),
('SectionContentCallToAction@SectionWidgetId','zh-CN','SectionWidgetId','SectionContentCallToAction','EntityProperty'),
('SectionContentCallToAction@Status','zh-CN','状态','SectionContentCallToAction','EntityProperty'),
('SectionContentCallToAction@Title','zh-CN','标题','SectionContentCallToAction','EntityProperty'),
('SectionContentImage@ActionType','zh-CN','ActionType','SectionContentImage','EntityProperty'),
('SectionContentImage@CreateBy','zh-CN','CreateBy','SectionContentImage','EntityProperty'),
('SectionContentImage@CreatebyName','zh-CN','创建人','SectionContentImage','EntityProperty'),
('SectionContentImage@CreateDate','zh-CN','创建日期','SectionContentImage','EntityProperty'),
('SectionContentImage@Description','zh-CN','描述','SectionContentImage','EntityProperty'),
('SectionContentImage@Height','zh-CN','高度(px)','SectionContentImage','EntityProperty'),
('SectionContentImage@Href','zh-CN','链接','SectionContentImage','EntityProperty'),
('SectionContentImage@ID','zh-CN','ID','SectionContentImage','EntityProperty'),
('SectionContentImage@ImageAlt','zh-CN','说明','SectionContentImage','EntityProperty'),
('SectionContentImage@ImageSrc','zh-CN','图片','SectionContentImage','EntityProperty'),
('SectionContentImage@ImageTitle','zh-CN','标题','SectionContentImage','EntityProperty'),
('SectionContentImage@LastUpdateBy','zh-CN','LastUpdateBy','SectionContentImage','EntityProperty'),
('SectionContentImage@LastUpdateByName','zh-CN','更新人','SectionContentImage','EntityProperty'),
('SectionContentImage@LastUpdateDate','zh-CN','更新日期','SectionContentImage','EntityProperty'),
('SectionContentImage@Order','zh-CN','排序','SectionContentImage','EntityProperty'),
('SectionContentImage@SectionContentType','zh-CN','SectionContentType','SectionContentImage','EntityProperty'),
('SectionContentImage@SectionGroupId','zh-CN','SectionGroupId','SectionContentImage','EntityProperty'),
('SectionContentImage@SectionWidgetId','zh-CN','SectionWidgetId','SectionContentImage','EntityProperty'),
('SectionContentImage@Status','zh-CN','状态','SectionContentImage','EntityProperty'),
('SectionContentImage@Title','zh-CN','标题','SectionContentImage','EntityProperty'),
('SectionContentImage@Width','zh-CN','宽度(px)','SectionContentImage','EntityProperty'),
('SectionContentParagraph@ActionType','zh-CN','ActionType','SectionContentParagraph','EntityProperty'),
('SectionContentParagraph@CreateBy','zh-CN','CreateBy','SectionContentParagraph','EntityProperty'),
('SectionContentParagraph@CreatebyName','zh-CN','创建人','SectionContentParagraph','EntityProperty'),
('SectionContentParagraph@CreateDate','zh-CN','创建日期','SectionContentParagraph','EntityProperty'),
('SectionContentParagraph@Description','zh-CN','描述','SectionContentParagraph','EntityProperty'),
('SectionContentParagraph@HtmlContent','zh-CN','内容','SectionContentParagraph','EntityProperty'),
('SectionContentParagraph@ID','zh-CN','ID','SectionContentParagraph','EntityProperty'),
('SectionContentParagraph@LastUpdateBy','zh-CN','LastUpdateBy','SectionContentParagraph','EntityProperty'),
('SectionContentParagraph@LastUpdateByName','zh-CN','更新人','SectionContentParagraph','EntityProperty'),
('SectionContentParagraph@LastUpdateDate','zh-CN','更新日期','SectionContentParagraph','EntityProperty'),
('SectionContentParagraph@Order','zh-CN','排序','SectionContentParagraph','EntityProperty'),
('SectionContentParagraph@SectionContentType','zh-CN','SectionContentType','SectionContentParagraph','EntityProperty'),
('SectionContentParagraph@SectionGroupId','zh-CN','SectionGroupId','SectionContentParagraph','EntityProperty'),
('SectionContentParagraph@SectionWidgetId','zh-CN','SectionWidgetId','SectionContentParagraph','EntityProperty'),
('SectionContentParagraph@Status','zh-CN','状态','SectionContentParagraph','EntityProperty'),
('SectionContentParagraph@Title','zh-CN','标题','SectionContentParagraph','EntityProperty'),
('SectionContentTitle@ActionType','zh-CN','ActionType','SectionContentTitle','EntityProperty'),
('SectionContentTitle@CreateBy','zh-CN','CreateBy','SectionContentTitle','EntityProperty'),
('SectionContentTitle@CreatebyName','zh-CN','创建人','SectionContentTitle','EntityProperty'),
('SectionContentTitle@CreateDate','zh-CN','创建日期','SectionContentTitle','EntityProperty'),
('SectionContentTitle@Description','zh-CN','描述','SectionContentTitle','EntityProperty'),
('SectionContentTitle@Href','zh-CN','链接','SectionContentTitle','EntityProperty'),
('SectionContentTitle@ID','zh-CN','ID','SectionContentTitle','EntityProperty'),
('SectionContentTitle@InnerText','zh-CN','标题','SectionContentTitle','EntityProperty'),
('SectionContentTitle@LastUpdateBy','zh-CN','LastUpdateBy','SectionContentTitle','EntityProperty'),
('SectionContentTitle@LastUpdateByName','zh-CN','更新人','SectionContentTitle','EntityProperty'),
('SectionContentTitle@LastUpdateDate','zh-CN','更新日期','SectionContentTitle','EntityProperty'),
('SectionContentTitle@Order','zh-CN','排序','SectionContentTitle','EntityProperty'),
('SectionContentTitle@SectionContentType','zh-CN','SectionContentType','SectionContentTitle','EntityProperty'),
('SectionContentTitle@SectionGroupId','zh-CN','SectionGroupId','SectionContentTitle','EntityProperty'),
('SectionContentTitle@SectionWidgetId','zh-CN','SectionWidgetId','SectionContentTitle','EntityProperty'),
('SectionContentTitle@Status','zh-CN','状态','SectionContentTitle','EntityProperty'),
('SectionContentTitle@Title','zh-CN','标题','SectionContentTitle','EntityProperty'),
('SectionContentTitle@TitleLevel','zh-CN','等级','SectionContentTitle','EntityProperty'),
('SectionContentVideo@ActionType','zh-CN','ActionType','SectionContentVideo','EntityProperty'),
('SectionContentVideo@Code','zh-CN','视频代码','SectionContentVideo','EntityProperty'),
('SectionContentVideo@CreateBy','zh-CN','CreateBy','SectionContentVideo','EntityProperty'),
('SectionContentVideo@CreatebyName','zh-CN','CreatebyName','SectionContentVideo','EntityProperty'),
('SectionContentVideo@CreateDate','zh-CN','CreateDate','SectionContentVideo','EntityProperty'),
('SectionContentVideo@Description','zh-CN','描述','SectionContentVideo','EntityProperty'),
('SectionContentVideo@Height','zh-CN','高度(px)','SectionContentVideo','EntityProperty'),
('SectionContentVideo@ID','zh-CN','ID','SectionContentVideo','EntityProperty'),
('SectionContentVideo@LastUpdateBy','zh-CN','LastUpdateBy','SectionContentVideo','EntityProperty'),
('SectionContentVideo@LastUpdateByName','zh-CN','LastUpdateByName','SectionContentVideo','EntityProperty'),
('SectionContentVideo@LastUpdateDate','zh-CN','LastUpdateDate','SectionContentVideo','EntityProperty'),
('SectionContentVideo@Order','zh-CN','Order','SectionContentVideo','EntityProperty'),
('SectionContentVideo@SectionContentType','zh-CN','SectionContentType','SectionContentVideo','EntityProperty'),
('SectionContentVideo@SectionGroupId','zh-CN','SectionGroupId','SectionContentVideo','EntityProperty'),
('SectionContentVideo@SectionWidgetId','zh-CN','SectionWidgetId','SectionContentVideo','EntityProperty'),
('SectionContentVideo@Status','zh-CN','状态','SectionContentVideo','EntityProperty'),
('SectionContentVideo@Thumbnail','zh-CN','缩略图','SectionContentVideo','EntityProperty'),
('SectionContentVideo@Title','zh-CN','Title','SectionContentVideo','EntityProperty'),
('SectionContentVideo@Url','zh-CN','视频地址(MP4)','SectionContentVideo','EntityProperty'),
('SectionContentVideo@VideoTitle','zh-CN','标题','SectionContentVideo','EntityProperty'),
('SectionContentVideo@Width','zh-CN','宽度(px)','SectionContentVideo','EntityProperty'),
('SectionGroup@ActionType','zh-CN','ActionType','SectionGroup','EntityProperty'),
('SectionGroup@CallToAction','zh-CN','CallToAction','SectionGroup','EntityProperty'),
('SectionGroup@CallToActions','zh-CN','CallToActions','SectionGroup','EntityProperty'),
('SectionGroup@CreateBy','zh-CN','CreateBy','SectionGroup','EntityProperty'),
('SectionGroup@CreatebyName','zh-CN','创建人','SectionGroup','EntityProperty'),
('SectionGroup@CreateDate','zh-CN','创建日期','SectionGroup','EntityProperty'),
('SectionGroup@Description','zh-CN','描述','SectionGroup','EntityProperty'),
('SectionGroup@GroupName','zh-CN','组名','SectionGroup','EntityProperty'),
('SectionGroup@ID','zh-CN','ID','SectionGroup','EntityProperty'),
('SectionGroup@IsLoadDefaultData','zh-CN','IsLoadDefaultData','SectionGroup','EntityProperty'),
('SectionGroup@LastUpdateBy','zh-CN','LastUpdateBy','SectionGroup','EntityProperty'),
('SectionGroup@LastUpdateByName','zh-CN','更新人','SectionGroup','EntityProperty'),
('SectionGroup@LastUpdateDate','zh-CN','更新日期','SectionGroup','EntityProperty'),
('SectionGroup@Order','zh-CN','排序','SectionGroup','EntityProperty'),
('SectionGroup@Paragraph','zh-CN','Paragraph','SectionGroup','EntityProperty'),
('SectionGroup@Paragraphs','zh-CN','Paragraphs','SectionGroup','EntityProperty'),
('SectionGroup@PartialView','zh-CN','显示模板','SectionGroup','EntityProperty'),
('SectionGroup@PercentWidth','zh-CN','栅格列','SectionGroup','EntityProperty'),
('SectionGroup@SectionContents','zh-CN','SectionContents','SectionGroup','EntityProperty'),
('SectionGroup@SectionImage','zh-CN','SectionImage','SectionGroup','EntityProperty'),
('SectionGroup@SectionImages','zh-CN','SectionImages','SectionGroup','EntityProperty'),
('SectionGroup@SectionTitle','zh-CN','SectionTitle','SectionGroup','EntityProperty'),
('SectionGroup@SectionTitles','zh-CN','SectionTitles','SectionGroup','EntityProperty'),
('SectionGroup@SectionWidgetId','zh-CN','SectionWidgetId','SectionGroup','EntityProperty'),
('SectionGroup@Status','zh-CN','状态','SectionGroup','EntityProperty'),
('SectionGroup@Title','zh-CN','标题','SectionGroup','EntityProperty'),
('SectionWidget@ActionType','zh-CN','ActionType','SectionWidget','EntityProperty'),
('SectionWidget@AssemblyName','zh-CN','AssemblyName','SectionWidget','EntityProperty'),
('SectionWidget@CreateBy','zh-CN','CreateBy','SectionWidget','EntityProperty'),
('SectionWidget@CreatebyName','zh-CN','创建人','SectionWidget','EntityProperty'),
('SectionWidget@CreateDate','zh-CN','创建日期','SectionWidget','EntityProperty'),
('SectionWidget@CustomClass','zh-CN','CustomClass','SectionWidget','EntityProperty'),
('SectionWidget@CustomStyle','zh-CN','CustomStyle','SectionWidget','EntityProperty'),
('SectionWidget@Description','zh-CN','描述','SectionWidget','EntityProperty'),
('SectionWidget@ExtendData','zh-CN','ExtendData','SectionWidget','EntityProperty'),
('SectionWidget@ExtendFields','zh-CN','扩展属性','SectionWidget','EntityProperty'),
('SectionWidget@FormView','zh-CN','FormView','SectionWidget','EntityProperty'),
('SectionWidget@Groups','zh-CN','Groups','SectionWidget','EntityProperty'),
('SectionWidget@ID','zh-CN','ID','SectionWidget','EntityProperty'),
('SectionWidget@IsHorizontal','zh-CN','水平分组','SectionWidget','EntityProperty'),
('SectionWidget@IsSystem','zh-CN','IsSystem','SectionWidget','EntityProperty'),
('SectionWidget@IsTemplate','zh-CN','保存为模板','SectionWidget','EntityProperty'),
('SectionWidget@LastUpdateBy','zh-CN','LastUpdateBy','SectionWidget','EntityProperty'),
('SectionWidget@LastUpdateByName','zh-CN','更新人','SectionWidget','EntityProperty'),
('SectionWidget@LastUpdateDate','zh-CN','更新日期','SectionWidget','EntityProperty'),
('SectionWidget@LayoutID','zh-CN','布局','SectionWidget','EntityProperty'),
('SectionWidget@PageID','zh-CN','页面','SectionWidget','EntityProperty'),
('SectionWidget@PartDriver','zh-CN','PartDriver','SectionWidget','EntityProperty'),
('SectionWidget@PartialView','zh-CN','显示模板','SectionWidget','EntityProperty'),
('SectionWidget@Position','zh-CN','排序','SectionWidget','EntityProperty'),
('SectionWidget@SectionTitle','zh-CN','标题','SectionWidget','EntityProperty'),
('SectionWidget@ServiceTypeName','zh-CN','ServiceTypeName','SectionWidget','EntityProperty'),
('SectionWidget@Status','zh-CN','状态','SectionWidget','EntityProperty'),
('SectionWidget@StyleClass','zh-CN','自定义样式','SectionWidget','EntityProperty'),
('SectionWidget@Template','zh-CN','Template','SectionWidget','EntityProperty'),
('SectionWidget@Thumbnail','zh-CN','模板缩略图','SectionWidget','EntityProperty'),
('SectionWidget@Title','zh-CN','标题','SectionWidget','EntityProperty'),
('SectionWidget@ViewModelTypeName','zh-CN','ViewModelTypeName','SectionWidget','EntityProperty'),
('SectionWidget@WidgetName','zh-CN','组件名称','SectionWidget','EntityProperty'),
('SectionWidget@ZoneID','zh-CN','区域','SectionWidget','EntityProperty'),
('SEO优化','en-GB','SEO',NULL,NULL),
('SEO优化','en-US','SEO',NULL,NULL),
('SiteSearchWidget@AssemblyName','zh-CN','AssemblyName','SiteSearchWidget','EntityProperty'),
('SiteSearchWidget@IsSystem','zh-CN','IsSystem','SiteSearchWidget','EntityProperty'),
('SiteSearchWidget@IsTemplate','zh-CN','保存为模板','SiteSearchWidget','EntityProperty'),
('SiteSearchWidget@PartialView','zh-CN','显示模板','SiteSearchWidget','EntityProperty'),
('SiteSearchWidget@Position','zh-CN','排序','SiteSearchWidget','EntityProperty'),
('SiteSearchWidget@SearchEngine','zh-CN','搜索引擎',NULL,'EntityProperty'),
('SiteSearchWidget@SearchQuery','zh-CN','Search Query','SiteSearchWidget','EntityProperty'),
('SiteSearchWidget@ServiceTypeName','zh-CN','ServiceTypeName','SiteSearchWidget','EntityProperty'),
('SiteSearchWidget@StyleClass','zh-CN','自定义样式','SiteSearchWidget','EntityProperty'),
('SiteSearchWidget@Thumbnail','zh-CN','模板缩略图','SiteSearchWidget','EntityProperty'),
('SiteSearchWidget@Title','zh-CN','标题','SiteSearchWidget','EntityProperty'),
('SiteSearchWidget@ViewModelTypeName','zh-CN','ViewModelTypeName','SiteSearchWidget','EntityProperty'),
('SiteSearchWidget@WidgetName','zh-CN','组件名称','SiteSearchWidget','EntityProperty'),
('SiteSearchWidget@ZoneID','zh-CN','区域','SiteSearchWidget','EntityProperty'),
('SmtpSetting@Email','zh-CN','邮箱','SmtpSetting','EntityProperty'),
('SmtpSetting@EnableSsl','zh-CN','启用SSL','SmtpSetting','EntityProperty'),
('SmtpSetting@Host','zh-CN','服务器','SmtpSetting','EntityProperty'),
('SmtpSetting@PassWord','zh-CN','密码','SmtpSetting','EntityProperty'),
('SmtpSetting@Port','zh-CN','端口','SmtpSetting','EntityProperty'),
('Statistics@ActionType','zh-CN','ActionType','Statistics','EntityProperty'),
('Statistics@ContactName','zh-CN','ContactName','Statistics','EntityProperty'),
('Statistics@CreateBy','zh-CN','CreateBy','Statistics','EntityProperty'),
('Statistics@CreatebyName','zh-CN','CreatebyName','Statistics','EntityProperty'),
('Statistics@CreateDate','zh-CN','CreateDate','Statistics','EntityProperty'),
('Statistics@Description','zh-CN','描述','Statistics','EntityProperty'),
('Statistics@Host','zh-CN','Host','Statistics','EntityProperty'),
('Statistics@IpAddress','zh-CN','IpAddress','Statistics','EntityProperty'),
('Statistics@LastUpdateBy','zh-CN','LastUpdateBy','Statistics','EntityProperty'),
('Statistics@LastUpdateByName','zh-CN','LastUpdateByName','Statistics','EntityProperty'),
('Statistics@LastUpdateDate','zh-CN','LastUpdateDate','Statistics','EntityProperty'),
('Statistics@StatisticsId','zh-CN','StatisticsId','Statistics','EntityProperty'),
('Statistics@Status','zh-CN','状态','Statistics','EntityProperty'),
('Statistics@Tel','zh-CN','Tel','Statistics','EntityProperty'),
('Statistics@Title','zh-CN','标题','Statistics','EntityProperty'),
('StatisticsScript@Location','zh-CN','位置','GlobalScripts','EntityProperty'),
('StatisticsScript@Script','zh-CN','脚本','StatisticsScript','EntityProperty'),
('StrongPoint@Description','zh-CN','描述','StrongPoint','EntityProperty'),
('StrongPoint@Title','zh-CN','名称','StrongPoint','EntityProperty'),
('StyleSheetWidget@ActionType','zh-CN','ActionType','StyleSheetWidget','EntityProperty'),
('StyleSheetWidget@AssemblyName','zh-CN','AssemblyName','StyleSheetWidget','EntityProperty'),
('StyleSheetWidget@CreateBy','zh-CN','CreateBy','StyleSheetWidget','EntityProperty'),
('StyleSheetWidget@CreatebyName','zh-CN','创建人','StyleSheetWidget','EntityProperty'),
('StyleSheetWidget@CreateDate','zh-CN','创建日期','StyleSheetWidget','EntityProperty'),
('StyleSheetWidget@CustomClass','zh-CN','CustomClass','StyleSheetWidget','EntityProperty'),
('StyleSheetWidget@CustomStyle','zh-CN','CustomStyle','StyleSheetWidget','EntityProperty'),
('StyleSheetWidget@Description','zh-CN','描述','StyleSheetWidget','EntityProperty'),
('StyleSheetWidget@ExtendFields','zh-CN','扩展属性','StyleSheetWidget','EntityProperty'),
('StyleSheetWidget@FormView','zh-CN','FormView','StyleSheetWidget','EntityProperty'),
('StyleSheetWidget@ID','zh-CN','ID','StyleSheetWidget','EntityProperty'),
('StyleSheetWidget@IsSystem','zh-CN','IsSystem','StyleSheetWidget','EntityProperty'),
('StyleSheetWidget@IsTemplate','zh-CN','保存为模板','StyleSheetWidget','EntityProperty'),
('StyleSheetWidget@LastUpdateBy','zh-CN','LastUpdateBy','StyleSheetWidget','EntityProperty'),
('StyleSheetWidget@LastUpdateByName','zh-CN','更新人','StyleSheetWidget','EntityProperty'),
('StyleSheetWidget@LastUpdateDate','zh-CN','更新日期','StyleSheetWidget','EntityProperty'),
('StyleSheetWidget@LayoutID','zh-CN','LayoutID','StyleSheetWidget','EntityProperty'),
('StyleSheetWidget@PageID','zh-CN','PageID','StyleSheetWidget','EntityProperty'),
('StyleSheetWidget@PartDriver','zh-CN','PartDriver','StyleSheetWidget','EntityProperty'),
('StyleSheetWidget@PartialView','zh-CN','显示模板','StyleSheetWidget','EntityProperty'),
('StyleSheetWidget@Position','zh-CN','排序','StyleSheetWidget','EntityProperty'),
('StyleSheetWidget@ServiceTypeName','zh-CN','ServiceTypeName','StyleSheetWidget','EntityProperty'),
('StyleSheetWidget@Status','zh-CN','状态','StyleSheetWidget','EntityProperty'),
('StyleSheetWidget@StyleClass','zh-CN','自定义样式','StyleSheetWidget','EntityProperty'),
('StyleSheetWidget@StyleSheet','zh-CN','样式','StyleSheetWidget','EntityProperty'),
('StyleSheetWidget@Thumbnail','zh-CN','模板缩略图','StyleSheetWidget','EntityProperty'),
('StyleSheetWidget@Title','zh-CN','标题','StyleSheetWidget','EntityProperty'),
('StyleSheetWidget@ViewModelTypeName','zh-CN','ViewModelTypeName','StyleSheetWidget','EntityProperty'),
('StyleSheetWidget@WidgetName','zh-CN','组件名称','StyleSheetWidget','EntityProperty'),
('StyleSheetWidget@ZoneID','zh-CN','区域','StyleSheetWidget','EntityProperty'),
('TemplateFile@Content','zh-CN','模板代码',NULL,'EntityProperty'),
('TemplateFile@Id','zh-CN','ID','TemplateFile','EntityProperty'),
('TemplateFile@LastUpdateTime','zh-CN','最后更新时间',NULL,'EntityProperty'),
('TemplateFile@Name','zh-CN','名称','TemplateFile','EntityProperty'),
('TemplateFile@RelativePath','zh-CN','模板路径',NULL,'EntityProperty'),
('TemplateFile@ThemeName','zh-CN','主题',NULL,'EntityProperty'),
('ThemeEntity@ActionType','zh-CN','ActionType','ThemeEntity','EntityProperty'),
('ThemeEntity@CreateBy','zh-CN','CreateBy','ThemeEntity','EntityProperty'),
('ThemeEntity@CreatebyName','zh-CN','CreatebyName','ThemeEntity','EntityProperty'),
('ThemeEntity@CreateDate','zh-CN','CreateDate','ThemeEntity','EntityProperty'),
('ThemeEntity@Description','zh-CN','描述','ThemeEntity','EntityProperty'),
('ThemeEntity@ID','zh-CN','ID','ThemeEntity','EntityProperty'),
('ThemeEntity@IsActived','zh-CN','IsActived','ThemeEntity','EntityProperty'),
('ThemeEntity@IsPreView','zh-CN','IsPreView','ThemeEntity','EntityProperty'),
('ThemeEntity@LastUpdateBy','zh-CN','LastUpdateBy','ThemeEntity','EntityProperty'),
('ThemeEntity@LastUpdateByName','zh-CN','LastUpdateByName','ThemeEntity','EntityProperty'),
('ThemeEntity@LastUpdateDate','zh-CN','LastUpdateDate','ThemeEntity','EntityProperty'),
('ThemeEntity@Status','zh-CN','状态','ThemeEntity','EntityProperty'),
('ThemeEntity@Thumbnail','zh-CN','Thumbnail','ThemeEntity','EntityProperty'),
('ThemeEntity@Title','zh-CN','标题','ThemeEntity','EntityProperty'),
('ThemeEntity@Url','zh-CN','Url','ThemeEntity','EntityProperty'),
('ThemeEntity@UrlDebugger','zh-CN','UrlDebugger','ThemeEntity','EntityProperty'),
('UrlRedirect@ActionType','zh-CN','ActionType','UrlRedirect','EntityProperty'),
('UrlRedirect@CreateBy','zh-CN','CreateBy','UrlRedirect','EntityProperty'),
('UrlRedirect@CreatebyName','en-GB','Createby Name','UrlRedirect','EntityProperty'),
('UrlRedirect@CreatebyName','en-US','Createby Name','UrlRedirect','EntityProperty'),
('UrlRedirect@CreatebyName','zh-CN','创建人','UrlRedirect','EntityProperty'),
('UrlRedirect@CreateDate','en-GB','Create Date','UrlRedirect','EntityProperty'),
('UrlRedirect@CreateDate','en-US','Create Date','UrlRedirect','EntityProperty'),
('UrlRedirect@CreateDate','zh-CN','创建日期','UrlRedirect','EntityProperty'),
('UrlRedirect@Description','en-GB','Description','UrlRedirect','EntityProperty'),
('UrlRedirect@Description','en-US','Description','UrlRedirect','EntityProperty'),
('UrlRedirect@Description','zh-CN','描述','UrlRedirect','EntityProperty'),
('UrlRedirect@DestinationURL','en-GB','Destination Url',NULL,'EntityProperty'),
('UrlRedirect@DestinationURL','en-US','Destination Url',NULL,'EntityProperty'),
('UrlRedirect@DestinationURL','zh-CN','跳转地址',NULL,'EntityProperty'),
('UrlRedirect@ID','zh-CN','ID','UrlRedirect','EntityProperty'),
('UrlRedirect@InComingUrl','en-GB','In Coming Url','UrlRedirect','EntityProperty'),
('UrlRedirect@InComingUrl','en-US','In Coming Url','UrlRedirect','EntityProperty'),
('UrlRedirect@InComingUrl','zh-CN','访问地址','UrlRedirect','EntityProperty'),
('UrlRedirect@IsPermanent','en-GB','Is Permanent','UrlRedirect','EntityProperty'),
('UrlRedirect@IsPermanent','en-US','Is Permanent','UrlRedirect','EntityProperty'),
('UrlRedirect@IsPermanent','zh-CN','永久？','UrlRedirect','EntityProperty'),
('UrlRedirect@LastUpdateBy','zh-CN','LastUpdateBy','UrlRedirect','EntityProperty'),
('UrlRedirect@LastUpdateByName','en-GB','Last Update By Name','UrlRedirect','EntityProperty'),
('UrlRedirect@LastUpdateByName','en-US','Last Update By Name','UrlRedirect','EntityProperty'),
('UrlRedirect@LastUpdateByName','zh-CN','更新人','UrlRedirect','EntityProperty'),
('UrlRedirect@LastUpdateDate','en-GB','Last Update Date','UrlRedirect','EntityProperty'),
('UrlRedirect@LastUpdateDate','en-US','Last Update Date','UrlRedirect','EntityProperty'),
('UrlRedirect@LastUpdateDate','zh-CN','更新日期','UrlRedirect','EntityProperty'),
('UrlRedirect@Status','en-GB','Status','UrlRedirect','EntityProperty'),
('UrlRedirect@Status','en-US','Status','UrlRedirect','EntityProperty'),
('UrlRedirect@Status','zh-CN','状态','UrlRedirect','EntityProperty'),
('UrlRedirect@Title','en-GB','Title','UrlRedirect','EntityProperty'),
('UrlRedirect@Title','en-US','Title','UrlRedirect','EntityProperty'),
('UrlRedirect@Title','zh-CN','标题','UrlRedirect','EntityProperty'),
('Url参数','en-GB','Query String',NULL,NULL),
('Url参数','en-US','Query String',NULL,NULL),
('URL重定向','en-GB','Url  Redirect',NULL,NULL),
('URL重定向','en-US','Url  Redirect',NULL,NULL),
('UserEntity@ActionType','zh-CN','ActionType','UserEntity','EntityProperty'),
('UserEntity@Address','en-GB','Address','UserEntity','EntityProperty'),
('UserEntity@Address','en-US','Address','UserEntity','EntityProperty'),
('UserEntity@Address','zh-CN','地址','UserEntity','EntityProperty'),
('UserEntity@Age','en-GB','Age','UserEntity','EntityProperty'),
('UserEntity@Age','en-US','Age','UserEntity','EntityProperty'),
('UserEntity@Age','zh-CN','年龄','UserEntity','EntityProperty'),
('UserEntity@ApiLoginToken','zh-CN','ApiLoginToken','UserEntity','EntityProperty'),
('UserEntity@AuthenticationType','zh-CN','AuthenticationType','UserEntity','EntityProperty'),
('UserEntity@Birthday','en-GB','Birthday','UserEntity','EntityProperty'),
('UserEntity@Birthday','en-US','Birthday','UserEntity','EntityProperty'),
('UserEntity@Birthday','zh-CN','出生日期','UserEntity','EntityProperty'),
('UserEntity@Birthplace','en-GB','Birthplace','UserEntity','EntityProperty'),
('UserEntity@Birthplace','en-US','Birthplace','UserEntity','EntityProperty'),
('UserEntity@Birthplace','zh-CN','出生地','UserEntity','EntityProperty'),
('UserEntity@CreateBy','zh-CN','CreateBy','UserEntity','EntityProperty'),
('UserEntity@CreatebyName','en-GB','Createby Name','UserEntity','EntityProperty'),
('UserEntity@CreatebyName','en-US','Createby Name','UserEntity','EntityProperty'),
('UserEntity@CreatebyName','zh-CN','创建人','UserEntity','EntityProperty'),
('UserEntity@CreateDate','en-GB','Create Date','UserEntity','EntityProperty'),
('UserEntity@CreateDate','en-US','Create Date','UserEntity','EntityProperty'),
('UserEntity@CreateDate','zh-CN','创建日期','UserEntity','EntityProperty'),
('UserEntity@Description','en-GB','Description','UserEntity','EntityProperty'),
('UserEntity@Description','en-US','Description','UserEntity','EntityProperty'),
('UserEntity@Description','zh-CN','描述','UserEntity','EntityProperty'),
('UserEntity@Email','en-GB','Email','UserEntity','EntityProperty'),
('UserEntity@Email','en-US','Email','UserEntity','EntityProperty'),
('UserEntity@Email','zh-CN','邮箱','UserEntity','EntityProperty'),
('UserEntity@EnglishName','en-GB','English Name','UserEntity','EntityProperty'),
('UserEntity@EnglishName','en-US','English Name','UserEntity','EntityProperty'),
('UserEntity@EnglishName','zh-CN','英文名','UserEntity','EntityProperty'),
('UserEntity@FirstName','en-GB','First Name','UserEntity','EntityProperty'),
('UserEntity@FirstName','en-US','First Name','UserEntity','EntityProperty'),
('UserEntity@FirstName','zh-CN','名','UserEntity','EntityProperty'),
('UserEntity@Hobby','en-GB','Hobby','UserEntity','EntityProperty'),
('UserEntity@Hobby','en-US','Hobby','UserEntity','EntityProperty'),
('UserEntity@Hobby','zh-CN','爱好','UserEntity','EntityProperty'),
('UserEntity@ID','zh-CN','ID','UserEntity','EntityProperty'),
('UserEntity@IsAuthenticated','zh-CN','IsAuthenticated','UserEntity','EntityProperty'),
('UserEntity@LastLoginDate','zh-CN','最后登录时间','UserEntity','EntityProperty'),
('UserEntity@LastName','en-GB','Last Name','UserEntity','EntityProperty'),
('UserEntity@LastName','en-US','Last Name','UserEntity','EntityProperty'),
('UserEntity@LastName','zh-CN','姓','UserEntity','EntityProperty'),
('UserEntity@LastUpdateBy','zh-CN','LastUpdateBy','UserEntity','EntityProperty'),
('UserEntity@LastUpdateByName','en-GB','Last Update By Name','UserEntity','EntityProperty'),
('UserEntity@LastUpdateByName','en-US','Last Update By Name','UserEntity','EntityProperty'),
('UserEntity@LastUpdateByName','zh-CN','更新人','UserEntity','EntityProperty'),
('UserEntity@LastUpdateDate','en-GB','Last Update Date','UserEntity','EntityProperty'),
('UserEntity@LastUpdateDate','en-US','Last Update Date','UserEntity','EntityProperty'),
('UserEntity@LastUpdateDate','zh-CN','更新日期','UserEntity','EntityProperty'),
('UserEntity@LoginIP','zh-CN','LoginIP','UserEntity','EntityProperty'),
('UserEntity@MaritalStatus','en-GB','Marital Status','UserEntity','EntityProperty'),
('UserEntity@MaritalStatus','en-US','Marital Status','UserEntity','EntityProperty'),
('UserEntity@MaritalStatus','zh-CN','婚姻情况','UserEntity','EntityProperty'),
('UserEntity@MobilePhone','en-GB','Mobile Phone','UserEntity','EntityProperty'),
('UserEntity@MobilePhone','en-US','Mobile Phone','UserEntity','EntityProperty'),
('UserEntity@MobilePhone','zh-CN','手机号码','UserEntity','EntityProperty'),
('UserEntity@Name','zh-CN','Name','UserEntity','EntityProperty'),
('UserEntity@NickName','en-GB','Nick Name','UserEntity','EntityProperty'),
('UserEntity@NickName','en-US','Nick Name','UserEntity','EntityProperty'),
('UserEntity@NickName','zh-CN','昵称','UserEntity','EntityProperty'),
('UserEntity@PassWord','zh-CN','PassWord','UserEntity','EntityProperty'),
('UserEntity@PassWordNew','en-GB','Pass Word New','UserEntity','EntityProperty'),
('UserEntity@PassWordNew','en-US','Pass Word New','UserEntity','EntityProperty'),
('UserEntity@PassWordNew','zh-CN','密码','UserEntity','EntityProperty'),
('UserEntity@PhotoUrl','en-GB','Photo Url','UserEntity','EntityProperty'),
('UserEntity@PhotoUrl','en-US','Photo Url','UserEntity','EntityProperty'),
('UserEntity@PhotoUrl','zh-CN','头像','UserEntity','EntityProperty'),
('UserEntity@Profession','en-GB','Profession','UserEntity','EntityProperty'),
('UserEntity@Profession','en-US','Profession','UserEntity','EntityProperty'),
('UserEntity@Profession','zh-CN','专业技能','UserEntity','EntityProperty'),
('UserEntity@QQ','en-GB','QQ',NULL,'EntityProperty'),
('UserEntity@QQ','en-US','QQ',NULL,'EntityProperty'),
('UserEntity@QQ','zh-CN','QQ',NULL,'EntityProperty'),
('UserEntity@ResetToken','zh-CN','ResetToken','UserEntity','EntityProperty'),
('UserEntity@ResetTokenDate','zh-CN','ResetTokenDate','UserEntity','EntityProperty'),
('UserEntity@Roles','en-GB','Roles','UserEntity','EntityProperty'),
('UserEntity@Roles','en-US','Roles','UserEntity','EntityProperty'),
('UserEntity@Roles','zh-CN','角色','UserEntity','EntityProperty'),
('UserEntity@School','en-GB','School','UserEntity','EntityProperty'),
('UserEntity@School','en-US','School','UserEntity','EntityProperty'),
('UserEntity@School','zh-CN','学校','UserEntity','EntityProperty'),
('UserEntity@Sex','en-GB','Sex','UserEntity','EntityProperty'),
('UserEntity@Sex','en-US','Sex','UserEntity','EntityProperty'),
('UserEntity@Sex','zh-CN','性别','UserEntity','EntityProperty'),
('UserEntity@Status','en-GB','Status','UserEntity','EntityProperty'),
('UserEntity@Status','en-US','Status','UserEntity','EntityProperty'),
('UserEntity@Status','zh-CN','状态','UserEntity','EntityProperty'),
('UserEntity@Telephone','en-GB','Telephone','UserEntity','EntityProperty'),
('UserEntity@Telephone','en-US','Telephone','UserEntity','EntityProperty'),
('UserEntity@Telephone','zh-CN','联系电话','UserEntity','EntityProperty'),
('UserEntity@Timestamp','en-GB','Timestamp','UserEntity','EntityProperty'),
('UserEntity@Timestamp','en-US','Timestamp','UserEntity','EntityProperty'),
('UserEntity@Timestamp','zh-CN','Timestamp','UserEntity','EntityProperty'),
('UserEntity@Title','zh-CN','标题','UserEntity','EntityProperty'),
('UserEntity@UserID','en-GB','User','UserEntity','EntityProperty'),
('UserEntity@UserID','en-US','User','UserEntity','EntityProperty'),
('UserEntity@UserID','zh-CN','登录名','UserEntity','EntityProperty'),
('UserEntity@UserName','en-GB','User Name','UserEntity','EntityProperty'),
('UserEntity@UserName','en-US','User Name','UserEntity','EntityProperty'),
('UserEntity@UserName','zh-CN','用户名','UserEntity','EntityProperty'),
('UserEntity@UserTypeCD','en-GB','User Type',NULL,'EntityProperty'),
('UserEntity@UserTypeCD','en-US','User Type',NULL,'EntityProperty'),
('UserEntity@UserTypeCD','zh-CN','用户类别',NULL,'EntityProperty'),
('UserEntity@ZipCode','en-GB','Zip Code','UserEntity','EntityProperty'),
('UserEntity@ZipCode','en-US','Zip Code','UserEntity','EntityProperty'),
('UserEntity@ZipCode','zh-CN','邮编','UserEntity','EntityProperty'),
('UserRoleRelation@ActionType','zh-CN','ActionType','UserRoleRelation','EntityProperty'),
('UserRoleRelation@CreateBy','zh-CN','CreateBy','UserRoleRelation','EntityProperty'),
('UserRoleRelation@CreatebyName','zh-CN','创建人','UserRoleRelation','EntityProperty'),
('UserRoleRelation@CreateDate','zh-CN','创建日期','UserRoleRelation','EntityProperty'),
('UserRoleRelation@Description','zh-CN','描述','UserRoleRelation','EntityProperty'),
('UserRoleRelation@ID','zh-CN','ID','UserRoleRelation','EntityProperty'),
('UserRoleRelation@LastUpdateBy','zh-CN','LastUpdateBy','UserRoleRelation','EntityProperty'),
('UserRoleRelation@LastUpdateByName','zh-CN','更新人','UserRoleRelation','EntityProperty'),
('UserRoleRelation@LastUpdateDate','zh-CN','更新日期','UserRoleRelation','EntityProperty'),
('UserRoleRelation@RoleID','en-GB','Role','UserRoleRelation','EntityProperty'),
('UserRoleRelation@RoleID','en-US','Role','UserRoleRelation','EntityProperty'),
('UserRoleRelation@RoleID','zh-CN','角色','UserRoleRelation','EntityProperty'),
('UserRoleRelation@Status','zh-CN','状态','UserRoleRelation','EntityProperty'),
('UserRoleRelation@Title','zh-CN','标题','UserRoleRelation','EntityProperty'),
('UserRoleRelation@UserID','zh-CN','登录名','UserRoleRelation','EntityProperty'),
('VideoWidget@ActionType','zh-CN','ActionType','VideoWidget','EntityProperty'),
('VideoWidget@AssemblyName','zh-CN','AssemblyName','VideoWidget','EntityProperty'),
('VideoWidget@Code','zh-CN','视频代码','VideoWidget','EntityProperty'),
('VideoWidget@CreateBy','zh-CN','CreateBy','VideoWidget','EntityProperty'),
('VideoWidget@CreatebyName','zh-CN','CreatebyName','VideoWidget','EntityProperty'),
('VideoWidget@CreateDate','zh-CN','CreateDate','VideoWidget','EntityProperty'),
('VideoWidget@CustomClass','zh-CN','CustomClass','VideoWidget','EntityProperty'),
('VideoWidget@CustomStyle','zh-CN','CustomStyle','VideoWidget','EntityProperty'),
('VideoWidget@Description','zh-CN','描述','VideoWidget','EntityProperty'),
('VideoWidget@ExtendFields','zh-CN','扩展属性','VideoWidget','EntityProperty'),
('VideoWidget@FormView','zh-CN','FormView','VideoWidget','EntityProperty'),
('VideoWidget@Height','zh-CN','高度(px)','VideoWidget','EntityProperty'),
('VideoWidget@ID','zh-CN','ID','VideoWidget','EntityProperty'),
('VideoWidget@IsSystem','zh-CN','IsSystem','VideoWidget','EntityProperty'),
('VideoWidget@IsTemplate','zh-CN','保存为模板','VideoWidget','EntityProperty'),
('VideoWidget@LastUpdateBy','zh-CN','LastUpdateBy','VideoWidget','EntityProperty'),
('VideoWidget@LastUpdateByName','zh-CN','LastUpdateByName','VideoWidget','EntityProperty'),
('VideoWidget@LastUpdateDate','zh-CN','LastUpdateDate','VideoWidget','EntityProperty'),
('VideoWidget@LayoutID','zh-CN','LayoutID','VideoWidget','EntityProperty'),
('VideoWidget@PageID','zh-CN','PageID','VideoWidget','EntityProperty'),
('VideoWidget@PartialView','zh-CN','显示模板','VideoWidget','EntityProperty'),
('VideoWidget@Position','zh-CN','排序','VideoWidget','EntityProperty'),
('VideoWidget@ServiceTypeName','zh-CN','ServiceTypeName','VideoWidget','EntityProperty'),
('VideoWidget@Status','zh-CN','状态','VideoWidget','EntityProperty'),
('VideoWidget@StyleClass','zh-CN','自定义样式','VideoWidget','EntityProperty'),
('VideoWidget@Thumbnail','zh-CN','模板缩略图','VideoWidget','EntityProperty'),
('VideoWidget@Title','zh-CN','标题','VideoWidget','EntityProperty'),
('VideoWidget@Url','zh-CN','视频地址(MP4)','VideoWidget','EntityProperty'),
('VideoWidget@ViewModelTypeName','zh-CN','ViewModelTypeName','VideoWidget','EntityProperty'),
('VideoWidget@WidgetName','zh-CN','组件名称','VideoWidget','EntityProperty'),
('VideoWidget@Width','zh-CN','宽度(px)','VideoWidget','EntityProperty'),
('VideoWidget@ZoneID','zh-CN','区域','VideoWidget','EntityProperty'),
('WidgetBase@ActionType','zh-CN','ActionType','WidgetBase','EntityProperty'),
('WidgetBase@AssemblyName','zh-CN','AssemblyName','WidgetBase','EntityProperty'),
('WidgetBase@CreateBy','zh-CN','CreateBy','WidgetBase','EntityProperty'),
('WidgetBase@CreatebyName','zh-CN','创建人','WidgetBase','EntityProperty'),
('WidgetBase@CreateDate','zh-CN','创建日期','WidgetBase','EntityProperty'),
('WidgetBase@CustomClass','zh-CN','CustomClass','WidgetBase','EntityProperty'),
('WidgetBase@CustomStyle','zh-CN','CustomStyle','WidgetBase','EntityProperty'),
('WidgetBase@Description','zh-CN','描述','WidgetBase','EntityProperty'),
('WidgetBase@ExtendFields','zh-CN','扩展属性','WidgetBase','EntityProperty'),
('WidgetBase@FormView','zh-CN','FormView','WidgetBase','EntityProperty'),
('WidgetBase@ID','zh-CN','ID','WidgetBase','EntityProperty'),
('WidgetBase@IsSystem','zh-CN','IsSystem','WidgetBase','EntityProperty'),
('WidgetBase@IsTemplate','zh-CN','保存为模板','WidgetBase','EntityProperty'),
('WidgetBase@LastUpdateBy','zh-CN','LastUpdateBy','WidgetBase','EntityProperty'),
('WidgetBase@LastUpdateByName','zh-CN','更新人','WidgetBase','EntityProperty'),
('WidgetBase@LastUpdateDate','zh-CN','更新日期','WidgetBase','EntityProperty'),
('WidgetBase@LayoutID','zh-CN','布局','WidgetBase','EntityProperty'),
('WidgetBase@PageID','zh-CN','页面','WidgetBase','EntityProperty'),
('WidgetBase@PartDriver','zh-CN','PartDriver','WidgetBase','EntityProperty'),
('WidgetBase@PartialView','zh-CN','显示模板','WidgetBase','EntityProperty'),
('WidgetBase@Position','zh-CN','排序','WidgetBase','EntityProperty'),
('WidgetBase@ServiceTypeName','zh-CN','ServiceTypeName','WidgetBase','EntityProperty'),
('WidgetBase@Status','zh-CN','状态','WidgetBase','EntityProperty'),
('WidgetBase@StyleClass','zh-CN','自定义样式','WidgetBase','EntityProperty'),
('WidgetBase@Thumbnail','zh-CN','模板缩略图','WidgetBase','EntityProperty'),
('WidgetBase@Title','zh-CN','标题','WidgetBase','EntityProperty'),
('WidgetBase@ViewModelTypeName','zh-CN','ViewModelTypeName','WidgetBase','EntityProperty'),
('WidgetBase@WidgetName','zh-CN','组件名称','WidgetBase','EntityProperty'),
('WidgetBase@ZoneID','zh-CN','区域','WidgetBase','EntityProperty'),
('WidgetTemplateEntity@ActionType','zh-CN','ActionType','WidgetTemplateEntity','EntityProperty'),
('WidgetTemplateEntity@AssemblyName','zh-CN','AssemblyName','WidgetTemplateEntity','EntityProperty'),
('WidgetTemplateEntity@CreateBy','zh-CN','CreateBy','WidgetTemplateEntity','EntityProperty'),
('WidgetTemplateEntity@CreatebyName','zh-CN','创建人','WidgetTemplateEntity','EntityProperty'),
('WidgetTemplateEntity@CreateDate','zh-CN','创建日期','WidgetTemplateEntity','EntityProperty'),
('WidgetTemplateEntity@Description','zh-CN','描述','WidgetTemplateEntity','EntityProperty'),
('WidgetTemplateEntity@FormView','zh-CN','FormView','WidgetTemplateEntity','EntityProperty'),
('WidgetTemplateEntity@GroupName','zh-CN','组名','WidgetTemplateEntity','EntityProperty'),
('WidgetTemplateEntity@ID','zh-CN','ID','WidgetTemplateEntity','EntityProperty'),
('WidgetTemplateEntity@LastUpdateBy','zh-CN','LastUpdateBy','WidgetTemplateEntity','EntityProperty'),
('WidgetTemplateEntity@LastUpdateByName','zh-CN','更新人','WidgetTemplateEntity','EntityProperty'),
('WidgetTemplateEntity@LastUpdateDate','zh-CN','更新日期','WidgetTemplateEntity','EntityProperty'),
('WidgetTemplateEntity@Order','zh-CN','排序','WidgetTemplateEntity','EntityProperty'),
('WidgetTemplateEntity@PartialView','zh-CN','显示模板','WidgetTemplateEntity','EntityProperty'),
('WidgetTemplateEntity@ServiceTypeName','zh-CN','ServiceTypeName','WidgetTemplateEntity','EntityProperty'),
('WidgetTemplateEntity@Status','zh-CN','状态','WidgetTemplateEntity','EntityProperty'),
('WidgetTemplateEntity@Thumbnail','zh-CN','Thumbnail','WidgetTemplateEntity','EntityProperty'),
('WidgetTemplateEntity@Title','zh-CN','标题','WidgetTemplateEntity','EntityProperty'),
('WidgetTemplateEntity@ViewModelTypeName','zh-CN','ViewModelTypeName','WidgetTemplateEntity','EntityProperty'),
('ZoneEntity@ActionType','zh-CN','ActionType','ZoneEntity','EntityProperty'),
('ZoneEntity@CreateBy','zh-CN','CreateBy','ZoneEntity','EntityProperty'),
('ZoneEntity@CreatebyName','zh-CN','创建人','ZoneEntity','EntityProperty'),
('ZoneEntity@CreateDate','zh-CN','创建日期','ZoneEntity','EntityProperty'),
('ZoneEntity@Description','zh-CN','描述','ZoneEntity','EntityProperty'),
('ZoneEntity@HeadingCode','zh-CN','HeadingCode','ZoneEntity','EntityProperty'),
('ZoneEntity@ID','zh-CN','ID','ZoneEntity','EntityProperty'),
('ZoneEntity@LastUpdateBy','zh-CN','LastUpdateBy','ZoneEntity','EntityProperty'),
('ZoneEntity@LastUpdateByName','zh-CN','更新人','ZoneEntity','EntityProperty'),
('ZoneEntity@LastUpdateDate','zh-CN','更新日期','ZoneEntity','EntityProperty'),
('ZoneEntity@LayoutId','zh-CN','布局','ZoneEntity','EntityProperty'),
('ZoneEntity@Status','zh-CN','状态','ZoneEntity','EntityProperty'),
('ZoneEntity@Title','zh-CN','标题','ZoneEntity','EntityProperty'),
('ZoneEntity@ZoneName','zh-CN','ZoneName','ZoneEntity','EntityProperty'),
('爱好','en-GB','Hobby',NULL,NULL),
('爱好','en-US','Hobby',NULL,NULL),
('安全退出','en-GB','Sign out',NULL,NULL),
('安全退出','en-US','Sign out',NULL,NULL),
('安装板块','en-GB','Upload Section',NULL,NULL),
('安装板块','en-US','Upload Section',NULL,NULL),
('安装主题','en-GB','Install',NULL,NULL),
('安装主题','en-US','Install',NULL,NULL),
('按回车保存','en-GB','Press Enter to save',NULL,NULL),
('按回车保存','en-US','Press Enter to save',NULL,NULL),
('百度地图','en-GB','Map',NULL,NULL),
('百度地图','en-US','Map',NULL,NULL),
('版本','en-GB','Version',NULL,NULL),
('版本','en-US','Version',NULL,NULL),
('包含','en-GB','Contains',NULL,NULL),
('包含','en-US','Contains',NULL,NULL),
('保存','en-GB','Save',NULL,NULL),
('保存','en-US','Save',NULL,NULL),
('保存修改','en-GB','Save',NULL,NULL),
('保存修改','en-US','Save',NULL,NULL),
('边框(显示空区域)','en-GB','Border(Empty Zone)',NULL,NULL),
('边框(显示空区域)','en-US','Border(Empty Zone)',NULL,NULL),
('编辑','en-GB','Edit',NULL,NULL),
('编辑','en-US','Edit',NULL,NULL),
('编辑：进入页面的设计模式，编辑内容','en-GB','Edit: Design page',NULL,NULL),
('编辑：进入页面的设计模式，编辑内容','en-US','Edit: Design page',NULL,NULL),
('编辑布局','en-GB','Layout',NULL,NULL),
('编辑布局','en-US','Layout',NULL,NULL),
('编辑内容','en-GB','Edit',NULL,NULL),
('编辑内容','en-US','Edit',NULL,NULL),
('编辑设置','en-GB','Edit',NULL,NULL),
('编辑设置','en-US','Edit',NULL,NULL),
('编辑页面','en-GB','Page',NULL,NULL),
('编辑页面','en-US','Page',NULL,NULL),
('标签','en-GB','Tag',NULL,NULL),
('标签','en-US','Tag',NULL,NULL),
('表单','en-GB','Form',NULL,NULL),
('表单','en-US','Form',NULL,NULL),
('表单数据','en-GB','Form Data',NULL,NULL),
('表单数据','en-US','Form Data',NULL,NULL),
('并且','en-GB','And',NULL,NULL),
('并且','en-US','And',NULL,NULL),
('不包含','en-GB','Not Contains',NULL,NULL),
('不包含','en-US','Not Contains',NULL,NULL),
('不等于','en-GB','Not Equals',NULL,NULL),
('不等于','en-US','Not Equals',NULL,NULL),
('不以...结尾','en-GB','Not Ends With',NULL,NULL),
('不以...结尾','en-US','Not Ends With',NULL,NULL),
('不以…开头','en-GB','Not Starts With',NULL,NULL),
('不以…开头','en-US','Not Starts With',NULL,NULL),
('不在...里','en-GB','Not In',NULL,NULL),
('不在...里','en-US','Not In',NULL,NULL),
('布局','en-GB','Layout',NULL,NULL),
('布局','en-US','Layout',NULL,NULL),
('布局：修改页面布局','en-GB','Layout: Edit page layout',NULL,NULL),
('布局：修改页面布局','en-US','Layout: Edit page layout',NULL,NULL),
('布局概览','en-GB','Overview',NULL,NULL),
('布局概览','en-US','Overview',NULL,NULL),
('布局列表','en-GB','Layout',NULL,NULL),
('布局列表','en-US','Layout',NULL,NULL),
('布局内容','en-GB','Content',NULL,NULL),
('布局内容','en-US','Content',NULL,NULL),
('布局设计','en-GB','Design',NULL,NULL),
('布局设计','en-US','Design',NULL,NULL),
('布局组件','en-GB','Layout Content',NULL,NULL),
('布局组件','en-US','Layout Content',NULL,NULL),
('操作','en-GB','Action',NULL,NULL),
('操作','en-US','Action',NULL,NULL),
('查看','en-GB','View',NULL,NULL),
('查看','en-US','View',NULL,NULL),
('查看：查看已发布版本','en-GB','View: View the published page',NULL,NULL),
('查看：查看已发布版本','en-US','View: View the published page',NULL,NULL),
('查看布局','en-GB','View Layouts',NULL,NULL),
('查看布局','en-US','View Layouts',NULL,NULL),
('查看导航','en-GB','View Navigation',NULL,NULL),
('查看导航','en-US','View Navigation',NULL,NULL),
('查看页面','en-GB','View Pages',NULL,NULL),
('查看页面','en-US','View Pages',NULL,NULL),
('查看站点','en-GB','View Site',NULL,NULL),
('查看站点','en-US','View Site',NULL,NULL),
('产品','en-GB','Product',NULL,NULL),
('产品','en-US','Product',NULL,NULL),
('产品标签','en-GB','Product Tag',NULL,NULL),
('产品标签','en-US','Product Tag',NULL,NULL),
('产品关键字','en-GB','Product keywords',NULL,NULL),
('产品关键字','en-US','Product keywords',NULL,NULL),
('产品管理','en-GB','Product',NULL,NULL),
('产品管理','en-US','Product',NULL,NULL),
('产品类别','en-GB','Product Category',NULL,NULL),
('产品类别','en-US','Product Category',NULL,NULL),
('产品列表','en-GB','Product List',NULL,NULL),
('产品列表','en-US','Product List',NULL,NULL),
('产品内容','en-GB','Product Content',NULL,NULL),
('产品内容','en-US','Product Content',NULL,NULL),
('产品排序','en-GB','Sort',NULL,NULL),
('产品排序','en-US','Sort',NULL,NULL),
('产品展示','en-GB','Product',NULL,NULL),
('产品展示','en-US','Product',NULL,NULL),
('成品模板','en-GB','Templates',NULL,NULL),
('成品模板','en-US','Templates',NULL,NULL),
('创建布局','en-GB','New Layout',NULL,NULL),
('创建布局','en-US','New Layout',NULL,NULL),
('创建文件夹','en-GB','New Folder',NULL,NULL),
('创建文件夹','en-US','New Folder',NULL,NULL),
('创建页面','en-GB','New Page',NULL,NULL),
('创建页面','en-US','New Page',NULL,NULL),
('错误日志','en-GB','Log',NULL,NULL),
('错误日志','en-US','Log',NULL,NULL),
('大于','en-GB','Greater Than',NULL,NULL),
('大于','en-US','Greater Than',NULL,NULL),
('大于等于','en-GB','Greater Than Or Equals',NULL,NULL),
('大于等于','en-US','Greater Than Or Equals',NULL,NULL),
('单域名模式','en-GB','Single domain',NULL,NULL),
('单域名模式','en-US','Single domain',NULL,NULL),
('当前日期','en-GB','Today',NULL,NULL),
('当前日期','en-US','Today',NULL,NULL),
('导航','en-GB','Navigation',NULL,NULL),
('导航','en-US','Navigation',NULL,NULL),
('导航管理','en-GB','Navigation',NULL,NULL),
('导航管理','en-US','Navigation',NULL,NULL),
('登录','en-GB','Sign In',NULL,NULL),
('登录','en-US','Sign In',NULL,NULL),
('登录邮箱不能为空','en-GB','Please input your email address',NULL,NULL),
('登录邮箱不能为空','en-US','Please input your email address',NULL,NULL),
('等于','en-GB','Equals',NULL,NULL),
('等于','en-US','Equals',NULL,NULL),
('地图','en-GB','Map',NULL,NULL),
('地图','en-US','Map',NULL,NULL),
('第三方登录','en-GB','OAuth',NULL,NULL),
('第三方登录','en-US','OAuth',NULL,NULL),
('点击单选框进行主题切换','en-GB','Click the radio button to switch the theme',NULL,NULL),
('点击单选框进行主题切换','en-US','Click the radio button to switch the theme',NULL,NULL),
('点击主题“缩略图”可进行进行预览，在预览页面右上角点击“退出主题预览”可回到该页面','en-GB','Click on the "Thumbnails" to preview. Click on "Exit Theme Preview" in the preview page to return to the page.',NULL,NULL),
('点击主题“缩略图”可进行进行预览，在预览页面右上角点击“退出主题预览”可回到该页面','en-US','Click on the "Thumbnails" to preview. Click on "Exit Theme Preview" in the preview page to return to the page.',NULL,NULL),
('电话','en-GB','Phone',NULL,NULL),
('电话','en-US','Phone',NULL,NULL),
('电子商务','en-GB','E-commerce',NULL,NULL),
('电子商务','en-US','E-commerce',NULL,NULL),
('订单','en-GB','Order',NULL,NULL),
('订单','en-US','Order',NULL,NULL),
('定义条件','en-GB','Rule',NULL,NULL),
('定义条件','en-US','Rule',NULL,NULL),
('动态','en-GB','Dynamic',NULL,NULL),
('动态','en-US','Dynamic',NULL,NULL),
('独立域名模式','en-GB','Standalone domain',NULL,NULL),
('独立域名模式','en-US','Standalone domain',NULL,NULL),
('段落','en-GB','Paragraph',NULL,NULL),
('段落','en-US','Paragraph',NULL,NULL),
('多语言','en-GB','Multi-language',NULL,NULL),
('多语言','en-US','Multi-language',NULL,NULL),
('多语言设置','en-GB','Multi-language Config',NULL,NULL),
('多语言设置','en-US','Multi-language Config',NULL,NULL),
('发布','en-GB','Publish',NULL,NULL),
('发布','en-US','Publish',NULL,NULL),
('发布：将页面发布到前端可查看','en-GB','Publish: Publish page',NULL,NULL),
('发布：将页面发布到前端可查看','en-US','Publish: Publish page',NULL,NULL),
('发布人','en-GB','Publish By',NULL,NULL),
('发布人','en-US','Publish By',NULL,NULL),
('发布日期','en-GB','Publish Date',NULL,NULL),
('发布日期','en-US','Publish Date',NULL,NULL),
('翻译','en-GB','Translate',NULL,NULL),
('翻译','en-US','Translate',NULL,NULL),
('翻译键','en-GB','Key',NULL,NULL),
('翻译键','en-US','Key',NULL,NULL),
('翻译内容','en-GB','Translate',NULL,NULL),
('翻译内容','en-US','Translate',NULL,NULL),
('分隔符','en-GB','Separator',NULL,NULL),
('分隔符','en-US','Separator',NULL,NULL),
('复制','en-GB','Copy',NULL,NULL),
('复制','en-US','Copy',NULL,NULL),
('概览','en-GB','Overview',NULL,NULL),
('概览','en-US','Overview',NULL,NULL),
('个人中心','en-GB','Account',NULL,NULL),
('个人中心','en-US','Account',NULL,NULL),
('工具栏','en-GB','Toolbar',NULL,NULL),
('工具栏','en-US','Toolbar',NULL,NULL),
('关闭','en-GB','Close',NULL,NULL),
('关闭','en-US','Close',NULL,NULL),
('欢迎','en-GB','Welcome',NULL,NULL),
('欢迎','en-US','Welcome',NULL,NULL),
('欢迎使用ZKEACMS','en-GB','Welcome to use ZKEACMS',NULL,NULL),
('欢迎使用ZKEACMS','en-US','Welcome to use ZKEACMS',NULL,NULL),
('或者','en-GB','Or',NULL,NULL),
('或者','en-US','Or',NULL,NULL),
('基本信息','en-GB','Information',NULL,NULL),
('基本信息','en-US','Information',NULL,NULL),
('基础','en-GB','Basis',NULL,NULL),
('基础','en-US','Basis',NULL,NULL),
('间距','en-GB','Gap',NULL,NULL),
('间距','en-US','Gap',NULL,NULL),
('减小外边距','en-GB','Full',NULL,NULL),
('减小外边距','en-US','Full',NULL,NULL),
('简介','en-GB','Biography',NULL,NULL),
('简介','en-US','Biography',NULL,NULL),
('焦点图','en-GB','Carousel',NULL,NULL),
('焦点图','en-US','Carousel',NULL,NULL),
('角色','en-GB','Role',NULL,NULL),
('角色','en-US','Role',NULL,NULL),
('脚本','en-GB','JavaScript',NULL,NULL),
('脚本','en-US','JavaScript',NULL,NULL),
('旧密码','en-GB','Old Password',NULL,NULL),
('旧密码','en-US','Old Password',NULL,NULL),
('居中','en-GB','Center',NULL,NULL),
('居中','en-US','Center',NULL,NULL),
('巨幕','en-GB','Jumbotron',NULL,NULL),
('巨幕','en-US','Jumbotron',NULL,NULL),
('扩展插件','en-GB','Plugins',NULL,NULL),
('扩展插件','en-US','Plugins',NULL,NULL),
('历史版本','en-GB','Versions',NULL,NULL),
('历史版本','en-US','Versions',NULL,NULL),
('历史事件','en-GB','History',NULL,NULL),
('历史事件','en-US','History',NULL,NULL),
('立即登录','en-GB','Sign in',NULL,NULL),
('立即登录','en-US','Sign in',NULL,NULL),
('立即注册','en-GB','Sign up',NULL,NULL),
('立即注册','en-US','Sign up',NULL,NULL),
('列宽','en-GB','Column',NULL,NULL),
('列宽','en-US','Column',NULL,NULL),
('留言','en-GB','Message',NULL,NULL),
('留言','en-US','Message',NULL,NULL),
('留言板','en-GB','Message Board',NULL,NULL),
('留言板','en-US','Message Board',NULL,NULL),
('留言内容','en-GB','Message List',NULL,NULL),
('留言内容','en-US','Message List',NULL,NULL),
('留言评论','en-GB','Message Board',NULL,NULL),
('留言评论','en-US','Message Board',NULL,NULL),
('路径导航','en-GB','Breadcrumbs',NULL,NULL),
('路径导航','en-US','Breadcrumbs',NULL,NULL),
('媒体库','en-GB','Media',NULL,NULL),
('媒体库','en-US','Media',NULL,NULL),
('密码','en-GB','Password',NULL,NULL),
('密码','en-US','Password',NULL,NULL),
('密码不能为空','en-GB','Please input your password',NULL,NULL),
('密码不能为空','en-US','Please input your password',NULL,NULL),
('密码不一致','en-GB','Passwords are inconsistent',NULL,NULL),
('密码不一致','en-US','Passwords are inconsistent',NULL,NULL),
('密码的长度应小于20','en-GB','The length of the password should be less than 20',NULL,NULL),
('密码的长度应小于20','en-US','The length of the password should be less than 20',NULL,NULL),
('描述','en-GB','Description',NULL,NULL),
('描述','en-US','Description',NULL,NULL),
('模板代码','en-GB','Code',NULL,NULL),
('模板代码','en-US','Code',NULL,NULL),
('内容','en-GB','Content',NULL,NULL),
('内容','en-US','Content',NULL,NULL),
('内容来源','en-GB','Data Source',NULL,NULL),
('内容来源','en-US','Data Source',NULL,NULL),
('内容类型','en-GB','Content Category',NULL,NULL),
('内容类型','en-US','Content Category',NULL,NULL),
('男','en-GB','Male',NULL,NULL),
('男','en-US','Male',NULL,NULL),
('您的账号已经创建成功','en-GB','Your account has been created successfully',NULL,NULL),
('您的账号已经创建成功','en-US','Your account has been created successfully',NULL,NULL),
('女','en-GB','Female',NULL,NULL),
('女','en-US','Female',NULL,NULL),
('配置通知邮箱','en-GB','Notification',NULL,NULL),
('配置通知邮箱','en-US','Notification',NULL,NULL),
('平行视差','en-GB','Parallax',NULL,NULL),
('平行视差','en-US','Parallax',NULL,NULL),
('评论','en-GB','Comment',NULL,NULL),
('评论','en-US','Comment',NULL,NULL),
('评论箱','en-GB','Comment Box',NULL,NULL),
('评论箱','en-US','Comment Box',NULL,NULL),
('其它','en-GB','Other',NULL,NULL),
('其它','en-US','Other',NULL,NULL),
('其它设置','en-GB','Other',NULL,NULL),
('其它设置','en-US','Other',NULL,NULL),
('企业版','en-GB','Enterprise',NULL,NULL),
('企业版','en-US','Enterprise',NULL,NULL),
('企业版','zh-CN','企业版',NULL,NULL),
('企业版','zh-TW','企業版',NULL,NULL),
('请确认密码','en-GB','Please confirm your password',NULL,NULL),
('请确认密码','en-US','Please confirm your password',NULL,NULL),
('请输入{0}','en-GB','{0} is required',NULL,NULL),
('请输入{0}','en-US','{0} is required',NULL,NULL),
('请输入您的用户信息以登录','en-GB','Please enter your user information to log in',NULL,NULL),
('请输入您的用户信息以登录','en-US','Please enter your user information to log in',NULL,NULL),
('请输入您的用户信息以登录系统','en-GB','Please enter your user information to log in to the system',NULL,NULL),
('请输入您的用户信息以登录系统','en-US','Please enter your user information to log in to the system',NULL,NULL),
('请输入您的用户信息以注册','en-GB','Please enter your user information to register',NULL,NULL),
('请输入您的用户信息以注册','en-US','Please enter your user information to register',NULL,NULL),
('取消','en-GB','Cancel',NULL,NULL),
('取消','en-US','Cancel',NULL,NULL),
('全部','en-GB','All',NULL,NULL),
('全部','en-US','All',NULL,NULL),
('全局内容','en-GB','Layer',NULL,NULL),
('全局内容','en-US','Layer',NULL,NULL),
('确定删除?','en-GB','Delete?',NULL,NULL),
('确定删除?','en-US','Delete?',NULL,NULL),
('确认密码','en-GB','Confirm Password',NULL,NULL),
('确认密码','en-US','Confirm Password',NULL,NULL),
('容器','en-GB','Container',NULL,NULL),
('容器','en-US','Container',NULL,NULL),
('若主题有更新，重复安装即可更新','en-GB','Reinstall to update the theme',NULL,NULL),
('若主题有更新，重复安装即可更新','en-US','Reinstall to update the theme',NULL,NULL),
('删除','en-GB','Delete',NULL,NULL),
('删除','en-US','Delete',NULL,NULL),
('商业授权','en-GB','Commercial',NULL,NULL),
('商业授权','en-US','Commercial',NULL,NULL),
('上传文件','en-GB','Upload',NULL,NULL),
('上传文件','en-US','Upload',NULL,NULL),
('设计','en-GB','Design',NULL,NULL),
('设计','en-US','Design',NULL,NULL),
('使用QQ登录','en-GB','Sign in with QQ',NULL,NULL),
('使用QQ登录','en-US','Sign in with QQ',NULL,NULL),
('使用帮助','en-GB','Help',NULL,NULL),
('使用帮助','en-US','Help',NULL,NULL),
('使用微博登录','en-GB','Sign in with weibo',NULL,NULL),
('使用微博登录','en-US','Sign in with weibo',NULL,NULL),
('视频','en-GB','Video',NULL,NULL),
('视频','en-US','Video',NULL,NULL),
('收货地址','en-GB','Address',NULL,NULL),
('收货地址','en-US','Address',NULL,NULL),
('手机','en-GB','Cell phone',NULL,NULL),
('手机','en-US','Cell phone',NULL,NULL),
('首页','en-GB','Home',NULL,NULL),
('首页','en-US','Home',NULL,NULL),
('输入的邮件格式不正确','en-GB','The email you entered is not formatted correctly',NULL,NULL),
('输入的邮件格式不正确','en-US','The email you entered is not formatted correctly',NULL,NULL),
('输入的邮箱格式不正确','en-GB','The email you entered is not formatted correctly',NULL,NULL),
('输入的邮箱格式不正确','en-US','The email you entered is not formatted correctly',NULL,NULL),
('输入密码','en-GB','Enter your password',NULL,NULL),
('输入密码','en-US','Enter your password',NULL,NULL),
('输入您常使用的邮箱地址','en-GB','Your email address',NULL,NULL),
('输入您常使用的邮箱地址','en-US','Your email address',NULL,NULL),
('输入您的密码','en-GB','Enter your password',NULL,NULL),
('输入您的密码','en-US','Enter your password',NULL,NULL),
('输入您注册时使用的邮箱地址','en-GB','Enter your email address',NULL,NULL),
('输入您注册时使用的邮箱地址','en-US','Enter your email address',NULL,NULL),
('输入姓名','en-GB','Please enter your name',NULL,NULL),
('输入姓名','en-US','Please enter your name',NULL,NULL),
('说明','en-GB','Explanation',NULL,NULL),
('说明','en-US','Explanation',NULL,NULL),
('说明文档','en-GB','Document',NULL,NULL),
('说明文档','en-US','Document',NULL,NULL),
('添加','en-GB','Add',NULL,NULL),
('添加','en-US','Add',NULL,NULL),
('添加：添加子页面','en-GB','New: Add sub page',NULL,NULL),
('添加：添加子页面','en-US','New: Add sub page',NULL,NULL),
('添加布局','en-GB','New',NULL,NULL),
('添加布局','en-US','New',NULL,NULL),
('添加产品标签','en-GB','New',NULL,NULL),
('添加产品标签','en-US','New',NULL,NULL),
('添加导航','en-GB','New',NULL,NULL),
('添加导航','en-US','New',NULL,NULL),
('添加类别','en-GB','New',NULL,NULL),
('添加类别','en-US','New',NULL,NULL),
('添加内容','en-GB','Add Content',NULL,NULL),
('添加内容','en-US','Add Content',NULL,NULL),
('添加内容板块','en-GB','Add Content',NULL,NULL),
('添加内容板块','en-US','Add Content',NULL,NULL),
('添加页面','en-GB','New Page',NULL,NULL),
('添加页面','en-US','New Page',NULL,NULL),
('添加页面：添加顶级页面，即域名下的一级子页面。~/xxxxx','en-GB','New Page: Add a root level page',NULL,NULL),
('添加页面：添加顶级页面，即域名下的一级子页面。~/xxxxx','en-US','New Page: Add a root level page',NULL,NULL),
('头像','en-GB','Avatar',NULL,NULL),
('头像','en-US','Avatar',NULL,NULL),
('图例二','en-GB','Image Caption',NULL,NULL),
('图例二','en-US','Image Caption',NULL,NULL),
('图例二（圆）','en-GB','Image Caption',NULL,NULL),
('图例二（圆）','en-US','Image Caption',NULL,NULL),
('图例三','en-GB','Image Caption',NULL,NULL),
('图例三','en-US','Image Caption',NULL,NULL),
('图例三（圆）','en-GB','Image Caption',NULL,NULL),
('图例三（圆）','en-US','Image Caption',NULL,NULL),
('图片','en-GB','Image',NULL,NULL),
('图片','en-US','Image',NULL,NULL),
('图片边框','en-GB','Image Border',NULL,NULL),
('图片边框','en-US','Image Border',NULL,NULL),
('图片文字','en-GB','Image Text',NULL,NULL),
('图片文字','en-US','Image Text',NULL,NULL),
('图片右','en-GB','Image Right',NULL,NULL),
('图片右','en-US','Image Right',NULL,NULL),
('图片右（圆）','en-GB','Image Right',NULL,NULL),
('图片右（圆）','en-US','Image Right',NULL,NULL),
('图片圆角','en-GB','Image Radius',NULL,NULL),
('图片圆角','en-US','Image Radius',NULL,NULL),
('图片左','en-GB','Image Left',NULL,NULL),
('图片左','en-US','Image Left',NULL,NULL),
('图片左（平分）','en-GB','Image Left',NULL,NULL),
('图片左（平分）','en-US','Image Left',NULL,NULL),
('图片左（圆）','en-GB','Image Left',NULL,NULL),
('图片左（圆）','en-US','Image Left',NULL,NULL),
('退出','en-GB','Sign Out',NULL,NULL),
('退出','en-US','Sign Out',NULL,NULL),
('退出登录','en-GB','Sign Out',NULL,NULL),
('退出登录','en-US','Sign Out',NULL,NULL),
('拖动','en-GB','Drag',NULL,NULL),
('拖动','en-US','Drag',NULL,NULL),
('外边框','en-GB','Border',NULL,NULL),
('外边框','en-US','Border',NULL,NULL),
('忘记密码？','en-GB','Forgot your password?',NULL,NULL),
('忘记密码？','en-US','Forgot your password?',NULL,NULL),
('微博','en-GB','WeiBo',NULL,NULL),
('微博','en-US','WeiBo',NULL,NULL),
('微信','en-GB','WeChat',NULL,NULL),
('微信','en-US','WeChat',NULL,NULL),
('未婚','en-GB','Unmarried',NULL,NULL),
('未婚','en-US','Unmarried',NULL,NULL),
('文档','en-GB','Document',NULL,NULL),
('文档','en-US','Document',NULL,NULL),
('文章概览','en-GB','Article Summary',NULL,NULL),
('文章概览','en-US','Article Summary',NULL,NULL),
('文章关键字','en-GB','Article keywords',NULL,NULL),
('文章关键字','en-US','Article keywords',NULL,NULL),
('文章管理','en-GB','Article',NULL,NULL),
('文章管理','en-US','Article',NULL,NULL),
('文章类别','en-GB','Article Category',NULL,NULL),
('文章类别','en-US','Article Category',NULL,NULL),
('文章列表','en-GB','Article List',NULL,NULL),
('文章列表','en-US','Article List',NULL,NULL),
('文章内容','en-GB','Article Content',NULL,NULL),
('文章内容','en-US','Article Content',NULL,NULL),
('文字标题','en-GB','Title',NULL,NULL),
('文字标题','en-US','Title',NULL,NULL),
('文字二列','en-GB','Tow Column Text',NULL,NULL),
('文字二列','en-US','Tow Column Text',NULL,NULL),
('文字三列','en-GB','Three Column Text',NULL,NULL),
('文字三列','en-US','Three Column Text',NULL,NULL),
('我的订单','en-GB','Orders',NULL,NULL),
('我的订单','en-US','Orders',NULL,NULL),
('我们准备了几个链接供您开始：','en-GB','We have prepared a few links for you to get started:',NULL,NULL),
('我们准备了几个链接供您开始：','en-US','We have prepared a few links for you to get started:',NULL,NULL),
('无效','en-GB','Inactive',NULL,NULL),
('无效','en-US','Inactive',NULL,NULL),
('系统','en-GB','System',NULL,NULL),
('系统','en-US','System',NULL,NULL),
('下载板块','en-GB','Sections',NULL,NULL),
('下载板块','en-US','Sections',NULL,NULL),
('下载更多主题','en-GB','Download',NULL,NULL),
('下载更多主题','en-US','Download',NULL,NULL),
('下载主题','en-GB','Themes',NULL,NULL),
('下载主题','en-US','Themes',NULL,NULL),
('显示模板','en-GB','Display Template',NULL,NULL),
('显示模板','en-US','Display Template',NULL,NULL),
('显示内容','en-GB','Contents',NULL,NULL),
('显示内容','en-US','Contents',NULL,NULL),
('小于','en-GB','Less Than',NULL,NULL),
('小于','en-US','Less Than',NULL,NULL),
('小于等于','en-GB','Less Than Or Equals',NULL,NULL),
('小于等于','en-US','Less Than Or Equals',NULL,NULL),
('新建','en-GB','New',NULL,NULL),
('新建','en-US','New',NULL,NULL),
('新建标签','en-GB','New tag',NULL,NULL),
('新建标签','en-US','New tag',NULL,NULL),
('新密码','en-GB','New Password',NULL,NULL),
('新密码','en-US','New Password',NULL,NULL),
('新闻资讯','en-GB','News',NULL,NULL),
('新闻资讯','en-US','News',NULL,NULL),
('行','en-GB','Row',NULL,NULL),
('行','en-US','Row',NULL,NULL),
('姓名','en-GB','Username',NULL,NULL),
('姓名','en-US','Username',NULL,NULL),
('姓名不能为空','en-GB','Username is required',NULL,NULL),
('姓名不能为空','en-US','Username is required',NULL,NULL),
('姓名的长度应小于50','en-GB','The length of the name should be less than 50',NULL,NULL),
('姓名的长度应小于50','en-US','The length of the name should be less than 50',NULL,NULL),
('性别','en-GB','Gender',NULL,NULL),
('性别','en-US','Gender',NULL,NULL),
('修改基本信息','en-GB','Modify Account',NULL,NULL),
('修改基本信息','en-US','Modify Account',NULL,NULL),
('修改密码','en-GB','Change Password',NULL,NULL),
('修改密码','en-US','Change Password',NULL,NULL),
('许可协议','en-GB','License',NULL,NULL),
('许可协议','en-US','License',NULL,NULL),
('选择类别，进行手动排序','en-GB','Click category to sort the products',NULL,NULL),
('选择类别，进行手动排序','en-US','Click category to sort the products',NULL,NULL),
('选中产品类别，创建标签','en-GB','Click product category then add tag',NULL,NULL),
('选中产品类别，创建标签','en-US','Click product category then add tag',NULL,NULL),
('演示视频','en-GB','Videos',NULL,NULL),
('演示视频','en-US','Videos',NULL,NULL),
('样式','en-GB','Style',NULL,NULL),
('样式','en-US','Style',NULL,NULL),
('页面','en-GB','Page',NULL,NULL),
('页面','en-US','Page',NULL,NULL),
('页面必须要发布才可以通过网址访问。对页面进行修改不会影响到已发布版本，直到下一次发布。','en-GB','The page must be published before it can be accessed via the URL. Modifying the page does not affect the released version until the next release.',NULL,NULL),
('页面必须要发布才可以通过网址访问。对页面进行修改不会影响到已发布版本，直到下一次发布。','en-US','The page must be published before it can be accessed via the URL. Modifying the page does not affect the released version until the next release.',NULL,NULL),
('页面关键字','en-GB','Page keywords',NULL,NULL),
('页面关键字','en-US','Page keywords',NULL,NULL),
('页面管理','en-GB','Page',NULL,NULL),
('页面管理','en-US','Page',NULL,NULL),
('页面检测','en-GB','Test Page',NULL,NULL),
('页面检测','en-US','Test Page',NULL,NULL),
('页面设计','en-GB','Design',NULL,NULL),
('页面设计','en-US','Design',NULL,NULL),
('页面展现的内容','en-GB','Display in page',NULL,NULL),
('页面展现的内容','en-US','Display in page',NULL,NULL),
('页头','en-GB','Header',NULL,NULL),
('页头','en-US','Header',NULL,NULL),
('仪表盘','en-GB','Dashboard',NULL,NULL),
('仪表盘','en-US','Dashboard',NULL,NULL),
('已婚','en-GB','Married',NULL,NULL),
('已婚','en-US','Married',NULL,NULL),
('已有账号？','en-GB','Have account?',NULL,NULL),
('已有账号？','en-US','Have account?',NULL,NULL),
('以...结尾','en-GB','Ends With',NULL,NULL),
('以...结尾','en-US','Ends With',NULL,NULL),
('以…开头','en-GB','Starts With',NULL,NULL),
('以…开头','en-US','Starts With',NULL,NULL),
('阴影','en-GB','Shadow',NULL,NULL),
('阴影','en-US','Shadow',NULL,NULL),
('用户','en-GB','User',NULL,NULL),
('用户','en-US','User',NULL,NULL),
('用户名','en-GB','User Name',NULL,NULL),
('用户名','en-US','User Name',NULL,NULL),
('邮件设置','en-GB','SMTP',NULL,NULL),
('邮件设置','en-US','SMTP',NULL,NULL),
('邮箱','en-GB','Email',NULL,NULL),
('邮箱','en-US','Email',NULL,NULL),
('邮箱的长度应小于200','en-GB','The length of the email should be less than 200',NULL,NULL),
('邮箱的长度应小于200','en-US','The length of the email should be less than 200',NULL,NULL),
('邮政编码','en-GB','Zip Code',NULL,NULL),
('邮政编码','en-US','Zip Code',NULL,NULL),
('有效','en-GB','Active',NULL,NULL),
('有效','en-US','Active',NULL,NULL),
('右对齐','en-GB','Align Right',NULL,NULL),
('右对齐','en-US','Align Right',NULL,NULL),
('右键菜单','en-GB','Menu',NULL,NULL),
('右键菜单','en-US','Menu',NULL,NULL),
('预览','en-GB','Preview',NULL,NULL),
('预览','en-US','Preview',NULL,NULL),
('预览：查看最新修改版本','en-GB','Preview: Preview the page',NULL,NULL),
('预览：查看最新修改版本','en-US','Preview: Preview the page',NULL,NULL),
('预览编辑版本','en-GB','Preview',NULL,NULL),
('预览编辑版本','en-US','Preview',NULL,NULL),
('预览发布版本','en-GB','View',NULL,NULL),
('预览发布版本','en-US','View',NULL,NULL),
('在...里','en-GB','In',NULL,NULL),
('在...里','en-US','In',NULL,NULL),
('赞助','en-GB','Donate',NULL,NULL),
('赞助','en-US','Donate',NULL,NULL),
('增加边距','en-GB','Padding',NULL,NULL),
('增加边距','en-US','Padding',NULL,NULL),
('粘贴','en-GB','Paste',NULL,NULL),
('粘贴','en-US','Paste',NULL,NULL),
('支付宝集成设置','en-GB','Alipay',NULL,NULL),
('支付宝集成设置','en-US','Alipay',NULL,NULL),
('置顶文章','en-GB','Top Article',NULL,NULL),
('置顶文章','en-US','Top Article',NULL,NULL),
('主题','en-GB','Theme',NULL,NULL),
('主题','en-US','Theme',NULL,NULL),
('主题管理','en-GB','Theme',NULL,NULL),
('主题管理','en-US','Theme',NULL,NULL),
('属性','en-GB','Property',NULL,NULL),
('属性','en-US','Property',NULL,NULL),
('属性/历史记录','en-GB','Property/History',NULL,NULL),
('属性/历史记录','en-US','Property/History',NULL,NULL),
('属性：编辑选中页面的属性，像标题，SEO关键字等','en-GB','Property: Page property, history etc.',NULL,NULL),
('属性：编辑选中页面的属性，像标题，SEO关键字等','en-US','Property: Page property, history etc.',NULL,NULL),
('属性名','en-GB','Name',NULL,NULL),
('属性名','en-US','Name',NULL,NULL),
('注：','en-GB','Notice:',NULL,NULL),
('注：','en-US','Notice:',NULL,NULL),
('注册结果','en-GB','Thank you!',NULL,NULL),
('注册结果','en-US','Thank you!',NULL,NULL),
('转为伪静态路径','en-GB','Append ''.html''',NULL,NULL),
('转为伪静态路径','en-US','Append ''.html''',NULL,NULL),
('字段','en-GB','Property',NULL,NULL),
('字段','en-US','Property',NULL,NULL),
('字段名','en-GB','Display Name',NULL,NULL),
('字段名','en-US','Display Name',NULL,NULL),
('自定义','en-GB','Custom Section',NULL,NULL),
('自定义','en-US','Custom Section',NULL,NULL),
('自定义表单','en-GB','Form Generator',NULL,NULL),
('自定义表单','en-US','Form Generator',NULL,NULL),
('自定义内容','en-GB','Fluid Content',NULL,NULL),
('自定义内容','en-US','Fluid Content',NULL,NULL),
('自定义内容','zh-CN','自定义内容',NULL,NULL),
('自定义内容列表','en-GB','Fluid Content List',NULL,NULL),
('自定义内容列表','en-US','Fluid Content List',NULL,NULL),
('自定义样式','en-GB','Style',NULL,NULL),
('自定义样式','en-US','Style',NULL,NULL),
('自适应','en-GB','Fluid',NULL,NULL),
('自适应','en-US','Fluid',NULL,NULL),
('组件设置','en-GB','Setting',NULL,NULL),
('组件设置','en-US','Setting',NULL,NULL),
('左对齐','en-GB','Align Left',NULL,NULL),
('左对齐','en-US','Align Left',NULL,NULL);
/*!40000 ALTER TABLE `Language` ENABLE KEYS */;

DROP TABLE IF EXISTS `Navigation`;
CREATE TABLE `Navigation` (
	`ID` VARCHAR(100) CHARACTER SET utf8mb4  NOT NULL,
	`ParentId` VARCHAR(100) CHARACTER SET utf8mb4  NULL,
	`Url` VARCHAR(255) CHARACTER SET utf8mb4  NULL,
	`Title` VARCHAR(200) CHARACTER SET utf8mb4  NULL,
	`IsMobile` TINYINT(1)  NULL,
	`Html` LONGTEXT CHARACTER SET utf8mb4  NULL,
	`Description` VARCHAR(500) CHARACTER SET utf8mb4  NULL,
	`Status` INT  NULL,
	`DisplayOrder` INT  NULL,
	`CreateBy` VARCHAR(50) CHARACTER SET utf8mb4  NULL,
	`CreatebyName` VARCHAR(100) CHARACTER SET utf8mb4  NULL,
	`CreateDate` DATETIME  NULL,
	`LastUpdateBy` VARCHAR(50) CHARACTER SET utf8mb4  NULL,
	`LastUpdateByName` VARCHAR(100) CHARACTER SET utf8mb4  NULL,
	`LastUpdateDate` DATETIME  NULL,
	PRIMARY KEY (`ID`)
);

/*!40000 ALTER TABLE `Navigation` DISABLE KEYS */;
INSERT INTO `Navigation` VALUES
('1061019b1bcd4bf3aeb3df647c74c309','#','~/product','产品',1,NULL,NULL,1,3,'admin','ZKEASOFT','2016-03-10 23:33:03.653','admin','ZKEASOFT','2017-10-15 18:05:28.830'),
('6beb1a2a54b947179ec20dd331e375a2','#','~/index','首页',0,NULL,NULL,1,1,'admin',NULL,'2015-09-01 09:55:20.483','admin','ZKEASOFT','2017-10-15 18:05:28.820'),
('7b5bb24dea6d47618ed027190b4e5d94','#','~/contact','联系我们',0,NULL,NULL,1,5,'admin','ZKEASOFT','2017-03-19 21:06:21.360','admin','ZKEASOFT','2017-10-15 18:05:28.833'),
('d122a50356bf46c8a8c8349612145e24','#','~/questionnaire','问卷调查',0,NULL,NULL,1,4,'admin','ZKEASOFT','2017-10-15 18:05:25.947','admin','ZKEASOFT','2017-10-15 18:05:28.837'),
('e4658e8af8434a05b773b666c6c67cd5','#','~/article','新闻',1,NULL,NULL,1,2,'admin','ZKEASOFT','2016-03-10 23:32:53.000','admin','ZKEASOFT','2017-10-15 18:05:28.827');
/*!40000 ALTER TABLE `Navigation` ENABLE KEYS */;

DROP TABLE IF EXISTS `NavigationWidget`;
CREATE TABLE `NavigationWidget` (
	`ID` VARCHAR(100) CHARACTER SET utf8mb4  NOT NULL,
	`CustomerClass` VARCHAR(255) CHARACTER SET utf8mb4  NULL,
	`Title` VARCHAR(255) CHARACTER SET utf8mb4  NULL,
	`Logo` VARCHAR(255) CHARACTER SET utf8mb4  NULL,
	`AlignClass` VARCHAR(50) CHARACTER SET utf8mb4  NULL,
	`IsTopFix` TINYINT(1)  NULL,
	`RootID` VARCHAR(100) CHARACTER SET utf8mb4  NULL,
	`ShowBasket` TINYINT(1)  NULL,
	PRIMARY KEY (`ID`),
	KEY `FK_NavigationWidget_Widget` (`ID`),
	CONSTRAINT `FK_NavigationWidget_Widget` FOREIGN KEY (`ID`) REFERENCES `CMS_WidgetBase` (`ID`) ON DELETE NO ACTION ON UPDATE NO ACTION
);

/*!40000 ALTER TABLE `NavigationWidget` DISABLE KEYS */;
INSERT INTO `NavigationWidget` VALUES
('6ee67036e78b4b498d932ab2d76757fb','container',NULL,'~/images/logo_zkea.png','navbar-left',NULL,'#',0);
/*!40000 ALTER TABLE `NavigationWidget` ENABLE KEYS */;

DROP TABLE IF EXISTS `Order`;
CREATE TABLE `Order` (
	`ID` VARCHAR(50) CHARACTER SET utf8mb4  NOT NULL,
	`UserId` VARCHAR(50) CHARACTER SET utf8mb4  NOT NULL,
	`Contact` VARCHAR(50) CHARACTER SET utf8mb4  NULL,
	`PhoneNumber` VARCHAR(50) CHARACTER SET utf8mb4  NULL,
	`Total` DECIMAL (18,4)  NOT NULL,
	`OrderStatus` INT  NOT NULL,
	`PayTime` DATETIME  NULL,
	`CompletePayTime` DATETIME  NULL,
	`TrackingNumber` VARCHAR(50) CHARACTER SET utf8mb4  NULL,
	`LogisticsCompany` VARCHAR(50) CHARACTER SET utf8mb4  NULL,
	`ShippingAddress` VARCHAR(500) CHARACTER SET utf8mb4  NULL,
	`PaymentGateway` VARCHAR(50) CHARACTER SET utf8mb4  NULL,
	`PaymentID` VARCHAR(500) CHARACTER SET utf8mb4  NULL,
	`Title` VARCHAR(50) CHARACTER SET utf8mb4  NULL,
	`Description` VARCHAR(500) CHARACTER SET utf8mb4  NULL,
	`Status` INT  NULL,
	`CreateBy` VARCHAR(50) CHARACTER SET utf8mb4  NULL,
	`CreatebyName` VARCHAR(100) CHARACTER SET utf8mb4  NULL,
	`CreateDate` DATETIME  NULL,
	`LastUpdateBy` VARCHAR(50) CHARACTER SET utf8mb4  NULL,
	`LastUpdateByName` VARCHAR(100) CHARACTER SET utf8mb4  NULL,
	`LastUpdateDate` DATETIME  NULL,
	`RefundID` VARCHAR(100) CHARACTER SET utf8mb4  NULL,
	`Refund` DECIMAL (18,4)  NULL,
	`RefundDate` DATETIME  NULL,
	`RefundReason` VARCHAR(500) CHARACTER SET utf8mb4  NULL,
	PRIMARY KEY (`ID`)
);


DROP TABLE IF EXISTS `OrderItem`;
CREATE TABLE `OrderItem` (
	`ID` INT AUTO_INCREMENT  NOT NULL,
	`OrderId` VARCHAR(50) CHARACTER SET utf8mb4  NOT NULL,
	`UserId` VARCHAR(50) CHARACTER SET utf8mb4  NOT NULL,
	`ImageUrl` VARCHAR(500) CHARACTER SET utf8mb4  NOT NULL,
	`Quantity` INT  NOT NULL,
	`Price` DECIMAL (18,4)  NOT NULL,
	`ProductId` INT  NOT NULL,
	`PromoCode` VARCHAR(50) CHARACTER SET utf8mb4  NULL,
	`Title` VARCHAR(200) CHARACTER SET utf8mb4  NOT NULL,
	`Description` VARCHAR(500) CHARACTER SET utf8mb4  NULL,
	`Status` INT  NULL,
	`CreateBy` VARCHAR(50) CHARACTER SET utf8mb4  NULL,
	`CreatebyName` VARCHAR(100) CHARACTER SET utf8mb4  NULL,
	`CreateDate` DATETIME  NULL,
	`LastUpdateBy` VARCHAR(50) CHARACTER SET utf8mb4  NULL,
	`LastUpdateByName` VARCHAR(100) CHARACTER SET utf8mb4  NULL,
	`LastUpdateDate` DATETIME  NULL,
	PRIMARY KEY (`ID`)
);


DROP TABLE IF EXISTS `PageView`;
CREATE TABLE `PageView` (
	`ID` INT AUTO_INCREMENT  NOT NULL,
	`PageUrl` VARCHAR(500) CHARACTER SET utf8mb4  NULL,
	`PageTitle` VARCHAR(200) CHARACTER SET utf8mb4  NULL,
	`IPAddress` VARCHAR(50) CHARACTER SET utf8mb4  NULL,
	`SessionID` VARCHAR(50) CHARACTER SET utf8mb4  NULL,
	`UserAgent` VARCHAR(500) CHARACTER SET utf8mb4  NULL,
	`Referer` VARCHAR(1000) CHARACTER SET utf8mb4  NULL,
	`RefererName` VARCHAR(255) CHARACTER SET utf8mb4  NULL,
	`KeyWords` VARCHAR(255) CHARACTER SET utf8mb4  NULL,
	`CreateBy` VARCHAR(50) CHARACTER SET utf8mb4  NULL,
	`CreatebyName` VARCHAR(100) CHARACTER SET utf8mb4  NULL,
	`CreateDate` DATETIME  NULL,
	`LastUpdateBy` VARCHAR(50) CHARACTER SET utf8mb4  NULL,
	`LastUpdateByName` VARCHAR(100) CHARACTER SET utf8mb4  NULL,
	`LastUpdateDate` DATETIME  NULL,
	PRIMARY KEY (`ID`)
);


DROP TABLE IF EXISTS `Permission`;
CREATE TABLE `Permission` (
	`PermissionKey` VARCHAR(100) CHARACTER SET utf8mb4  NOT NULL,
	`RoleId` INT  NOT NULL,
	`Title` VARCHAR(100) CHARACTER SET utf8mb4  NULL,
	`Description` VARCHAR(500) CHARACTER SET utf8mb4  NULL,
	`Module` VARCHAR(100) CHARACTER SET utf8mb4  NULL,
	`Status` INT  NULL,
	`CreateBy` VARCHAR(50) CHARACTER SET utf8mb4  NULL,
	`CreatebyName` VARCHAR(100) CHARACTER SET utf8mb4  NULL,
	`CreateDate` DATETIME  NULL,
	`LastUpdateBy` VARCHAR(50) CHARACTER SET utf8mb4  NULL,
	`LastUpdateByName` VARCHAR(100) CHARACTER SET utf8mb4  NULL,
	`LastUpdateDate` DATETIME  NULL,
	PRIMARY KEY (`PermissionKey`,`RoleId`),
	KEY `FK_Permission_Permission_Role` (`RoleId`),
	CONSTRAINT `FK_Permission_Permission_Role` FOREIGN KEY (`RoleId`) REFERENCES `Roles` (`ID`) ON DELETE NO ACTION ON UPDATE NO ACTION
);

/*!40000 ALTER TABLE `Permission` DISABLE KEYS */;
INSERT INTO `Permission` VALUES
('ApplicationSetting_Manage',1,'管理系统设置',NULL,'用户/安全',NULL,'admin','ZKEASOFT','2016-08-01 14:12:07.567','admin','ZKEASOFT','2019-05-21 21:39:09.293'),
('ApplicationSetting_View',1,'查看系统设置',NULL,'用户/安全',NULL,'admin','ZKEASOFT','2016-08-01 13:37:46.647','admin','ZKEASOFT','2019-05-21 21:39:09.293'),
('Article_Manage',1,'管理文章',NULL,'文章',NULL,'admin','ZKEASOFT','2016-08-01 13:18:40.493','admin','ZKEASOFT','2019-05-21 21:39:09.297'),
('Article_Publish',1,'发布文章',NULL,'文章',NULL,'admin','ZKEASOFT','2017-05-25 12:36:10.820','admin','ZKEASOFT','2019-05-21 21:39:09.297'),
('Article_View',1,'查看文章',NULL,'文章',NULL,'admin','ZKEASOFT','2016-08-01 13:17:59.120','admin','ZKEASOFT','2019-05-21 21:39:09.297'),
('ArticleType_Manage',1,'管理文章类别',NULL,'文章',NULL,'admin','ZKEASOFT','2016-08-01 13:22:24.887','admin','ZKEASOFT','2019-05-21 21:39:09.297'),
('ArticleType_View',1,'查看文章类别',NULL,'文章',NULL,'admin','ZKEASOFT','2016-08-01 13:19:54.500','admin','ZKEASOFT','2019-05-21 21:39:09.297'),
('Carousel_Manage',1,'管理焦点图',NULL,'焦点图',NULL,'admin','ZKEASOFT','2016-08-01 13:45:46.190','admin','ZKEASOFT','2019-05-21 21:39:09.297'),
('Carousel_View',1,'查看焦点图',NULL,'焦点图',NULL,'admin','ZKEASOFT','2016-08-01 13:37:56.097','admin','ZKEASOFT','2019-05-21 21:39:09.297'),
('Comments_Manage',1,'管理回复',NULL,'留言评论',NULL,'admin','ZKEASOFT','2017-12-03 17:09:48.053','admin','ZKEASOFT','2019-05-21 21:39:09.297'),
('Comments_View',1,'查看回复',NULL,'留言评论',NULL,'admin','ZKEASOFT','2017-12-03 17:09:48.050','admin','ZKEASOFT','2019-05-21 21:39:09.297'),
('EventViewer_Manage',1,'查看错误日志',NULL,'设置',NULL,'admin','ZKEASOFT','2017-07-11 15:43:52.147','admin','ZKEASOFT','2019-05-21 21:39:09.297'),
('Form_Manage',1,'管理表单',NULL,'自定义表单',NULL,'admin','ZKEASOFT','2017-10-12 15:11:51.843','admin','ZKEASOFT','2019-05-21 21:39:09.297'),
('Form_View',1,'查看表单',NULL,'自定义表单',NULL,'admin','ZKEASOFT','2017-10-12 15:11:51.830','admin','ZKEASOFT','2019-05-21 21:39:09.297'),
('FormData_Export',1,'导出表单数据',NULL,'自定义表单',NULL,'admin','ZKEASOFT','2017-10-12 15:11:51.853','admin','ZKEASOFT','2019-05-21 21:39:09.297'),
('FormData_Manage',1,'管理表单数据',NULL,'自定义表单',NULL,'admin','ZKEASOFT','2017-10-12 15:11:51.850','admin','ZKEASOFT','2019-05-21 21:39:09.297'),
('FormData_View',1,'查看表单数据',NULL,'自定义表单',NULL,'admin','ZKEASOFT','2017-10-12 15:11:51.843','admin','ZKEASOFT','2019-05-21 21:39:09.297'),
('Language_Manage',1,'翻译',NULL,'设置',NULL,'admin','ZKEASOFT','2017-11-17 11:47:13.093','admin','ZKEASOFT','2019-05-21 21:39:09.297'),
('Layout_Manage',1,'管理布局',NULL,'布局',NULL,'admin','ZKEASOFT','2016-08-01 12:43:52.697','admin','ZKEASOFT','2019-05-21 21:39:09.297'),
('Layout_View',1,'查看布局',NULL,'布局',NULL,'admin','ZKEASOFT','2016-08-01 12:37:56.690','admin','ZKEASOFT','2019-05-21 21:39:09.297'),
('LiveChatScript_Manage',1,'设置在线客服代码',NULL,'设置',NULL,'admin','ZKEASOFT','2019-04-07 16:39:16.730','admin','ZKEASOFT','2019-05-21 21:39:09.297'),
('Media_Manage',1,'管理媒体库',NULL,'媒体库',NULL,'admin','ZKEASOFT','2016-08-01 14:12:07.553','admin','ZKEASOFT','2019-05-21 21:39:09.297'),
('Media_View',1,'查看媒体库',NULL,'媒体库',NULL,'admin','ZKEASOFT','2016-08-01 13:37:56.090','admin','ZKEASOFT','2019-05-21 21:39:09.297'),
('Message_Manage',1,'管理留言',NULL,'留言板',NULL,'admin','ZKEASOFT','2017-03-19 21:01:14.980','admin','ZKEASOFT','2019-05-21 21:39:09.297'),
('Message_View',1,'查看留言',NULL,'留言板',NULL,'admin','ZKEASOFT','2017-03-19 21:01:14.960','admin','ZKEASOFT','2019-05-21 21:39:09.297'),
('MessageNotification_Manage',1,'管理通知邮箱',NULL,'留言评论',NULL,'admin','ZKEASOFT','2018-08-15 15:25:42.620','admin','ZKEASOFT','2019-05-21 21:39:09.297'),
('Navigation_Manage',1,'管理导航',NULL,'导航',NULL,'admin','ZKEASOFT','2016-08-01 13:40:38.230','admin','ZKEASOFT','2019-05-21 21:39:09.297'),
('Navigation_View',1,'查看导航',NULL,'导航',NULL,'admin','ZKEASOFT','2016-08-01 13:38:21.943','admin','ZKEASOFT','2019-05-21 21:39:09.297'),
('Order_Manage',1,'管理订单',NULL,'商城',NULL,'admin','ZKEASOFT','2017-11-17 10:49:53.937','admin','ZKEASOFT','2019-05-21 21:39:09.297'),
('Order_Refund',1,'退款',NULL,'商城',NULL,'admin','ZKEASOFT','2018-01-19 15:26:24.903','admin','ZKEASOFT','2019-05-21 21:39:09.297'),
('Order_View',1,'查看订单',NULL,'商城',NULL,'admin','ZKEASOFT','2017-11-17 10:49:53.923','admin','ZKEASOFT','2019-05-21 21:39:09.297'),
('Order_ViewOrderPayment',1,'查看支付平台支付信息',NULL,'商城',NULL,'admin','ZKEASOFT','2018-01-19 15:26:24.777','admin','ZKEASOFT','2019-05-21 21:39:09.297'),
('Order_ViewOrderRefund',1,'查看支付平台退款信息',NULL,'商城',NULL,'admin','ZKEASOFT','2018-01-19 15:26:24.850','admin','ZKEASOFT','2019-05-21 21:39:09.297'),
('Page_Manage',1,'管理页面',NULL,'页面',NULL,'admin','ZKEASOFT','2016-08-01 13:41:08.463','admin','ZKEASOFT','2019-05-21 21:39:09.297'),
('Page_View',1,'查看页面',NULL,'页面',NULL,'admin','ZKEASOFT','2016-08-01 12:37:56.683','admin','ZKEASOFT','2019-05-21 21:39:09.297'),
('Payment_Config_Manage',1,'支付集成设置',NULL,'商城',NULL,'admin','ZKEASOFT','2018-03-22 15:33:03.663','admin','ZKEASOFT','2019-05-21 21:39:09.297'),
('Plugin_View',1,'插件',NULL,'设置',NULL,'admin','ZKEASOFT','2019-04-07 16:39:16.727','admin','ZKEASOFT','2019-05-21 21:39:09.300'),
('Product_Manage',1,'管理产品',NULL,'产品',NULL,'admin','ZKEASOFT','2016-08-01 13:27:58.400','admin','ZKEASOFT','2019-05-21 21:39:09.300'),
('Product_Publish',1,'发布产品',NULL,'产品',NULL,'admin','ZKEASOFT','2017-05-25 12:36:10.853','admin','ZKEASOFT','2019-05-21 21:39:09.300'),
('Product_View',1,'查看产品',NULL,'产品',NULL,'admin','ZKEASOFT','2016-08-01 13:27:41.483','admin','ZKEASOFT','2019-05-21 21:39:09.300'),
('ProductCategory_Manage',1,'管理产品类别',NULL,'产品',NULL,'admin','ZKEASOFT','2016-08-01 13:28:21.047','admin','ZKEASOFT','2019-05-21 21:39:09.300'),
('ProductCategory_View',1,'查看产品类别',NULL,'产品',NULL,'admin','ZKEASOFT','2016-08-01 13:28:08.737','admin','ZKEASOFT','2019-05-21 21:39:09.300'),
('ProductCategoryTag_Manage',1,'管理产品标签',NULL,'产品',NULL,'admin','ZKEASOFT','2017-11-11 15:43:52.953','admin','ZKEASOFT','2019-05-21 21:39:09.300'),
('ProductCategoryTag_View',1,'查看产品标签',NULL,'产品',NULL,'admin','ZKEASOFT','2017-11-11 15:43:52.947','admin','ZKEASOFT','2019-05-21 21:39:09.300'),
('RobotsSetting',1,'Robots.txt',NULL,'设置',NULL,'admin','ZKEASOFT','2018-08-12 22:51:30.340','admin','ZKEASOFT','2019-05-21 21:39:09.300'),
('Role_Manage',1,'管理角色',NULL,'用户/安全',NULL,'admin','ZKEASOFT','2016-08-01 14:12:07.567','admin','ZKEASOFT','2019-05-21 21:39:09.300'),
('Role_View',1,'查看角色',NULL,'用户/安全',NULL,'admin','ZKEASOFT','2016-08-01 13:37:46.660','admin','ZKEASOFT','2019-05-21 21:39:09.300'),
('SMTPSetting',1,'邮箱设置',NULL,'设置',NULL,'admin','ZKEASOFT','2018-06-12 19:13:49.497','admin','ZKEASOFT','2019-05-21 21:39:09.300'),
('StatisticsScript_Manage',1,'设置访客统计代码',NULL,'设置',NULL,'admin','ZKEASOFT','2019-04-07 16:39:16.730','admin','ZKEASOFT','2019-05-21 21:39:09.300'),
('Template_Manage',1,'管理模板',NULL,'页面布局',NULL,'admin','ZKEASOFT','2019-05-21 21:39:09.307','admin','ZKEASOFT','2019-05-21 21:39:09.307'),
('Template_View',1,'管理模板',NULL,'页面布局',NULL,'admin','ZKEASOFT','2019-05-21 21:39:09.303','admin','ZKEASOFT','2019-05-21 21:39:09.303'),
('Theme_Manage',1,'管理主题',NULL,'主题',NULL,'admin','ZKEASOFT','2016-08-01 13:42:48.600','admin','ZKEASOFT','2019-05-21 21:39:09.300'),
('Theme_View',1,'查看主题',NULL,'主题',NULL,'admin','ZKEASOFT','2016-08-01 13:37:56.083','admin','ZKEASOFT','2019-05-21 21:39:09.300'),
('UrlRedirect_Manage',1,'管理URL 重定向',NULL,'URL 重定向',NULL,'admin','ZKEASOFT','2017-08-14 14:55:58.170','admin','ZKEASOFT','2019-05-21 21:39:09.300'),
('UrlRedirect_View',1,'查看URL 重定向',NULL,'URL 重定向',NULL,'admin','ZKEASOFT','2017-08-14 14:55:58.120','admin','ZKEASOFT','2019-05-21 21:39:09.300'),
('User_Manage',1,'管理用户',NULL,'用户/安全',NULL,'admin','ZKEASOFT','2016-08-01 14:12:07.567','admin','ZKEASOFT','2019-05-21 21:39:09.300'),
('User_View',1,'查看用户',NULL,'用户/安全',NULL,'admin','ZKEASOFT','2016-08-01 13:37:46.647','admin','ZKEASOFT','2019-05-21 21:39:09.300');
/*!40000 ALTER TABLE `Permission` ENABLE KEYS */;

DROP TABLE IF EXISTS `Product`;
CREATE TABLE `Product` (
	`ID` INT AUTO_INCREMENT  NOT NULL,
	`Title` VARCHAR(255) CHARACTER SET utf8mb4  NULL,
	`ImageUrl` VARCHAR(255) CHARACTER SET utf8mb4  NULL,
	`ImageThumbUrl` VARCHAR(255) CHARACTER SET utf8mb4  NULL,
	`BrandCD` INT  NULL,
	`ProductCategoryID` INT  NULL,
	`Color` VARCHAR(255) CHARACTER SET utf8mb4  NULL,
	`Price` DECIMAL (19,4)  NULL,
	`RebatePrice` DECIMAL (19,4)  NULL,
	`PurchasePrice` DECIMAL (19,4)  NULL,
	`Norm` VARCHAR(255) CHARACTER SET utf8mb4  NULL,
	`ShelfLife` VARCHAR(255) CHARACTER SET utf8mb4  NULL,
	`ProductContent` LONGTEXT CHARACTER SET utf8mb4  NULL,
	`Description` LONGTEXT CHARACTER SET utf8mb4  NULL,
	`IsPublish` TINYINT(1)  NOT NULL,
	`PublishDate` DATETIME  NULL,
	`Status` INT  NULL,
	`SEOTitle` VARCHAR(255) CHARACTER SET utf8mb4  NULL,
	`SEOKeyWord` VARCHAR(255) CHARACTER SET utf8mb4  NULL,
	`SEODescription` LONGTEXT CHARACTER SET utf8mb4  NULL,
	`OrderIndex` INT  NULL,
	`SourceFrom` VARCHAR(255) CHARACTER SET utf8mb4  NULL,
	`Url` VARCHAR(255) CHARACTER SET utf8mb4  NULL,
	`TargetFrom` VARCHAR(255) CHARACTER SET utf8mb4  NULL,
	`TargetUrl` VARCHAR(255) CHARACTER SET utf8mb4  NULL,
	`PartNumber` VARCHAR(200) CHARACTER SET utf8mb4  NULL,
	`CreateBy` VARCHAR(50) CHARACTER SET utf8mb4  NULL,
	`CreatebyName` VARCHAR(100) CHARACTER SET utf8mb4  NULL,
	`CreateDate` DATETIME  NULL,
	`LastUpdateBy` VARCHAR(50) CHARACTER SET utf8mb4  NULL,
	`LastUpdateByName` VARCHAR(100) CHARACTER SET utf8mb4  NULL,
	`LastUpdateDate` DATETIME  NULL,
	PRIMARY KEY (`ID`),
	KEY `FK_Product_ProductCategory` (`ProductCategoryID`),
	CONSTRAINT `FK_Product_ProductCategory` FOREIGN KEY (`ProductCategoryID`) REFERENCES `ProductCategory` (`ID`) ON DELETE NO ACTION ON UPDATE NO ACTION
);

/*!40000 ALTER TABLE `Product` DISABLE KEYS */;
INSERT INTO `Product` VALUES
(1,'Cloud Revolver 游戏耳机','https://user-images.githubusercontent.com/6006218/56657656-33810b00-66cb-11e9-8acc-1f2f5da6c48a.png','https://user-images.githubusercontent.com/6006218/56657656-33810b00-66cb-11e9-8acc-1f2f5da6c48a.png',NULL,2,NULL,500.0000,399.0000,NULL,NULL,NULL,'<h1>HyperX Cloud Revolver</h1>
<p>如果您热爱游戏，那么一款可为您带来极大优势的耳机就是必不可少的装备。HyperX Cloud Revolver&trade; 是一款优质耳机，工艺精湛，可充分满足高级OC或家用机游戏玩家的需求。新一代驱动器可将低音、中音和高音明确区分开来，形成精准定位的优质音效。Revolver 系列具备立体声和即插即用的 Dolby&reg; 7.1 环绕立体声模式，可提供工作室级别的音场和新一代驱动器，在 FPS 和开放式环境下表现优异。两款耳机均采用结实耐用的实心钢质框架和标志性的 HyperX 记忆海绵，带来屡获殊荣的舒适度。如果您希望拥有无与伦比的舒适度、绝佳的音质和清晰顺畅的沟通，Cloud Revolver 耳机将是您的不二之选。</p>
<h3>即插即用 Dolby&reg; 环绕立体声 7.1&nbsp;</h3>
<p>模拟的 7 个定位扬声器，按照距离和深度制作出精准的音效，无需安装软件或任何设置，即可将音频娱乐变成电影般的体验。<br />可在 Cloud Revolver S 上使用。</p>
<h3>先进的 USB 音频控制盒与 DSP 声卡&nbsp;</h3>
<p>USB 数字处理信号声卡可在任何机器上输出一致的优质音频。卡夹式音频控制盒设计有背光按钮，因此可以即时静音、启用 Dolby 音频，还可在三种预先设置的均衡器之间切换并调整麦克风和音量水平。<br />可在 Cloud Revolver S 上使用。</p>
<h3>新一代 50 毫米驱动器&nbsp;</h3>
<p>与双耳平行的 50mm 定向驱动器精准定位，超强低音效果让声音更加清脆动听。<br />可在 Cloud Revolver 和 Cloud Revolver S 上使用。</p>
<h3>HyperX 标志性记忆海绵&nbsp;</h3>
<p>屡获殊荣的 HyperX 记忆海绵，带来无与伦比的舒适度，让您更加舒适，更加尽兴地游戏。<br />可在 Cloud Revolver 和 Cloud Revolver S 上使用。</p>','模拟的 7 个定位扬声器，按照距离和深度制作出精准的音效',1,'2017-11-17 00:00:00.000',1,NULL,NULL,NULL,NULL,NULL,'Cloud-Revolver',NULL,NULL,'HX-HSCR-BK/AS','admin','ZKEASOFT','2017-11-17 15:18:54.000','admin','ZKEASOFT','2019-04-24 21:52:05.397'),
(2,'Alloy FPS 机械游戏键盘','https://user-images.githubusercontent.com/6006218/56657740-675c3080-66cb-11e9-983a-6bce76f4a8fb.png','https://user-images.githubusercontent.com/6006218/56657740-675c3080-66cb-11e9-983a-6bce76f4a8fb.png',NULL,3,'黑色',500.0000,499.0000,NULL,NULL,NULL,'<h1>小巧便携，随时随地开始 FPS 游戏。</h1>
<p>HyperX&trade; Alloy FPS 键盘结实耐用，性能可靠，给玩家带来卓越的游戏体验。如果您需要一个全尺寸键盘，Alloy FPS 会满足您的所有需求。如果您喜欢 Tenkeyless (TKL) 模式，以便使用大多数基本按键，则 Alloy FPS Pro 键盘可充分满足您的需要。1每个键盘都能满足每位严肃的 FPS 游戏玩家对键盘的所有要求：可靠的 CHERRY&reg; MX 按键开关、实心钢架、可拆卸的线缆、游戏模式、100% 防按键冲突和全键无冲突功能无论您是专业的 FPS 玩家，又或者只是随便玩玩，HyperX Alloy FPS 键盘都可充分满足您的需求。</p>
<h3>极简设计小巧紧凑，是 FPS 游戏的完美搭档&nbsp;</h3>
<p>最大程度节省桌面空间，方便鼠标快速移动</p>
<h3>实心钢架&nbsp;</h3>
<p>可实现耐用性和稳定性。</p>
<h3>CHERRY&reg; MX 机械按键开关可靠耐用&nbsp;</h3>
<p>适用于 CHERRY MX Blue、Brown 或 Red 按键开关，带给您有口皆碑的可靠性和适合您的开关风格。</p>
<h3>超便携设计，带有可拆卸的线缆&nbsp;</h3>
<p>节省存储空间并减少可能的线缆损坏。</p>
<h3>HyperX 红色背光按键，实现动态的灯光效果</h3>
<p>让璀璨的背光彰显您的风格</p>','实心钢架,CHERRY® MX 机械按键开关,带有可拆卸的线缆',1,'2017-11-17 00:00:00.000',1,NULL,NULL,NULL,NULL,NULL,'Alloy-FPS',NULL,NULL,'HX-KB4RD1-US/R1','admin','ZKEASOFT','2017-11-17 15:30:22.000','admin','ZKEASOFT','2019-04-24 21:52:25.420');
/*!40000 ALTER TABLE `Product` ENABLE KEYS */;

DROP TABLE IF EXISTS `ProductCategory`;
CREATE TABLE `ProductCategory` (
	`ID` INT AUTO_INCREMENT  NOT NULL,
	`Title` VARCHAR(255) CHARACTER SET utf8mb4  NULL,
	`Description` VARCHAR(255) CHARACTER SET utf8mb4  NULL,
	`ParentID` INT  NULL,
	`Url` VARCHAR(100) CHARACTER SET utf8mb4  NULL,
	`Status` INT  NULL,
	`SEOTitle` VARCHAR(100) CHARACTER SET utf8mb4  NULL,
	`SEOKeyWord` VARCHAR(100) CHARACTER SET utf8mb4  NULL,
	`SEODescription` VARCHAR(300) CHARACTER SET utf8mb4  NULL,
	`CreateBy` VARCHAR(50) CHARACTER SET utf8mb4  NULL,
	`CreatebyName` VARCHAR(100) CHARACTER SET utf8mb4  NULL,
	`CreateDate` DATETIME  NULL,
	`LastUpdateBy` VARCHAR(50) CHARACTER SET utf8mb4  NULL,
	`LastUpdateByName` VARCHAR(100) CHARACTER SET utf8mb4  NULL,
	`LastUpdateDate` DATETIME  NULL,
	PRIMARY KEY (`ID`)
);

/*!40000 ALTER TABLE `ProductCategory` DISABLE KEYS */;
INSERT INTO `ProductCategory` VALUES
(1,'产品',NULL,0,NULL,1,NULL,NULL,NULL,'admin','ZKEASOFT','2016-03-10 13:49:32.000','admin','ZKEASOFT','2017-11-17 15:10:08.193'),
(2,'耳机',NULL,1,'headset',1,NULL,NULL,NULL,'admin','ZKEASOFT','2016-03-10 13:49:50.000','admin','ZKEASOFT','2018-08-15 15:30:59.233'),
(3,'键盘',NULL,1,'keyboard',1,NULL,NULL,NULL,'admin','ZKEASOFT','2016-03-10 13:50:07.000','admin','ZKEASOFT','2018-08-15 15:31:08.063');
/*!40000 ALTER TABLE `ProductCategory` ENABLE KEYS */;

DROP TABLE IF EXISTS `ProductCategoryTag`;
CREATE TABLE `ProductCategoryTag` (
	`ID` INT AUTO_INCREMENT  NOT NULL,
	`ProductCategoryId` INT  NULL,
	`Title` VARCHAR(50) CHARACTER SET utf8mb4  NULL,
	`Description` VARCHAR(500) CHARACTER SET utf8mb4  NULL,
	`Status` INT  NULL,
	`ParentId` INT  NULL,
	`CreateBy` VARCHAR(50) CHARACTER SET utf8mb4  NULL,
	`CreatebyName` VARCHAR(100) CHARACTER SET utf8mb4  NULL,
	`CreateDate` DATETIME  NULL,
	`LastUpdateBy` VARCHAR(50) CHARACTER SET utf8mb4  NULL,
	`LastUpdateByName` VARCHAR(100) CHARACTER SET utf8mb4  NULL,
	`LastUpdateDate` DATETIME  NULL,
	PRIMARY KEY (`ID`)
);

/*!40000 ALTER TABLE `ProductCategoryTag` DISABLE KEYS */;
INSERT INTO `ProductCategoryTag` VALUES
(1,2,'颜色',NULL,NULL,0,NULL,NULL,NULL,'admin','ZKEASOFT','2017-11-17 15:10:45.550'),
(2,2,'黑色',NULL,NULL,1,NULL,NULL,NULL,'admin','ZKEASOFT','2017-11-17 15:10:50.530'),
(3,2,'黑古银色',NULL,NULL,1,NULL,NULL,NULL,'admin','ZKEASOFT','2017-11-17 15:11:03.657'),
(4,3,'操作风格',NULL,NULL,0,NULL,NULL,NULL,'admin','ZKEASOFT','2017-11-17 15:12:07.707'),
(5,3,'点击',NULL,NULL,4,NULL,NULL,NULL,'admin','ZKEASOFT','2017-11-17 15:12:14.870'),
(6,3,'触觉',NULL,NULL,4,NULL,NULL,NULL,'admin','ZKEASOFT','2017-11-17 15:12:20.713'),
(7,3,'线性',NULL,NULL,4,NULL,NULL,NULL,'admin','ZKEASOFT','2017-11-17 15:12:28.660');
/*!40000 ALTER TABLE `ProductCategoryTag` ENABLE KEYS */;

DROP TABLE IF EXISTS `ProductCategoryWidget`;
CREATE TABLE `ProductCategoryWidget` (
	`ID` VARCHAR(100) CHARACTER SET utf8mb4  NOT NULL,
	`ProductCategoryID` INT  NULL,
	`TargetPage` VARCHAR(255) CHARACTER SET utf8mb4  NULL,
	PRIMARY KEY (`ID`),
	KEY `FK_ProductCategoryWidget_Widget` (`ID`),
	CONSTRAINT `FK_ProductCategoryWidget_Widget` FOREIGN KEY (`ID`) REFERENCES `CMS_WidgetBase` (`ID`) ON DELETE NO ACTION ON UPDATE NO ACTION
);

/*!40000 ALTER TABLE `ProductCategoryWidget` DISABLE KEYS */;
INSERT INTO `ProductCategoryWidget` VALUES
('3466e616139645d2b1e1d9935d231922',1,NULL),
('eb7657f5bcbd4e98977a42950936e7ac',1,NULL);
/*!40000 ALTER TABLE `ProductCategoryWidget` ENABLE KEYS */;

DROP TABLE IF EXISTS `ProductDetailWidget`;
CREATE TABLE `ProductDetailWidget` (
	`ID` VARCHAR(100) CHARACTER SET utf8mb4  NOT NULL,
	`CustomerClass` VARCHAR(255) CHARACTER SET utf8mb4  NULL,
	PRIMARY KEY (`ID`),
	KEY `FK_ProductDetailWidget_Widget` (`ID`),
	CONSTRAINT `FK_ProductDetailWidget_Widget` FOREIGN KEY (`ID`) REFERENCES `CMS_WidgetBase` (`ID`) ON DELETE NO ACTION ON UPDATE NO ACTION
);

/*!40000 ALTER TABLE `ProductDetailWidget` DISABLE KEYS */;
INSERT INTO `ProductDetailWidget` VALUES
('787d9ad849dd40d0905f22ae072d8507',NULL),
('94624262dc00460cbbc1e0f51711e712',NULL);
/*!40000 ALTER TABLE `ProductDetailWidget` ENABLE KEYS */;

DROP TABLE IF EXISTS `ProductImage`;
CREATE TABLE `ProductImage` (
	`ID` INT AUTO_INCREMENT  NOT NULL,
	`ProductId` INT  NULL,
	`ImageUrl` VARCHAR(500) CHARACTER SET utf8mb4  NULL,
	`Title` VARCHAR(255) CHARACTER SET utf8mb4  NULL,
	`Description` VARCHAR(500) CHARACTER SET utf8mb4  NULL,
	`Status` INT  NULL,
	`CreateBy` VARCHAR(50) CHARACTER SET utf8mb4  NULL,
	`CreatebyName` VARCHAR(100) CHARACTER SET utf8mb4  NULL,
	`CreateDate` DATETIME  NULL,
	`LastUpdateBy` VARCHAR(50) CHARACTER SET utf8mb4  NULL,
	`LastUpdateByName` VARCHAR(100) CHARACTER SET utf8mb4  NULL,
	`LastUpdateDate` DATETIME  NULL,
	PRIMARY KEY (`ID`)
);

/*!40000 ALTER TABLE `ProductImage` DISABLE KEYS */;
INSERT INTO `ProductImage` VALUES
(1,1,'https://user-images.githubusercontent.com/6006218/56657656-33810b00-66cb-11e9-8acc-1f2f5da6c48a.png','HX-HSCR-BK/AS',NULL,1,'admin','ZKEASOFT','2017-11-17 15:18:54.000','admin','ZKEASOFT','2019-04-24 19:58:48.747'),
(2,1,'https://user-images.githubusercontent.com/6006218/56657706-58757e00-66cb-11e9-80b8-fdc32783ff68.png','HX-HSCRS-GM/AS',NULL,1,'admin','ZKEASOFT','2017-11-17 15:18:54.000','admin','ZKEASOFT','2019-04-24 19:58:48.750'),
(3,2,'https://user-images.githubusercontent.com/6006218/56657740-675c3080-66cb-11e9-983a-6bce76f4a8fb.png',NULL,NULL,1,'admin','ZKEASOFT','2017-11-17 15:30:22.000','admin','ZKEASOFT','2019-04-24 20:00:41.010'),
(5,2,'https://user-images.githubusercontent.com/6006218/56657774-78a53d00-66cb-11e9-9ab9-c4b65f3cba22.png',NULL,NULL,1,'admin','ZKEASOFT','2017-11-17 15:30:22.000','admin','ZKEASOFT','2019-04-24 20:00:41.010'),
(6,2,'https://user-images.githubusercontent.com/6006218/56657795-85299580-66cb-11e9-9a3f-a1c5bde7b191.png',NULL,NULL,1,'admin','ZKEASOFT','2017-11-17 15:30:22.000','admin','ZKEASOFT','2019-04-24 20:00:41.010'),
(7,2,'https://user-images.githubusercontent.com/6006218/56657844-9a9ebf80-66cb-11e9-91ed-02001fab09c8.png',NULL,NULL,1,'admin','ZKEASOFT','2017-11-17 15:30:22.000','admin','ZKEASOFT','2019-04-24 20:00:41.010');
/*!40000 ALTER TABLE `ProductImage` ENABLE KEYS */;

DROP TABLE IF EXISTS `ProductListWidget`;
CREATE TABLE `ProductListWidget` (
	`ID` VARCHAR(100) CHARACTER SET utf8mb4  NOT NULL,
	`IsPageable` TINYINT(1)  NOT NULL,
	`ProductCategoryID` INT  NULL,
	`DetailPageUrl` VARCHAR(255) CHARACTER SET utf8mb4  NULL,
	`Columns` VARCHAR(255) CHARACTER SET utf8mb4  NULL,
	`PageSize` INT  NULL,
	PRIMARY KEY (`ID`),
	KEY `FK_ProductListWidget_Widget` (`ID`),
	CONSTRAINT `FK_ProductListWidget_Widget` FOREIGN KEY (`ID`) REFERENCES `CMS_WidgetBase` (`ID`) ON DELETE NO ACTION ON UPDATE NO ACTION
);

/*!40000 ALTER TABLE `ProductListWidget` DISABLE KEYS */;
INSERT INTO `ProductListWidget` VALUES
('6bb06e46293c46f084e83751a0832d36',1,1,'~/product/detail','col-xs-6 col-sm-4 col-md-4',9),
('e88916cc41b3465b9ae954bafac5f796',1,1,'~/product/detail','col-xs-6 col-sm-4 col-md-4',9);
/*!40000 ALTER TABLE `ProductListWidget` ENABLE KEYS */;

DROP TABLE IF EXISTS `ProductTag`;
CREATE TABLE `ProductTag` (
	`ID` INT AUTO_INCREMENT  NOT NULL,
	`ProductId` INT  NULL,
	`TagId` INT  NULL,
	`Title` VARCHAR(50) CHARACTER SET utf8mb4  NULL,
	PRIMARY KEY (`ID`)
);

/*!40000 ALTER TABLE `ProductTag` DISABLE KEYS */;
INSERT INTO `ProductTag` VALUES
(28,1,3,NULL),
(29,1,2,NULL),
(30,2,7,NULL),
(31,2,6,NULL),
(32,2,5,NULL);
/*!40000 ALTER TABLE `ProductTag` ENABLE KEYS */;

DROP TABLE IF EXISTS `Roles`;
CREATE TABLE `Roles` (
	`ID` INT AUTO_INCREMENT  NOT NULL,
	`Title` VARCHAR(100) CHARACTER SET utf8mb4  NULL,
	`Description` VARCHAR(500) CHARACTER SET utf8mb4  NULL,
	`Status` INT  NULL,
	`CreateBy` VARCHAR(50) CHARACTER SET utf8mb4  NULL,
	`CreatebyName` VARCHAR(100) CHARACTER SET utf8mb4  NULL,
	`CreateDate` DATETIME  NULL,
	`LastUpdateBy` VARCHAR(50) CHARACTER SET utf8mb4  NULL,
	`LastUpdateByName` VARCHAR(100) CHARACTER SET utf8mb4  NULL,
	`LastUpdateDate` DATETIME  NULL,
	PRIMARY KEY (`ID`)
);

/*!40000 ALTER TABLE `Roles` DISABLE KEYS */;
INSERT INTO `Roles` VALUES
(1,'超级管理员','超级管理员',1,NULL,NULL,NULL,'admin','ZKEASOFT','2019-04-07 16:39:17.073');
/*!40000 ALTER TABLE `Roles` ENABLE KEYS */;

DROP TABLE IF EXISTS `ScriptWidget`;
CREATE TABLE `ScriptWidget` (
	`ID` VARCHAR(100) CHARACTER SET utf8mb4  NOT NULL,
	`Script` LONGTEXT CHARACTER SET utf8mb4  NULL,
	PRIMARY KEY (`ID`),
	KEY `FK_ScriptWidget_CMS_WidgetBase` (`ID`),
	CONSTRAINT `FK_ScriptWidget_CMS_WidgetBase` FOREIGN KEY (`ID`) REFERENCES `CMS_WidgetBase` (`ID`) ON DELETE NO ACTION ON UPDATE NO ACTION
);


DROP TABLE IF EXISTS `SectionContent`;
CREATE TABLE `SectionContent` (
	`ID` VARCHAR(100) CHARACTER SET utf8mb4  NOT NULL,
	`SectionWidgetId` VARCHAR(100) CHARACTER SET utf8mb4  NOT NULL,
	`SectionGroupId` VARCHAR(100) CHARACTER SET utf8mb4  NOT NULL,
	`SectionContentType` INT  NULL,
	`Order` INT  NULL,
	`CreateBy` VARCHAR(50) CHARACTER SET utf8mb4  NULL,
	`CreatebyName` VARCHAR(100) CHARACTER SET utf8mb4  NULL,
	`CreateDate` DATETIME  NULL,
	`LastUpdateBy` VARCHAR(50) CHARACTER SET utf8mb4  NULL,
	`LastUpdateByName` VARCHAR(100) CHARACTER SET utf8mb4  NULL,
	`LastUpdateDate` DATETIME  NULL,
	PRIMARY KEY (`ID`),
	KEY `FK_SectionContent_Widget` (`SectionWidgetId`),
	CONSTRAINT `FK_SectionContent_Widget` FOREIGN KEY (`SectionWidgetId`) REFERENCES `SectionWidget` (`ID`) ON DELETE NO ACTION ON UPDATE NO ACTION
);

/*!40000 ALTER TABLE `SectionContent` DISABLE KEYS */;
INSERT INTO `SectionContent` VALUES
('083536d64b2f4840aa548e7117eb5c8d','e0783dbbcc564322a1f2e3ca2833dbd4','0015be62210742c083c3a9dad4b72fb5',1,7,'admin','ZKEASOFT','2017-10-15 18:11:36.767','admin','ZKEASOFT','2017-10-15 18:11:36.767'),
('08f659a819194f7ca0a41b668a2dee13','88ab49212dee47bba878a52bec86f501','50082fd30e01404fbb4fe6101353b1d5',1,2,'admin','ZKEASOFT','2017-10-15 18:11:36.800','admin','ZKEASOFT','2017-10-15 18:11:36.800'),
('1','80f365c7991a49a0b04aa11006018814','1',1,2,'admin',NULL,'2015-09-01 10:09:51.457','admin',NULL,'2015-09-01 10:12:05.037'),
('105','f41174cfa4d247f4974c47f4d2b000fd','40',4,1,'admin','ZKEASOFT','2016-03-09 21:22:05.273','admin','ZKEASOFT','2016-03-09 21:22:05.273'),
('106','f41174cfa4d247f4974c47f4d2b000fd','40',3,2,'admin','ZKEASOFT','2016-03-09 21:22:14.723','admin','ZKEASOFT','2016-03-09 21:22:14.723'),
('107','f41174cfa4d247f4974c47f4d2b000fd','41',4,1,'admin','ZKEASOFT','2016-03-09 21:22:39.543','admin','ZKEASOFT','2016-03-09 21:22:39.543'),
('108','f41174cfa4d247f4974c47f4d2b000fd','41',3,2,'admin','ZKEASOFT','2016-03-09 21:22:46.500','admin','ZKEASOFT','2016-03-09 21:22:46.500'),
('109','0f66ab8ff0df44e2b5e57fd8d8c5d8ff','42',4,1,'admin','ZKEASOFT','2016-03-09 21:23:51.287','admin','ZKEASOFT','2016-03-09 21:23:51.287'),
('110','0f66ab8ff0df44e2b5e57fd8d8c5d8ff','42',3,2,'admin','ZKEASOFT','2016-03-09 21:23:51.290','admin','ZKEASOFT','2016-03-09 21:23:51.290'),
('111','0f66ab8ff0df44e2b5e57fd8d8c5d8ff','43',4,1,'admin','ZKEASOFT','2016-03-09 21:23:51.293','admin','ZKEASOFT','2016-03-09 21:23:51.293'),
('112','0f66ab8ff0df44e2b5e57fd8d8c5d8ff','43',3,2,'admin','ZKEASOFT','2016-03-09 21:23:51.293','admin','ZKEASOFT','2016-03-09 21:23:51.293'),
('113','0f66ab8ff0df44e2b5e57fd8d8c5d8ff','44',4,1,'admin','ZKEASOFT','2016-03-09 21:24:36.340','admin','ZKEASOFT','2016-03-09 21:24:36.340'),
('114','0f66ab8ff0df44e2b5e57fd8d8c5d8ff','44',3,2,'admin','ZKEASOFT','2016-03-09 21:24:43.533','admin','ZKEASOFT','2016-03-09 21:24:43.533'),
('11fb7122ccd24686876238c6138aead2','e0783dbbcc564322a1f2e3ca2833dbd4','0015be62210742c083c3a9dad4b72fb5',1,5,'admin','ZKEASOFT','2017-10-15 18:11:36.760','admin','ZKEASOFT','2017-10-15 18:11:36.760'),
('13','2b3eb61307d24c50a6b3aaa75db3810e','5',2,1,'admin','ZKEASOFT','2016-03-09 14:07:06.270','admin','ZKEASOFT','2016-03-09 14:07:06.270'),
('14','2b3eb61307d24c50a6b3aaa75db3810e','5',4,2,'admin','ZKEASOFT','2016-03-09 14:07:14.397','admin','ZKEASOFT','2016-03-09 14:07:14.397'),
('15','2b3eb61307d24c50a6b3aaa75db3810e','5',3,3,'admin','ZKEASOFT','2016-03-09 14:07:22.330','admin','ZKEASOFT','2016-03-09 14:07:22.330'),
('16','00f62c5acfe840e0bee3ca2979f0f025','6',2,1,'admin','ZKEASOFT','2016-03-09 14:14:25.737','admin','ZKEASOFT','2016-03-09 14:14:25.737'),
('163','604b2461f7c545e28dbb21fb15def5c7','2',1,4,'admin','ZKEASOFT','2017-03-19 20:58:41.647','admin','ZKEASOFT','2017-03-19 20:58:41.647'),
('164','604b2461f7c545e28dbb21fb15def5c7','2',1,7,'admin','ZKEASOFT','2017-03-19 20:59:12.037','admin','ZKEASOFT','2017-03-19 20:59:12.037'),
('165','80f365c7991a49a0b04aa11006018814','1',3,3,NULL,NULL,NULL,'admin','ZKEASOFT','2017-10-15 17:02:22.540'),
('17','00f62c5acfe840e0bee3ca2979f0f025','6',4,2,'admin','ZKEASOFT','2016-03-09 14:14:33.683','admin','ZKEASOFT','2016-03-09 14:14:33.683'),
('18','00f62c5acfe840e0bee3ca2979f0f025','6',3,3,'admin','ZKEASOFT','2016-03-09 14:14:50.897','admin','ZKEASOFT','2016-03-09 14:14:50.897'),
('19','f6f11ba2fec844de883acf0a1fe3eb89','7',2,1,'admin','ZKEASOFT','2016-03-09 14:15:44.233','admin','ZKEASOFT','2016-03-09 14:15:44.233'),
('1c8ddf59f53f453188ce9c115f648a85','7f77f09c3fcd4d498a4aa3b1c9508d7d','80cb176412cf457a81ae7a1f9fa33ef6',1,1,'admin','ZKEASOFT','2017-10-15 17:03:36.227','admin','ZKEASOFT','2017-10-15 17:03:36.227'),
('20','f6f11ba2fec844de883acf0a1fe3eb89','7',4,2,'admin','ZKEASOFT','2016-03-09 14:15:44.237','admin','ZKEASOFT','2016-03-09 14:15:44.237'),
('21','f6f11ba2fec844de883acf0a1fe3eb89','7',3,3,'admin','ZKEASOFT','2016-03-09 14:15:44.240','admin','ZKEASOFT','2016-03-09 14:15:44.240'),
('22','481574ebc98b4cdf9a07e3f20c1ab78d','8',2,1,'admin','ZKEASOFT','2016-03-09 14:15:48.877','admin','ZKEASOFT','2016-03-09 14:15:48.877'),
('2261e8417e5541d5bbde6c743cdcfb7c','e0783dbbcc564322a1f2e3ca2833dbd4','0015be62210742c083c3a9dad4b72fb5',1,4,'admin','ZKEASOFT','2017-10-15 18:11:36.757','admin','ZKEASOFT','2017-10-15 18:11:36.757'),
('23','481574ebc98b4cdf9a07e3f20c1ab78d','8',4,2,'admin','ZKEASOFT','2016-03-09 14:15:48.877','admin','ZKEASOFT','2016-03-09 14:15:48.877'),
('24','481574ebc98b4cdf9a07e3f20c1ab78d','8',3,3,'admin','ZKEASOFT','2016-03-09 14:15:48.880','admin','ZKEASOFT','2016-03-09 14:15:48.880'),
('25','b568ff7f4a894870adaf9afadf787bf9','9',2,1,'admin','ZKEASOFT','2016-03-09 14:21:44.433','admin','ZKEASOFT','2016-03-09 14:21:44.433'),
('26','b568ff7f4a894870adaf9afadf787bf9','9',3,2,'admin','ZKEASOFT','2016-03-09 14:21:53.837','admin','ZKEASOFT','2016-03-09 14:21:53.837'),
('27','b568ff7f4a894870adaf9afadf787bf9','10',2,1,'admin','ZKEASOFT','2016-03-09 14:22:35.620','admin','ZKEASOFT','2016-03-09 14:22:35.620'),
('28','b568ff7f4a894870adaf9afadf787bf9','10',3,2,'admin','ZKEASOFT','2016-03-09 14:24:34.193','admin','ZKEASOFT','2016-03-09 14:24:34.193'),
('29','55b73e54fd054de4847960bdac350c6d','11',2,1,'admin','ZKEASOFT','2016-03-09 14:33:40.580','admin','ZKEASOFT','2016-03-09 14:33:40.580'),
('2fde1f872b9d423d87866cb4e1d4e9fb','604b2461f7c545e28dbb21fb15def5c7','2',1,6,'admin','ZKEASOFT','2017-10-15 17:18:30.710','admin','ZKEASOFT','2017-10-15 17:18:30.710'),
('3','604b2461f7c545e28dbb21fb15def5c7','2',1,2,'admin',NULL,'2015-09-01 10:15:07.310','admin',NULL,'2015-09-01 10:15:07.310'),
('30','55b73e54fd054de4847960bdac350c6d','11',3,3,'admin','ZKEASOFT','2016-03-09 14:33:40.580','admin','ZKEASOFT','2016-03-09 14:33:40.580'),
('31','55b73e54fd054de4847960bdac350c6d','12',2,1,'admin','ZKEASOFT','2016-03-09 14:33:40.587','admin','ZKEASOFT','2016-03-09 14:33:40.587'),
('32','55b73e54fd054de4847960bdac350c6d','12',3,3,'admin','ZKEASOFT','2016-03-09 14:33:40.587','admin','ZKEASOFT','2016-03-09 14:33:40.587'),
('33','55b73e54fd054de4847960bdac350c6d','11',4,2,'admin','ZKEASOFT','2016-03-09 14:34:38.457','admin','ZKEASOFT','2016-03-09 14:34:38.457'),
('34','55b73e54fd054de4847960bdac350c6d','12',4,2,'admin','ZKEASOFT','2016-03-09 14:34:51.847','admin','ZKEASOFT','2016-03-09 14:34:51.847'),
('35','ed837392097f4e60b812bc57111dd762','13',2,1,'admin','ZKEASOFT','2016-03-09 14:36:24.470','admin','ZKEASOFT','2016-03-09 14:36:24.470'),
('36','ed837392097f4e60b812bc57111dd762','13',3,2,'admin','ZKEASOFT','2016-03-09 14:36:24.470','admin','ZKEASOFT','2016-03-09 14:36:24.470'),
('37','ed837392097f4e60b812bc57111dd762','14',2,1,'admin','ZKEASOFT','2016-03-09 14:36:24.490','admin','ZKEASOFT','2016-03-09 14:36:24.490'),
('38','ed837392097f4e60b812bc57111dd762','14',3,2,'admin','ZKEASOFT','2016-03-09 14:36:24.493','admin','ZKEASOFT','2016-03-09 14:36:24.493'),
('39','ed837392097f4e60b812bc57111dd762','15',2,1,'admin','ZKEASOFT','2016-03-09 14:38:16.067','admin','ZKEASOFT','2016-03-09 14:38:16.067'),
('4','604b2461f7c545e28dbb21fb15def5c7','2',1,5,NULL,NULL,NULL,'admin','ZKEASOFT','2017-10-15 17:18:02.197'),
('40','ed837392097f4e60b812bc57111dd762','15',3,2,'admin','ZKEASOFT','2016-03-09 14:38:27.630','admin','ZKEASOFT','2016-03-09 14:38:27.630'),
('41','1fb967867e3b440e86336bc5a51e8719','16',2,1,'admin','ZKEASOFT','2016-03-09 14:40:26.777','admin','ZKEASOFT','2016-03-09 14:40:26.777'),
('42','1fb967867e3b440e86336bc5a51e8719','16',3,3,'admin','ZKEASOFT','2016-03-09 14:40:26.780','admin','ZKEASOFT','2016-03-09 14:40:26.780'),
('43','1fb967867e3b440e86336bc5a51e8719','17',2,1,'admin','ZKEASOFT','2016-03-09 14:40:26.783','admin','ZKEASOFT','2016-03-09 14:40:26.783'),
('44','1fb967867e3b440e86336bc5a51e8719','17',3,3,'admin','ZKEASOFT','2016-03-09 14:40:26.783','admin','ZKEASOFT','2016-03-09 14:40:26.783'),
('45','1fb967867e3b440e86336bc5a51e8719','18',2,1,'admin','ZKEASOFT','2016-03-09 14:40:26.787','admin','ZKEASOFT','2016-03-09 14:40:26.787'),
('45add364d0574b3687908dea124e429f','e0783dbbcc564322a1f2e3ca2833dbd4','0015be62210742c083c3a9dad4b72fb5',1,3,'admin','ZKEASOFT','2017-10-15 18:11:36.757','admin','ZKEASOFT','2017-10-15 18:11:36.757'),
('46','1fb967867e3b440e86336bc5a51e8719','18',3,3,'admin','ZKEASOFT','2016-03-09 14:40:26.787','admin','ZKEASOFT','2016-03-09 14:40:26.787'),
('47','1fb967867e3b440e86336bc5a51e8719','16',4,2,'admin','ZKEASOFT','2016-03-09 14:41:13.710','admin','ZKEASOFT','2016-03-09 14:41:13.710'),
('48','1fb967867e3b440e86336bc5a51e8719','17',4,2,'admin','ZKEASOFT','2016-03-09 14:42:01.137','admin','ZKEASOFT','2016-03-09 14:42:01.137'),
('49','1fb967867e3b440e86336bc5a51e8719','18',4,2,'admin','ZKEASOFT','2016-03-09 14:42:20.190','admin','ZKEASOFT','2016-03-09 14:42:20.190'),
('5','604b2461f7c545e28dbb21fb15def5c7','2',1,1,NULL,NULL,NULL,'admin','ZKEASOFT','2017-10-15 17:17:12.377'),
('513f11827367468a9fc870ac534cbc6a','88ab49212dee47bba878a52bec86f501','50082fd30e01404fbb4fe6101353b1d5',3,3,'admin','ZKEASOFT','2017-10-15 18:11:36.803','admin','ZKEASOFT','2017-10-15 18:11:36.803'),
('6','604b2461f7c545e28dbb21fb15def5c7','2',1,3,'admin','ZKEASOFT','2016-03-01 10:45:25.393','admin','ZKEASOFT','2016-03-01 10:45:25.393'),
('6c34eb97f4d142cf92485f496aa7749b','e0783dbbcc564322a1f2e3ca2833dbd4','0015be62210742c083c3a9dad4b72fb5',1,2,'admin','ZKEASOFT','2017-10-15 18:11:36.753','admin','ZKEASOFT','2017-10-15 18:11:36.753'),
('81f7765ff0e649c1b7912c482be6195c','e0783dbbcc564322a1f2e3ca2833dbd4','0015be62210742c083c3a9dad4b72fb5',1,1,'admin','ZKEASOFT','2017-10-15 18:11:36.747','admin','ZKEASOFT','2017-10-15 18:11:36.747'),
('8308cd484f8d450da9bfadc11398b302','e0783dbbcc564322a1f2e3ca2833dbd4','0015be62210742c083c3a9dad4b72fb5',1,6,'admin','ZKEASOFT','2017-10-15 18:11:36.763','admin','ZKEASOFT','2017-10-15 18:11:36.763'),
('cfa29c5af91141598e9ade186f1ba4ba','7e7a1d5b8d644333a7b3341509fc960f','9ce2c15af93c4fd782e17a1e7e35963f',3,2,'admin','ZKEASOFT','2017-10-15 18:11:36.783','admin','ZKEASOFT','2017-10-15 18:11:36.783'),
('e748a75135904442860c52822af33c7d','7f77f09c3fcd4d498a4aa3b1c9508d7d','80cb176412cf457a81ae7a1f9fa33ef6',3,2,'admin','ZKEASOFT','2017-10-15 17:04:41.027','admin','ZKEASOFT','2017-10-15 17:04:41.027'),
('e8b4787cc6f240a8bfcae2ac26e06d79','7e7a1d5b8d644333a7b3341509fc960f','9ce2c15af93c4fd782e17a1e7e35963f',1,1,'admin','ZKEASOFT','2017-10-15 18:11:36.783','admin','ZKEASOFT','2017-10-15 18:11:36.783');
/*!40000 ALTER TABLE `SectionContent` ENABLE KEYS */;

DROP TABLE IF EXISTS `SectionContentCallToAction`;
CREATE TABLE `SectionContentCallToAction` (
	`ID` VARCHAR(100) CHARACTER SET utf8mb4  NOT NULL,
	`SectionWidgetId` VARCHAR(100) CHARACTER SET utf8mb4  NOT NULL,
	`InnerText` VARCHAR(255) CHARACTER SET utf8mb4  NULL,
	`Href` VARCHAR(255) CHARACTER SET utf8mb4  NULL,
	PRIMARY KEY (`ID`)
);

/*!40000 ALTER TABLE `SectionContentCallToAction` DISABLE KEYS */;
INSERT INTO `SectionContentCallToAction` VALUES
('083536d64b2f4840aa548e7117eb5c8d','e0783dbbcc564322a1f2e3ca2833dbd4','许可协议','http://www.zkea.net/licenses'),
('08f659a819194f7ca0a41b668a2dee13','88ab49212dee47bba878a52bec86f501','登录后台','/admin'),
('1','80f365c7991a49a0b04aa11006018814','登录后台','/admin'),
('11fb7122ccd24686876238c6138aead2','e0783dbbcc564322a1f2e3ca2833dbd4','ZKEACMS(.Net4)','http://www.zkea.net/zkeacms'),
('163','604b2461f7c545e28dbb21fb15def5c7','商业授权','http://www.zkea.net/zkeacms/price'),
('164','604b2461f7c545e28dbb21fb15def5c7','许可协议','http://www.zkea.net/licenses'),
('1c8ddf59f53f453188ce9c115f648a85','7f77f09c3fcd4d498a4aa3b1c9508d7d','个人中心','/Account'),
('2261e8417e5541d5bbde6c743cdcfb7c','e0783dbbcc564322a1f2e3ca2833dbd4','商业授权','http://www.zkea.net/zkeacms/price'),
('2fde1f872b9d423d87866cb4e1d4e9fb','604b2461f7c545e28dbb21fb15def5c7','开发文档','http://www.zkea.net/zkeacms/document'),
('3','604b2461f7c545e28dbb21fb15def5c7','GitHub','https://github.com/SeriaWei/ZKEACMS.Core'),
('4','604b2461f7c545e28dbb21fb15def5c7','ZKEACMS(.Net4)','http://www.zkea.net/zkeacms'),
('45add364d0574b3687908dea124e429f','e0783dbbcc564322a1f2e3ca2833dbd4','开源中国','http://git.oschina.net/seriawei/ZKEACMS.Core'),
('5','604b2461f7c545e28dbb21fb15def5c7','官方网站','http://www.zkea.net'),
('6','604b2461f7c545e28dbb21fb15def5c7','开源中国','http://git.oschina.net/seriawei/ZKEACMS.Core'),
('6c34eb97f4d142cf92485f496aa7749b','e0783dbbcc564322a1f2e3ca2833dbd4','GitHub','https://github.com/SeriaWei/ZKEACMS.Core'),
('81f7765ff0e649c1b7912c482be6195c','e0783dbbcc564322a1f2e3ca2833dbd4','官方网站','http://www.zkea.net'),
('8308cd484f8d450da9bfadc11398b302','e0783dbbcc564322a1f2e3ca2833dbd4','开发文档','http://www.zkea.net/zkeacms/document'),
('e8b4787cc6f240a8bfcae2ac26e06d79','7e7a1d5b8d644333a7b3341509fc960f','个人中心','/Account');
/*!40000 ALTER TABLE `SectionContentCallToAction` ENABLE KEYS */;

DROP TABLE IF EXISTS `SectionContentImage`;
CREATE TABLE `SectionContentImage` (
	`ID` VARCHAR(100) CHARACTER SET utf8mb4  NOT NULL,
	`SectionWidgetId` VARCHAR(100) CHARACTER SET utf8mb4  NOT NULL,
	`ImageSrc` VARCHAR(255) CHARACTER SET utf8mb4  NULL,
	`ImageAlt` VARCHAR(255) CHARACTER SET utf8mb4  NULL,
	`ImageTitle` VARCHAR(255) CHARACTER SET utf8mb4  NULL,
	`Href` VARCHAR(255) CHARACTER SET utf8mb4  NULL,
	`Width` INT  NULL,
	`Height` INT  NULL,
	PRIMARY KEY (`ID`)
);

/*!40000 ALTER TABLE `SectionContentImage` DISABLE KEYS */;
INSERT INTO `SectionContentImage` VALUES
('13','2b3eb61307d24c50a6b3aaa75db3810e','~/images/01.jpg',NULL,NULL,NULL,NULL,NULL),
('16','00f62c5acfe840e0bee3ca2979f0f025','~/images/02.jpg',NULL,NULL,NULL,NULL,NULL),
('19','f6f11ba2fec844de883acf0a1fe3eb89','~/images/04.jpg',NULL,NULL,NULL,NULL,NULL),
('22','481574ebc98b4cdf9a07e3f20c1ab78d','~/images/03.jpg',NULL,NULL,NULL,NULL,NULL),
('25','b568ff7f4a894870adaf9afadf787bf9','~/images/05.jpg',NULL,NULL,NULL,NULL,NULL),
('27','b568ff7f4a894870adaf9afadf787bf9','~/images/06.jpg',NULL,NULL,NULL,NULL,NULL),
('29','55b73e54fd054de4847960bdac350c6d','~/images/07.jpg',NULL,NULL,NULL,NULL,NULL),
('31','55b73e54fd054de4847960bdac350c6d','~/images/08.jpg',NULL,NULL,NULL,NULL,NULL),
('35','ed837392097f4e60b812bc57111dd762','~/images/09.jpg',NULL,NULL,NULL,NULL,NULL),
('37','ed837392097f4e60b812bc57111dd762','~/images/10.jpg',NULL,NULL,NULL,NULL,NULL),
('39','ed837392097f4e60b812bc57111dd762','~/images/11.jpg',NULL,NULL,NULL,NULL,NULL),
('41','1fb967867e3b440e86336bc5a51e8719','~/images/12.jpg',NULL,NULL,NULL,NULL,NULL),
('43','1fb967867e3b440e86336bc5a51e8719','~/images/13.jpg',NULL,NULL,NULL,NULL,NULL),
('45','1fb967867e3b440e86336bc5a51e8719','~/images/14.jpg',NULL,NULL,NULL,NULL,NULL);
/*!40000 ALTER TABLE `SectionContentImage` ENABLE KEYS */;

DROP TABLE IF EXISTS `SectionContentParagraph`;
CREATE TABLE `SectionContentParagraph` (
	`ID` VARCHAR(100) CHARACTER SET utf8mb4  NOT NULL,
	`SectionWidgetId` VARCHAR(100) CHARACTER SET utf8mb4  NOT NULL,
	`HtmlContent` LONGTEXT CHARACTER SET utf8mb4  NULL,
	PRIMARY KEY (`ID`)
);

/*!40000 ALTER TABLE `SectionContentParagraph` DISABLE KEYS */;
INSERT INTO `SectionContentParagraph` VALUES
('106','f41174cfa4d247f4974c47f4d2b000fd','<p><a href="https://github.com/SeriaWei/ASP.NET-MVC-CMS">ZKEACMS</a>是基于<a href="http://www.zkea.net/easyframework">EasyFrameWork</a>，使用ASP.NET MVC4开发的开源CMS。</p>
<p>ZKEACMS一个内容管理软件（网站）。ZKEACMS不仅只是管理内容，更是重新定义了布局、页面和组件，让用户可以自由规划页面的布局，页面和内容。</p>
<p>ZKEACMS使用可视化编辑设计，真正做到所见即所得，可直接在预览页面上设计页面。</p>
<p>ZKEACMS采用插件式设计，支持扩展新插件。</p>'),
('108','f41174cfa4d247f4974c47f4d2b000fd','<p><a href="https://github.com/SeriaWei/ASP.NET-MVC-CMS">ZKEACMS</a>是基于<a href="http://www.zkea.net/easyframework">EasyFrameWork</a>，使用ASP.NET MVC4开发的开源CMS。</p>
<p>ZKEACMS一个内容管理软件（网站）。ZKEACMS不仅只是管理内容，更是重新定义了布局、页面和组件，让用户可以自由规划页面的布局，页面和内容。</p>
<p>ZKEACMS使用可视化编辑设计，真正做到所见即所得，可直接在预览页面上设计页面。</p>
<p>ZKEACMS采用插件式设计，支持扩展新插件。</p>'),
('110','0f66ab8ff0df44e2b5e57fd8d8c5d8ff','<p>主要集中在已进入中国市场的跨国公司、行业领先的外企、知名的中国大中企业和更多成长迅速的新兴企业。</p>
<p>尤其擅长为中外企业推荐中、高层管理职位和关键技术职位，帮助其迅速搭建及完善起一支高适配性的专业化管理团队。</p>'),
('112','0f66ab8ff0df44e2b5e57fd8d8c5d8ff','<p>主要集中在已进入中国市场的跨国公司、行业领先的外企、知名的中国大中企业和更多成长迅速的新兴企业。</p>
<p>尤其擅长为中外企业推荐中、高层管理职位和关键技术职位，帮助其迅速搭建及完善起一支高适配性的专业化管理团队。</p>'),
('114','0f66ab8ff0df44e2b5e57fd8d8c5d8ff','<p>主要集中在已进入中国市场的跨国公司、行业领先的外企、知名的中国大中企业和更多成长迅速的新兴企业。</p>
<p>尤其擅长为中外企业推荐中、高层管理职位和关键技术职位，帮助其迅速搭建及完善起一支高适配性的专业化管理团队。</p>'),
('15','2b3eb61307d24c50a6b3aaa75db3810e','<p>主要集中在已进入中国市场的跨国公司、行业领先的外企、知名的中国大中企业和更多成长迅速的新兴企业。</p>
<p>尤其擅长为中外企业推荐中、高层管理职位和关键技术职位，帮助其迅速搭建及完善起一支高适配性的专业化管理团队。</p>'),
('165','80f365c7991a49a0b04aa11006018814','<p>用户名,密码:admin</p>'),
('18','00f62c5acfe840e0bee3ca2979f0f025','<p>主要集中在已进入中国市场的跨国公司、行业领先的外企、知名的中国大中企业和更多成长迅速的新兴企业。</p>
<p>尤其擅长为中外企业推荐中、高层管理职位和关键技术职位，帮助其迅速搭建及完善起一支高适配性的专业化管理团队。</p>'),
('21','f6f11ba2fec844de883acf0a1fe3eb89','<p>ZKEACMS一个内容管理软件（网站）。ZKEACMS不仅只是管理内容，更是重新定义了布局、页面和组件，让用户可以自由规划页面的布局，页面和内容。</p>
<p>ZKEACMS使用可视化编辑设计，真正做到所见即所得，可直接在预览页面上设计页面。</p>'),
('24','481574ebc98b4cdf9a07e3f20c1ab78d','<p>主要集中在已进入中国市场的跨国公司、行业领先的外企、知名的中国大中企业和更多成长迅速的新兴企业。</p>
<p>尤其擅长为中外企业推荐中、高层管理职位和关键技术职位，帮助其迅速搭建及完善起一支高适配性的专业化管理团队。</p>'),
('26','b568ff7f4a894870adaf9afadf787bf9','<p><span>在建筑设计市场向国际化接轨的过程中，</span><span>建筑工程结构设计必将占据越来越重要的位置。</span></p>'),
('28','b568ff7f4a894870adaf9afadf787bf9','<p><span>在建筑设计市场向国际化接轨的过程中，</span><span>建筑工程结构设计必将占据越来越重要的位置。</span></p>'),
('30','55b73e54fd054de4847960bdac350c6d','<p><span>在建筑设计市场向国际化接轨的过程中，</span><span>建筑工程结构设计必将占据越来越重要的位置。</span></p>'),
('32','55b73e54fd054de4847960bdac350c6d','<p><span>在建筑设计市场向国际化接轨的过程中，</span><span>建筑工程结构设计必将占据越来越重要的位置。</span></p>'),
('36','ed837392097f4e60b812bc57111dd762','<p><span>由石油炼制获得的汽油、</span><span>喷气燃料、柴油，重油等液体燃料。</span></p>'),
('38','ed837392097f4e60b812bc57111dd762','<p><span>由石油炼制获得的汽油、</span><span>喷气燃料、柴油，重油等液体燃料。</span></p>'),
('40','ed837392097f4e60b812bc57111dd762','<p><span>由石油炼制获得的汽油、</span><span>喷气燃料、柴油，重油等液体燃料。</span></p>'),
('42','1fb967867e3b440e86336bc5a51e8719','<p><span>在建筑设计市场向国际化接轨的过程中，</span><span>建筑工程结构设计必将占据越来越重要的位置。</span></p>'),
('44','1fb967867e3b440e86336bc5a51e8719','<p><span>由石油炼制获得的汽油、</span><span>喷气燃料、柴油，重油等液体燃料。</span></p>'),
('46','1fb967867e3b440e86336bc5a51e8719','<p><span>我国汽车工业的现状喜忧参半，</span><span>展望我国汽车工业的未来风险与机遇并存。</span></p>'),
('513f11827367468a9fc870ac534cbc6a','88ab49212dee47bba878a52bec86f501','<p>用户名,密码:admin</p>'),
('cfa29c5af91141598e9ade186f1ba4ba','7e7a1d5b8d644333a7b3341509fc960f','<p>前端用户注册，用户管理</p>'),
('e748a75135904442860c52822af33c7d','7f77f09c3fcd4d498a4aa3b1c9508d7d','<p>前端用户注册，用户管理</p>');
/*!40000 ALTER TABLE `SectionContentParagraph` ENABLE KEYS */;

DROP TABLE IF EXISTS `SectionContentTitle`;
CREATE TABLE `SectionContentTitle` (
	`ID` VARCHAR(100) CHARACTER SET utf8mb4  NOT NULL,
	`SectionWidgetId` VARCHAR(100) CHARACTER SET utf8mb4  NOT NULL,
	`InnerText` VARCHAR(255) CHARACTER SET utf8mb4  NULL,
	`Href` VARCHAR(255) CHARACTER SET utf8mb4  NULL,
	`TitleLevel` VARCHAR(10) CHARACTER SET utf8mb4  NULL,
	PRIMARY KEY (`ID`)
);

/*!40000 ALTER TABLE `SectionContentTitle` DISABLE KEYS */;
INSERT INTO `SectionContentTitle` VALUES
('105','f41174cfa4d247f4974c47f4d2b000fd','ZKEACMS',NULL,NULL),
('107','f41174cfa4d247f4974c47f4d2b000fd','ZKEACMS',NULL,NULL),
('109','0f66ab8ff0df44e2b5e57fd8d8c5d8ff','WHY CHOOSE US?',NULL,NULL),
('111','0f66ab8ff0df44e2b5e57fd8d8c5d8ff','WHY CHOOSE US?',NULL,NULL),
('113','0f66ab8ff0df44e2b5e57fd8d8c5d8ff','WHY CHOOSE US?',NULL,NULL),
('14','2b3eb61307d24c50a6b3aaa75db3810e','WHY CHOOSE US?',NULL,NULL),
('17','00f62c5acfe840e0bee3ca2979f0f025','WHY CHOOSE US?',NULL,NULL),
('20','f6f11ba2fec844de883acf0a1fe3eb89','WHY CHOOSE US?',NULL,NULL),
('23','481574ebc98b4cdf9a07e3f20c1ab78d','WHY CHOOSE US?',NULL,NULL),
('33','55b73e54fd054de4847960bdac350c6d','建筑业',NULL,NULL),
('34','55b73e54fd054de4847960bdac350c6d','能源化工',NULL,NULL),
('47','1fb967867e3b440e86336bc5a51e8719','建筑业',NULL,NULL),
('48','1fb967867e3b440e86336bc5a51e8719','能源化工',NULL,NULL),
('49','1fb967867e3b440e86336bc5a51e8719','汽车业',NULL,NULL);
/*!40000 ALTER TABLE `SectionContentTitle` ENABLE KEYS */;

DROP TABLE IF EXISTS `SectionContentVideo`;
CREATE TABLE `SectionContentVideo` (
	`ID` VARCHAR(100) CHARACTER SET utf8mb4  NOT NULL,
	`VideoTitle` VARCHAR(200) CHARACTER SET utf8mb4  NULL,
	`Thumbnail` VARCHAR(200) CHARACTER SET utf8mb4  NULL,
	`SectionWidgetId` VARCHAR(100) CHARACTER SET utf8mb4  NOT NULL,
	`Width` INT  NULL,
	`Height` INT  NULL,
	`Url` VARCHAR(256) CHARACTER SET utf8mb4  NULL,
	`Code` LONGTEXT CHARACTER SET utf8mb4  NULL,
	PRIMARY KEY (`ID`)
);


DROP TABLE IF EXISTS `SectionGroup`;
CREATE TABLE `SectionGroup` (
	`ID` VARCHAR(100) CHARACTER SET utf8mb4  NOT NULL,
	`GroupName` VARCHAR(255) CHARACTER SET utf8mb4  NULL,
	`SectionWidgetId` VARCHAR(100) CHARACTER SET utf8mb4  NOT NULL,
	`PartialView` VARCHAR(100) CHARACTER SET utf8mb4  NULL,
	`Order` INT  NULL,
	`CreateBy` VARCHAR(50) CHARACTER SET utf8mb4  NULL,
	`CreatebyName` VARCHAR(100) CHARACTER SET utf8mb4  NULL,
	`CreateDate` DATETIME  NULL,
	`LastUpdateBy` VARCHAR(50) CHARACTER SET utf8mb4  NULL,
	`LastUpdateByName` VARCHAR(100) CHARACTER SET utf8mb4  NULL,
	`LastUpdateDate` DATETIME  NULL,
	`PercentWidth` VARCHAR(100) CHARACTER SET utf8mb4  NULL,
	PRIMARY KEY (`ID`),
	KEY `FK_SectionGroup_SectionGroup_Template` (`PartialView`),
	CONSTRAINT `FK_SectionGroup_SectionGroup_Template` FOREIGN KEY (`PartialView`) REFERENCES `SectionTemplate` (`TemplateName`) ON DELETE NO ACTION ON UPDATE NO ACTION,
	KEY `FK_SectionGroup_SectionWidget` (`SectionWidgetId`),
	CONSTRAINT `FK_SectionGroup_SectionWidget` FOREIGN KEY (`SectionWidgetId`) REFERENCES `SectionWidget` (`ID`) ON DELETE NO ACTION ON UPDATE NO ACTION
);

/*!40000 ALTER TABLE `SectionGroup` DISABLE KEYS */;
INSERT INTO `SectionGroup` VALUES
('0015be62210742c083c3a9dad4b72fb5','组1','e0783dbbcc564322a1f2e3ca2833dbd4','SectionTemplate.Default',0,'admin','ZKEASOFT','2017-10-15 18:11:36.740','admin','ZKEASOFT','2017-10-15 18:11:36.740',NULL),
('1','组1','80f365c7991a49a0b04aa11006018814','SectionTemplate.Default',0,NULL,NULL,NULL,NULL,NULL,NULL,NULL),
('10','右','b568ff7f4a894870adaf9afadf787bf9','SectionTemplate.Default',2,NULL,NULL,NULL,NULL,NULL,NULL,'col-sm-6'),
('11','左','55b73e54fd054de4847960bdac350c6d','SectionTemplate.Default',1,NULL,NULL,NULL,NULL,NULL,NULL,'col-sm-6'),
('12','右','55b73e54fd054de4847960bdac350c6d','SectionTemplate.Default',2,NULL,NULL,NULL,NULL,NULL,NULL,'col-sm-6'),
('13','左','ed837392097f4e60b812bc57111dd762','SectionTemplate.Default',1,NULL,NULL,NULL,NULL,NULL,NULL,'col-sm-4'),
('14','中','ed837392097f4e60b812bc57111dd762','SectionTemplate.Default',2,NULL,NULL,NULL,NULL,NULL,NULL,'col-sm-4'),
('15','右','ed837392097f4e60b812bc57111dd762','SectionTemplate.Default',3,NULL,NULL,NULL,NULL,NULL,NULL,'col-sm-4'),
('16','左','1fb967867e3b440e86336bc5a51e8719','SectionTemplate.Default',1,NULL,NULL,NULL,NULL,NULL,NULL,'col-sm-4'),
('17','中','1fb967867e3b440e86336bc5a51e8719','SectionTemplate.Default',2,NULL,NULL,NULL,NULL,NULL,NULL,'col-sm-4'),
('18','右','1fb967867e3b440e86336bc5a51e8719','SectionTemplate.Default',3,NULL,NULL,NULL,NULL,NULL,NULL,'col-sm-4'),
('2','组1','604b2461f7c545e28dbb21fb15def5c7','SectionTemplate.Default',0,NULL,NULL,NULL,NULL,NULL,NULL,NULL),
('40','左','f41174cfa4d247f4974c47f4d2b000fd','SectionTemplate.Default',1,NULL,NULL,NULL,NULL,NULL,NULL,'col-sm-6'),
('41','右','f41174cfa4d247f4974c47f4d2b000fd','SectionTemplate.Default',2,NULL,NULL,NULL,NULL,NULL,NULL,'col-sm-6'),
('42','左','0f66ab8ff0df44e2b5e57fd8d8c5d8ff','SectionTemplate.Default',1,NULL,NULL,NULL,NULL,NULL,NULL,'col-sm-4'),
('43','右','0f66ab8ff0df44e2b5e57fd8d8c5d8ff','SectionTemplate.Default',3,NULL,NULL,NULL,NULL,NULL,NULL,'col-sm-4'),
('44','中','0f66ab8ff0df44e2b5e57fd8d8c5d8ff','SectionTemplate.Default',2,NULL,NULL,NULL,NULL,NULL,NULL,'col-sm-4'),
('5','G1','2b3eb61307d24c50a6b3aaa75db3810e','SectionTemplate.ListView',1,NULL,NULL,NULL,NULL,NULL,NULL,NULL),
('50082fd30e01404fbb4fe6101353b1d5','组1','88ab49212dee47bba878a52bec86f501','SectionTemplate.Default',0,'admin','ZKEASOFT','2017-10-15 18:11:36.800','admin','ZKEASOFT','2017-10-15 18:11:36.800',NULL),
('6','G1','00f62c5acfe840e0bee3ca2979f0f025','SectionTemplate.ImageRight',1,NULL,NULL,NULL,NULL,NULL,NULL,NULL),
('7','G1','f6f11ba2fec844de883acf0a1fe3eb89','SectionTemplate.ImageRight',1,NULL,NULL,NULL,NULL,NULL,NULL,NULL),
('8','G1','481574ebc98b4cdf9a07e3f20c1ab78d','SectionTemplate.ListView',1,NULL,NULL,NULL,NULL,NULL,NULL,NULL),
('80cb176412cf457a81ae7a1f9fa33ef6','组1','7f77f09c3fcd4d498a4aa3b1c9508d7d','SectionTemplate.Default',1,'admin','ZKEASOFT','2017-10-15 17:03:17.247','admin','ZKEASOFT','2017-10-15 17:03:17.247',''),
('9','左','b568ff7f4a894870adaf9afadf787bf9','SectionTemplate.Default',1,NULL,NULL,NULL,NULL,NULL,NULL,'col-sm-6'),
('9ce2c15af93c4fd782e17a1e7e35963f','组1','7e7a1d5b8d644333a7b3341509fc960f','SectionTemplate.Default',1,'admin','ZKEASOFT','2017-10-15 18:11:36.780','admin','ZKEASOFT','2017-10-15 18:11:36.780','');
/*!40000 ALTER TABLE `SectionGroup` ENABLE KEYS */;

DROP TABLE IF EXISTS `SectionTemplate`;
CREATE TABLE `SectionTemplate` (
	`TemplateName` VARCHAR(100) CHARACTER SET utf8mb4  NOT NULL,
	`Title` VARCHAR(255) CHARACTER SET utf8mb4  NULL,
	`Thumbnail` VARCHAR(100) CHARACTER SET utf8mb4  NULL,
	`ExampleData` VARCHAR(100) CHARACTER SET utf8mb4  NULL,
	`Status` INT  NULL,
	`Description` VARCHAR(500) CHARACTER SET utf8mb4  NULL,
	`CreateBy` VARCHAR(50) CHARACTER SET utf8mb4  NULL,
	`CreatebyName` VARCHAR(100) CHARACTER SET utf8mb4  NULL,
	`CreateDate` DATETIME  NULL,
	`LastUpdateBy` VARCHAR(50) CHARACTER SET utf8mb4  NULL,
	`LastUpdateByName` VARCHAR(100) CHARACTER SET utf8mb4  NULL,
	`LastUpdateDate` DATETIME  NULL,
	PRIMARY KEY (`TemplateName`)
);

/*!40000 ALTER TABLE `SectionTemplate` DISABLE KEYS */;
INSERT INTO `SectionTemplate` VALUES
('SectionTemplate.Column','左右','Thumbnail\SectionTemplate.Column.png','Thumbnail\SectionTemplate.Column.xml',1,NULL,NULL,NULL,NULL,NULL,NULL,NULL),
('SectionTemplate.Default','默认','Thumbnail\SectionTemplate.Default.png','Thumbnail\SectionTemplate.Default.xml',1,NULL,NULL,NULL,NULL,NULL,NULL,NULL),
('SectionTemplate.ImageRight','图片右','Thumbnail\SectionTemplate.ImageRight.png','Thumbnail\SectionTemplate.ImageRight.xml',1,NULL,NULL,NULL,NULL,NULL,NULL,NULL),
('SectionTemplate.LinkGroup','链接组','Thumbnail\SectionTemplate.LinkGroup.png','Thumbnail\SectionTemplate.LinkGroup.xml',1,NULL,NULL,NULL,NULL,NULL,NULL,NULL),
('SectionTemplate.ListGroup','列表组','Thumbnail\SectionTemplate.ListGroup.png','Thumbnail\SectionTemplate.ListGroup.xml',1,NULL,NULL,NULL,NULL,NULL,NULL,NULL),
('SectionTemplate.ListView','媒体列表','Thumbnail\SectionTemplate.ListView.png','Thumbnail\SectionTemplate.ListView.xml',1,NULL,NULL,NULL,NULL,NULL,NULL,NULL),
('SectionTemplate.Thumbnail','缩略图','Thumbnail\SectionTemplate.Thumbnail.png','Thumbnail\SectionTemplate.Thumbnail.xml',1,NULL,NULL,NULL,NULL,NULL,NULL,NULL);
/*!40000 ALTER TABLE `SectionTemplate` ENABLE KEYS */;

DROP TABLE IF EXISTS `SectionWidget`;
CREATE TABLE `SectionWidget` (
	`ID` VARCHAR(100) CHARACTER SET utf8mb4  NOT NULL,
	`SectionTitle` VARCHAR(255) CHARACTER SET utf8mb4  NULL,
	`IsHorizontal` TINYINT(1)  NULL,
	PRIMARY KEY (`ID`),
	KEY `FK_SectionWidget_CMS_WidgetBase` (`ID`),
	CONSTRAINT `FK_SectionWidget_CMS_WidgetBase` FOREIGN KEY (`ID`) REFERENCES `CMS_WidgetBase` (`ID`) ON DELETE NO ACTION ON UPDATE NO ACTION
);

/*!40000 ALTER TABLE `SectionWidget` DISABLE KEYS */;
INSERT INTO `SectionWidget` VALUES
('00f62c5acfe840e0bee3ca2979f0f025',NULL,NULL),
('0f66ab8ff0df44e2b5e57fd8d8c5d8ff',NULL,NULL),
('1fb967867e3b440e86336bc5a51e8719',NULL,NULL),
('2b3eb61307d24c50a6b3aaa75db3810e',NULL,NULL),
('481574ebc98b4cdf9a07e3f20c1ab78d',NULL,NULL),
('55b73e54fd054de4847960bdac350c6d',NULL,NULL),
('604b2461f7c545e28dbb21fb15def5c7','相关链接',NULL),
('7e7a1d5b8d644333a7b3341509fc960f',NULL,NULL),
('7f77f09c3fcd4d498a4aa3b1c9508d7d',NULL,NULL),
('80f365c7991a49a0b04aa11006018814','管理',NULL),
('88ab49212dee47bba878a52bec86f501','管理',NULL),
('b568ff7f4a894870adaf9afadf787bf9',NULL,NULL),
('e0783dbbcc564322a1f2e3ca2833dbd4','相关链接',NULL),
('ed837392097f4e60b812bc57111dd762',NULL,NULL),
('f41174cfa4d247f4974c47f4d2b000fd',NULL,NULL),
('f6f11ba2fec844de883acf0a1fe3eb89',NULL,NULL);
/*!40000 ALTER TABLE `SectionWidget` ENABLE KEYS */;

DROP TABLE IF EXISTS `StyleSheetWidget`;
CREATE TABLE `StyleSheetWidget` (
	`ID` VARCHAR(100) CHARACTER SET utf8mb4  NOT NULL,
	`StyleSheet` LONGTEXT CHARACTER SET utf8mb4  NULL,
	PRIMARY KEY (`ID`),
	KEY `FK_StyleSheetWidget_CMS_WidgetBase` (`ID`),
	CONSTRAINT `FK_StyleSheetWidget_CMS_WidgetBase` FOREIGN KEY (`ID`) REFERENCES `CMS_WidgetBase` (`ID`) ON DELETE NO ACTION ON UPDATE NO ACTION
);


DROP TABLE IF EXISTS `UserRoleRelation`;
CREATE TABLE `UserRoleRelation` (
	`ID` INT AUTO_INCREMENT  NOT NULL,
	`RoleID` INT  NULL,
	`UserID` VARCHAR(50) CHARACTER SET utf8mb4  NULL,
	PRIMARY KEY (`ID`),
	KEY `FK_UserRoleRelation_Roles` (`RoleID`),
	CONSTRAINT `FK_UserRoleRelation_Roles` FOREIGN KEY (`RoleID`) REFERENCES `Roles` (`ID`) ON DELETE NO ACTION ON UPDATE NO ACTION,
	KEY `FK_UserRoleRelation_Users` (`UserID`),
	CONSTRAINT `FK_UserRoleRelation_Users` FOREIGN KEY (`UserID`) REFERENCES `Users` (`UserID`) ON DELETE NO ACTION ON UPDATE NO ACTION
);

/*!40000 ALTER TABLE `UserRoleRelation` DISABLE KEYS */;
INSERT INTO `UserRoleRelation` VALUES
(5,1,'admin');
/*!40000 ALTER TABLE `UserRoleRelation` ENABLE KEYS */;

DROP TABLE IF EXISTS `Users`;
CREATE TABLE `Users` (
	`UserID` VARCHAR(50) CHARACTER SET utf8mb4  NOT NULL,
	`PassWord` VARCHAR(255) CHARACTER SET utf8mb4  NULL,
	`ApiLoginToken` VARCHAR(255) CHARACTER SET utf8mb4  NULL,
	`LastLoginDate` DATETIME  NULL,
	`LoginIP` VARCHAR(50) CHARACTER SET utf8mb4  NULL,
	`PhotoUrl` VARCHAR(255) CHARACTER SET utf8mb4  NULL,
	`Timestamp` BIGINT  NULL,
	`UserName` VARCHAR(100) CHARACTER SET utf8mb4  NULL,
	`UserTypeCD` INT  NULL,
	`Address` VARCHAR(255) CHARACTER SET utf8mb4  NULL,
	`Age` INT  NULL,
	`Birthday` DATETIME  NULL,
	`Birthplace` VARCHAR(255) CHARACTER SET utf8mb4  NULL,
	`Email` VARCHAR(100) CHARACTER SET utf8mb4  NULL,
	`EnglishName` VARCHAR(50) CHARACTER SET utf8mb4  NULL,
	`FirstName` VARCHAR(50) CHARACTER SET utf8mb4  NULL,
	`Hobby` VARCHAR(100) CHARACTER SET utf8mb4  NULL,
	`LastName` VARCHAR(50) CHARACTER SET utf8mb4  NULL,
	`MaritalStatus` INT  NULL,
	`MobilePhone` VARCHAR(50) CHARACTER SET utf8mb4  NULL,
	`NickName` VARCHAR(50) CHARACTER SET utf8mb4  NULL,
	`Profession` VARCHAR(50) CHARACTER SET utf8mb4  NULL,
	`QQ` VARCHAR(50) CHARACTER SET utf8mb4  NULL,
	`School` VARCHAR(50) CHARACTER SET utf8mb4  NULL,
	`Sex` INT  NULL,
	`Telephone` VARCHAR(50) CHARACTER SET utf8mb4  NULL,
	`ZipCode` VARCHAR(50) CHARACTER SET utf8mb4  NULL,
	`CreateBy` VARCHAR(50) CHARACTER SET utf8mb4  NULL,
	`CreatebyName` VARCHAR(100) CHARACTER SET utf8mb4  NULL,
	`CreateDate` DATETIME  NULL,
	`LastUpdateBy` VARCHAR(50) CHARACTER SET utf8mb4  NULL,
	`LastUpdateByName` VARCHAR(100) CHARACTER SET utf8mb4  NULL,
	`LastUpdateDate` DATETIME  NULL,
	`Status` INT  NULL,
	`Description` VARCHAR(500) CHARACTER SET utf8mb4  NULL,
	`ResetToken` VARCHAR(50) CHARACTER SET utf8mb4  NULL,
	`ResetTokenDate` DATETIME  NULL,
	PRIMARY KEY (`UserID`)
);

/*!40000 ALTER TABLE `Users` DISABLE KEYS */;
INSERT INTO `Users` VALUES
('admin','8c6976e5b5410415bde908bd4dee15dfb167a9c873fc4bb8a81f6f2ab448a918',NULL,'2019-07-31 12:09:31.137','::1','~/images/head.png',0,'ZKEASOFT',1,NULL,0,NULL,NULL,NULL,NULL,NULL,NULL,NULL,1,NULL,'Admin',NULL,NULL,NULL,1,NULL,NULL,NULL,NULL,NULL,'admin','Admin','2019-07-31 12:09:31.150',1,NULL,NULL,NULL);
/*!40000 ALTER TABLE `Users` ENABLE KEYS */;

DROP TABLE IF EXISTS `VideoWidget`;
CREATE TABLE `VideoWidget` (
	`ID` VARCHAR(100) CHARACTER SET utf8mb4  NOT NULL,
	`Width` INT  NULL,
	`Height` INT  NULL,
	`Url` VARCHAR(255) CHARACTER SET utf8mb4  NULL,
	`Code` VARCHAR(500) CHARACTER SET utf8mb4  NULL,
	PRIMARY KEY (`ID`),
	KEY `FK_VideoWidget_CMS_WidgetBase` (`ID`),
	CONSTRAINT `FK_VideoWidget_CMS_WidgetBase` FOREIGN KEY (`ID`) REFERENCES `CMS_WidgetBase` (`ID`) ON DELETE NO ACTION ON UPDATE NO ACTION
);


SET FOREIGN_KEY_CHECKS=1;
